--
-- PostgreSQL database dump
--

SET statement_timeout = 0;
SET client_encoding = 'UTF8';
SET standard_conforming_strings = on;
SET check_function_bodies = false;
SET client_min_messages = warning;

--
-- Name: infantiumdb; Type: DATABASE; Schema: -; Owner: infantiumdba
--

CREATE DATABASE infantiumdb WITH TEMPLATE = template0 ENCODING = 'UTF8' LC_COLLATE = 'en_US.UTF-8' LC_CTYPE = 'en_US.UTF-8';


ALTER DATABASE infantiumdb OWNER TO infantiumdba;

\connect infantiumdb

SET statement_timeout = 0;
SET client_encoding = 'UTF8';
SET standard_conforming_strings = on;
SET check_function_bodies = false;
SET client_min_messages = warning;

--
-- Name: plpgsql; Type: EXTENSION; Schema: -; Owner: 
--

CREATE EXTENSION IF NOT EXISTS plpgsql WITH SCHEMA pg_catalog;


--
-- Name: EXTENSION plpgsql; Type: COMMENT; Schema: -; Owner: 
--

COMMENT ON EXTENSION plpgsql IS 'PL/pgSQL procedural language';


SET search_path = public, pg_catalog;

SET default_tablespace = '';

SET default_with_oids = false;

--
-- Name: auth_group; Type: TABLE; Schema: public; Owner: infantiumdba; Tablespace: 
--

CREATE TABLE auth_group (
    id integer NOT NULL,
    name character varying(80) NOT NULL
);


ALTER TABLE public.auth_group OWNER TO infantiumdba;

--
-- Name: auth_group_id_seq; Type: SEQUENCE; Schema: public; Owner: infantiumdba
--

CREATE SEQUENCE auth_group_id_seq
    START WITH 1
    INCREMENT BY 1
    NO MINVALUE
    NO MAXVALUE
    CACHE 1;


ALTER TABLE public.auth_group_id_seq OWNER TO infantiumdba;

--
-- Name: auth_group_id_seq; Type: SEQUENCE OWNED BY; Schema: public; Owner: infantiumdba
--

ALTER SEQUENCE auth_group_id_seq OWNED BY auth_group.id;


--
-- Name: auth_group_id_seq; Type: SEQUENCE SET; Schema: public; Owner: infantiumdba
--

SELECT pg_catalog.setval('auth_group_id_seq', 1, false);


--
-- Name: auth_group_permissions; Type: TABLE; Schema: public; Owner: infantiumdba; Tablespace: 
--

CREATE TABLE auth_group_permissions (
    id integer NOT NULL,
    group_id integer NOT NULL,
    permission_id integer NOT NULL
);


ALTER TABLE public.auth_group_permissions OWNER TO infantiumdba;

--
-- Name: auth_group_permissions_id_seq; Type: SEQUENCE; Schema: public; Owner: infantiumdba
--

CREATE SEQUENCE auth_group_permissions_id_seq
    START WITH 1
    INCREMENT BY 1
    NO MINVALUE
    NO MAXVALUE
    CACHE 1;


ALTER TABLE public.auth_group_permissions_id_seq OWNER TO infantiumdba;

--
-- Name: auth_group_permissions_id_seq; Type: SEQUENCE OWNED BY; Schema: public; Owner: infantiumdba
--

ALTER SEQUENCE auth_group_permissions_id_seq OWNED BY auth_group_permissions.id;


--
-- Name: auth_group_permissions_id_seq; Type: SEQUENCE SET; Schema: public; Owner: infantiumdba
--

SELECT pg_catalog.setval('auth_group_permissions_id_seq', 1, false);


--
-- Name: auth_permission; Type: TABLE; Schema: public; Owner: infantiumdba; Tablespace: 
--

CREATE TABLE auth_permission (
    id integer NOT NULL,
    name character varying(50) NOT NULL,
    content_type_id integer NOT NULL,
    codename character varying(100) NOT NULL
);


ALTER TABLE public.auth_permission OWNER TO infantiumdba;

--
-- Name: auth_permission_id_seq; Type: SEQUENCE; Schema: public; Owner: infantiumdba
--

CREATE SEQUENCE auth_permission_id_seq
    START WITH 1
    INCREMENT BY 1
    NO MINVALUE
    NO MAXVALUE
    CACHE 1;


ALTER TABLE public.auth_permission_id_seq OWNER TO infantiumdba;

--
-- Name: auth_permission_id_seq; Type: SEQUENCE OWNED BY; Schema: public; Owner: infantiumdba
--

ALTER SEQUENCE auth_permission_id_seq OWNED BY auth_permission.id;


--
-- Name: auth_permission_id_seq; Type: SEQUENCE SET; Schema: public; Owner: infantiumdba
--

SELECT pg_catalog.setval('auth_permission_id_seq', 216, true);


--
-- Name: auth_user; Type: TABLE; Schema: public; Owner: infantiumdba; Tablespace: 
--

CREATE TABLE auth_user (
    id integer NOT NULL,
    username character varying(30) NOT NULL,
    first_name character varying(30) NOT NULL,
    last_name character varying(30) NOT NULL,
    email character varying(75) NOT NULL,
    password character varying(128) NOT NULL,
    is_staff boolean NOT NULL,
    is_active boolean NOT NULL,
    is_superuser boolean NOT NULL,
    last_login timestamp with time zone NOT NULL,
    date_joined timestamp with time zone NOT NULL
);


ALTER TABLE public.auth_user OWNER TO infantiumdba;

--
-- Name: auth_user_groups; Type: TABLE; Schema: public; Owner: infantiumdba; Tablespace: 
--

CREATE TABLE auth_user_groups (
    id integer NOT NULL,
    user_id integer NOT NULL,
    group_id integer NOT NULL
);


ALTER TABLE public.auth_user_groups OWNER TO infantiumdba;

--
-- Name: auth_user_groups_id_seq; Type: SEQUENCE; Schema: public; Owner: infantiumdba
--

CREATE SEQUENCE auth_user_groups_id_seq
    START WITH 1
    INCREMENT BY 1
    NO MINVALUE
    NO MAXVALUE
    CACHE 1;


ALTER TABLE public.auth_user_groups_id_seq OWNER TO infantiumdba;

--
-- Name: auth_user_groups_id_seq; Type: SEQUENCE OWNED BY; Schema: public; Owner: infantiumdba
--

ALTER SEQUENCE auth_user_groups_id_seq OWNED BY auth_user_groups.id;


--
-- Name: auth_user_groups_id_seq; Type: SEQUENCE SET; Schema: public; Owner: infantiumdba
--

SELECT pg_catalog.setval('auth_user_groups_id_seq', 1, false);


--
-- Name: auth_user_id_seq; Type: SEQUENCE; Schema: public; Owner: infantiumdba
--

CREATE SEQUENCE auth_user_id_seq
    START WITH 1
    INCREMENT BY 1
    NO MINVALUE
    NO MAXVALUE
    CACHE 1;


ALTER TABLE public.auth_user_id_seq OWNER TO infantiumdba;

--
-- Name: auth_user_id_seq; Type: SEQUENCE OWNED BY; Schema: public; Owner: infantiumdba
--

ALTER SEQUENCE auth_user_id_seq OWNED BY auth_user.id;


--
-- Name: auth_user_id_seq; Type: SEQUENCE SET; Schema: public; Owner: infantiumdba
--

SELECT pg_catalog.setval('auth_user_id_seq', 3, true);


--
-- Name: auth_user_user_permissions; Type: TABLE; Schema: public; Owner: infantiumdba; Tablespace: 
--

CREATE TABLE auth_user_user_permissions (
    id integer NOT NULL,
    user_id integer NOT NULL,
    permission_id integer NOT NULL
);


ALTER TABLE public.auth_user_user_permissions OWNER TO infantiumdba;

--
-- Name: auth_user_user_permissions_id_seq; Type: SEQUENCE; Schema: public; Owner: infantiumdba
--

CREATE SEQUENCE auth_user_user_permissions_id_seq
    START WITH 1
    INCREMENT BY 1
    NO MINVALUE
    NO MAXVALUE
    CACHE 1;


ALTER TABLE public.auth_user_user_permissions_id_seq OWNER TO infantiumdba;

--
-- Name: auth_user_user_permissions_id_seq; Type: SEQUENCE OWNED BY; Schema: public; Owner: infantiumdba
--

ALTER SEQUENCE auth_user_user_permissions_id_seq OWNED BY auth_user_user_permissions.id;


--
-- Name: auth_user_user_permissions_id_seq; Type: SEQUENCE SET; Schema: public; Owner: infantiumdba
--

SELECT pg_catalog.setval('auth_user_user_permissions_id_seq', 1, false);


--
-- Name: cms_cmsplugin; Type: TABLE; Schema: public; Owner: infantiumdba; Tablespace: 
--

CREATE TABLE cms_cmsplugin (
    id integer NOT NULL,
    placeholder_id integer,
    parent_id integer,
    "position" smallint,
    language character varying(15) NOT NULL,
    plugin_type character varying(50) NOT NULL,
    creation_date timestamp with time zone NOT NULL,
    level integer NOT NULL,
    lft integer NOT NULL,
    rght integer NOT NULL,
    tree_id integer NOT NULL,
    CONSTRAINT cms_cmsplugin_level_check CHECK ((level >= 0)),
    CONSTRAINT cms_cmsplugin_lft_check CHECK ((lft >= 0)),
    CONSTRAINT cms_cmsplugin_position_check CHECK (("position" >= 0)),
    CONSTRAINT cms_cmsplugin_rght_check CHECK ((rght >= 0)),
    CONSTRAINT cms_cmsplugin_tree_id_check CHECK ((tree_id >= 0))
);


ALTER TABLE public.cms_cmsplugin OWNER TO infantiumdba;

--
-- Name: cms_cmsplugin_id_seq; Type: SEQUENCE; Schema: public; Owner: infantiumdba
--

CREATE SEQUENCE cms_cmsplugin_id_seq
    START WITH 1
    INCREMENT BY 1
    NO MINVALUE
    NO MAXVALUE
    CACHE 1;


ALTER TABLE public.cms_cmsplugin_id_seq OWNER TO infantiumdba;

--
-- Name: cms_cmsplugin_id_seq; Type: SEQUENCE OWNED BY; Schema: public; Owner: infantiumdba
--

ALTER SEQUENCE cms_cmsplugin_id_seq OWNED BY cms_cmsplugin.id;


--
-- Name: cms_cmsplugin_id_seq; Type: SEQUENCE SET; Schema: public; Owner: infantiumdba
--

SELECT pg_catalog.setval('cms_cmsplugin_id_seq', 22, true);


--
-- Name: cms_globalpagepermission; Type: TABLE; Schema: public; Owner: infantiumdba; Tablespace: 
--

CREATE TABLE cms_globalpagepermission (
    id integer NOT NULL,
    user_id integer,
    group_id integer,
    can_change boolean NOT NULL,
    can_add boolean NOT NULL,
    can_delete boolean NOT NULL,
    can_change_advanced_settings boolean NOT NULL,
    can_publish boolean NOT NULL,
    can_change_permissions boolean NOT NULL,
    can_move_page boolean NOT NULL,
    can_moderate boolean NOT NULL,
    can_view boolean NOT NULL,
    can_recover_page boolean NOT NULL
);


ALTER TABLE public.cms_globalpagepermission OWNER TO infantiumdba;

--
-- Name: cms_globalpagepermission_id_seq; Type: SEQUENCE; Schema: public; Owner: infantiumdba
--

CREATE SEQUENCE cms_globalpagepermission_id_seq
    START WITH 1
    INCREMENT BY 1
    NO MINVALUE
    NO MAXVALUE
    CACHE 1;


ALTER TABLE public.cms_globalpagepermission_id_seq OWNER TO infantiumdba;

--
-- Name: cms_globalpagepermission_id_seq; Type: SEQUENCE OWNED BY; Schema: public; Owner: infantiumdba
--

ALTER SEQUENCE cms_globalpagepermission_id_seq OWNED BY cms_globalpagepermission.id;


--
-- Name: cms_globalpagepermission_id_seq; Type: SEQUENCE SET; Schema: public; Owner: infantiumdba
--

SELECT pg_catalog.setval('cms_globalpagepermission_id_seq', 1, false);


--
-- Name: cms_globalpagepermission_sites; Type: TABLE; Schema: public; Owner: infantiumdba; Tablespace: 
--

CREATE TABLE cms_globalpagepermission_sites (
    id integer NOT NULL,
    globalpagepermission_id integer NOT NULL,
    site_id integer NOT NULL
);


ALTER TABLE public.cms_globalpagepermission_sites OWNER TO infantiumdba;

--
-- Name: cms_globalpagepermission_sites_id_seq; Type: SEQUENCE; Schema: public; Owner: infantiumdba
--

CREATE SEQUENCE cms_globalpagepermission_sites_id_seq
    START WITH 1
    INCREMENT BY 1
    NO MINVALUE
    NO MAXVALUE
    CACHE 1;


ALTER TABLE public.cms_globalpagepermission_sites_id_seq OWNER TO infantiumdba;

--
-- Name: cms_globalpagepermission_sites_id_seq; Type: SEQUENCE OWNED BY; Schema: public; Owner: infantiumdba
--

ALTER SEQUENCE cms_globalpagepermission_sites_id_seq OWNED BY cms_globalpagepermission_sites.id;


--
-- Name: cms_globalpagepermission_sites_id_seq; Type: SEQUENCE SET; Schema: public; Owner: infantiumdba
--

SELECT pg_catalog.setval('cms_globalpagepermission_sites_id_seq', 1, false);


--
-- Name: cms_page; Type: TABLE; Schema: public; Owner: infantiumdba; Tablespace: 
--

CREATE TABLE cms_page (
    id integer NOT NULL,
    created_by character varying(70) NOT NULL,
    changed_by character varying(70) NOT NULL,
    parent_id integer,
    creation_date timestamp with time zone NOT NULL,
    changed_date timestamp with time zone NOT NULL,
    publication_date timestamp with time zone,
    publication_end_date timestamp with time zone,
    in_navigation boolean NOT NULL,
    soft_root boolean NOT NULL,
    reverse_id character varying(40),
    navigation_extenders character varying(80),
    published boolean NOT NULL,
    template character varying(100) NOT NULL,
    site_id integer NOT NULL,
    moderator_state smallint NOT NULL,
    level integer NOT NULL,
    lft integer NOT NULL,
    rght integer NOT NULL,
    tree_id integer NOT NULL,
    login_required boolean NOT NULL,
    limit_visibility_in_menu smallint,
    publisher_is_draft boolean NOT NULL,
    publisher_public_id integer,
    publisher_state smallint NOT NULL,
    CONSTRAINT cms_page_level_check CHECK ((level >= 0)),
    CONSTRAINT cms_page_lft_check CHECK ((lft >= 0)),
    CONSTRAINT cms_page_rght_check CHECK ((rght >= 0)),
    CONSTRAINT cms_page_tree_id_check CHECK ((tree_id >= 0))
);


ALTER TABLE public.cms_page OWNER TO infantiumdba;

--
-- Name: cms_page_id_seq; Type: SEQUENCE; Schema: public; Owner: infantiumdba
--

CREATE SEQUENCE cms_page_id_seq
    START WITH 1
    INCREMENT BY 1
    NO MINVALUE
    NO MAXVALUE
    CACHE 1;


ALTER TABLE public.cms_page_id_seq OWNER TO infantiumdba;

--
-- Name: cms_page_id_seq; Type: SEQUENCE OWNED BY; Schema: public; Owner: infantiumdba
--

ALTER SEQUENCE cms_page_id_seq OWNED BY cms_page.id;


--
-- Name: cms_page_id_seq; Type: SEQUENCE SET; Schema: public; Owner: infantiumdba
--

SELECT pg_catalog.setval('cms_page_id_seq', 7, true);


--
-- Name: cms_page_placeholders; Type: TABLE; Schema: public; Owner: infantiumdba; Tablespace: 
--

CREATE TABLE cms_page_placeholders (
    id integer NOT NULL,
    page_id integer NOT NULL,
    placeholder_id integer NOT NULL
);


ALTER TABLE public.cms_page_placeholders OWNER TO infantiumdba;

--
-- Name: cms_page_placeholders_id_seq; Type: SEQUENCE; Schema: public; Owner: infantiumdba
--

CREATE SEQUENCE cms_page_placeholders_id_seq
    START WITH 1
    INCREMENT BY 1
    NO MINVALUE
    NO MAXVALUE
    CACHE 1;


ALTER TABLE public.cms_page_placeholders_id_seq OWNER TO infantiumdba;

--
-- Name: cms_page_placeholders_id_seq; Type: SEQUENCE OWNED BY; Schema: public; Owner: infantiumdba
--

ALTER SEQUENCE cms_page_placeholders_id_seq OWNED BY cms_page_placeholders.id;


--
-- Name: cms_page_placeholders_id_seq; Type: SEQUENCE SET; Schema: public; Owner: infantiumdba
--

SELECT pg_catalog.setval('cms_page_placeholders_id_seq', 19, true);


--
-- Name: cms_pagemoderator; Type: TABLE; Schema: public; Owner: infantiumdba; Tablespace: 
--

CREATE TABLE cms_pagemoderator (
    id integer NOT NULL,
    page_id integer NOT NULL,
    user_id integer NOT NULL,
    moderate_page boolean NOT NULL,
    moderate_children boolean NOT NULL,
    moderate_descendants boolean NOT NULL
);


ALTER TABLE public.cms_pagemoderator OWNER TO infantiumdba;

--
-- Name: cms_pagemoderator_id_seq; Type: SEQUENCE; Schema: public; Owner: infantiumdba
--

CREATE SEQUENCE cms_pagemoderator_id_seq
    START WITH 1
    INCREMENT BY 1
    NO MINVALUE
    NO MAXVALUE
    CACHE 1;


ALTER TABLE public.cms_pagemoderator_id_seq OWNER TO infantiumdba;

--
-- Name: cms_pagemoderator_id_seq; Type: SEQUENCE OWNED BY; Schema: public; Owner: infantiumdba
--

ALTER SEQUENCE cms_pagemoderator_id_seq OWNED BY cms_pagemoderator.id;


--
-- Name: cms_pagemoderator_id_seq; Type: SEQUENCE SET; Schema: public; Owner: infantiumdba
--

SELECT pg_catalog.setval('cms_pagemoderator_id_seq', 1, false);


--
-- Name: cms_pagemoderatorstate; Type: TABLE; Schema: public; Owner: infantiumdba; Tablespace: 
--

CREATE TABLE cms_pagemoderatorstate (
    id integer NOT NULL,
    page_id integer NOT NULL,
    user_id integer,
    created timestamp with time zone NOT NULL,
    action character varying(3),
    message text NOT NULL
);


ALTER TABLE public.cms_pagemoderatorstate OWNER TO infantiumdba;

--
-- Name: cms_pagemoderatorstate_id_seq; Type: SEQUENCE; Schema: public; Owner: infantiumdba
--

CREATE SEQUENCE cms_pagemoderatorstate_id_seq
    START WITH 1
    INCREMENT BY 1
    NO MINVALUE
    NO MAXVALUE
    CACHE 1;


ALTER TABLE public.cms_pagemoderatorstate_id_seq OWNER TO infantiumdba;

--
-- Name: cms_pagemoderatorstate_id_seq; Type: SEQUENCE OWNED BY; Schema: public; Owner: infantiumdba
--

ALTER SEQUENCE cms_pagemoderatorstate_id_seq OWNED BY cms_pagemoderatorstate.id;


--
-- Name: cms_pagemoderatorstate_id_seq; Type: SEQUENCE SET; Schema: public; Owner: infantiumdba
--

SELECT pg_catalog.setval('cms_pagemoderatorstate_id_seq', 1, false);


--
-- Name: cms_pagepermission; Type: TABLE; Schema: public; Owner: infantiumdba; Tablespace: 
--

CREATE TABLE cms_pagepermission (
    id integer NOT NULL,
    user_id integer,
    group_id integer,
    can_change boolean NOT NULL,
    can_add boolean NOT NULL,
    can_delete boolean NOT NULL,
    can_change_advanced_settings boolean NOT NULL,
    can_publish boolean NOT NULL,
    can_change_permissions boolean NOT NULL,
    can_move_page boolean NOT NULL,
    can_moderate boolean NOT NULL,
    can_view boolean NOT NULL,
    grant_on integer NOT NULL,
    page_id integer
);


ALTER TABLE public.cms_pagepermission OWNER TO infantiumdba;

--
-- Name: cms_pagepermission_id_seq; Type: SEQUENCE; Schema: public; Owner: infantiumdba
--

CREATE SEQUENCE cms_pagepermission_id_seq
    START WITH 1
    INCREMENT BY 1
    NO MINVALUE
    NO MAXVALUE
    CACHE 1;


ALTER TABLE public.cms_pagepermission_id_seq OWNER TO infantiumdba;

--
-- Name: cms_pagepermission_id_seq; Type: SEQUENCE OWNED BY; Schema: public; Owner: infantiumdba
--

ALTER SEQUENCE cms_pagepermission_id_seq OWNED BY cms_pagepermission.id;


--
-- Name: cms_pagepermission_id_seq; Type: SEQUENCE SET; Schema: public; Owner: infantiumdba
--

SELECT pg_catalog.setval('cms_pagepermission_id_seq', 1, false);


--
-- Name: cms_pageuser; Type: TABLE; Schema: public; Owner: infantiumdba; Tablespace: 
--

CREATE TABLE cms_pageuser (
    user_ptr_id integer NOT NULL,
    created_by_id integer NOT NULL
);


ALTER TABLE public.cms_pageuser OWNER TO infantiumdba;

--
-- Name: cms_pageusergroup; Type: TABLE; Schema: public; Owner: infantiumdba; Tablespace: 
--

CREATE TABLE cms_pageusergroup (
    group_ptr_id integer NOT NULL,
    created_by_id integer NOT NULL
);


ALTER TABLE public.cms_pageusergroup OWNER TO infantiumdba;

--
-- Name: cms_placeholder; Type: TABLE; Schema: public; Owner: infantiumdba; Tablespace: 
--

CREATE TABLE cms_placeholder (
    id integer NOT NULL,
    slot character varying(50) NOT NULL,
    default_width smallint,
    CONSTRAINT cms_placeholder_default_width_check CHECK ((default_width >= 0))
);


ALTER TABLE public.cms_placeholder OWNER TO infantiumdba;

--
-- Name: cms_placeholder_id_seq; Type: SEQUENCE; Schema: public; Owner: infantiumdba
--

CREATE SEQUENCE cms_placeholder_id_seq
    START WITH 1
    INCREMENT BY 1
    NO MINVALUE
    NO MAXVALUE
    CACHE 1;


ALTER TABLE public.cms_placeholder_id_seq OWNER TO infantiumdba;

--
-- Name: cms_placeholder_id_seq; Type: SEQUENCE OWNED BY; Schema: public; Owner: infantiumdba
--

ALTER SEQUENCE cms_placeholder_id_seq OWNED BY cms_placeholder.id;


--
-- Name: cms_placeholder_id_seq; Type: SEQUENCE SET; Schema: public; Owner: infantiumdba
--

SELECT pg_catalog.setval('cms_placeholder_id_seq', 20, true);


--
-- Name: cms_title; Type: TABLE; Schema: public; Owner: infantiumdba; Tablespace: 
--

CREATE TABLE cms_title (
    id integer NOT NULL,
    language character varying(15) NOT NULL,
    title character varying(255) NOT NULL,
    menu_title character varying(255),
    slug character varying(255) NOT NULL,
    path character varying(255) NOT NULL,
    has_url_overwrite boolean NOT NULL,
    application_urls character varying(200),
    redirect character varying(255),
    meta_description text,
    meta_keywords character varying(255),
    page_title character varying(255),
    page_id integer NOT NULL,
    creation_date timestamp with time zone NOT NULL
);


ALTER TABLE public.cms_title OWNER TO infantiumdba;

--
-- Name: cms_title_id_seq; Type: SEQUENCE; Schema: public; Owner: infantiumdba
--

CREATE SEQUENCE cms_title_id_seq
    START WITH 1
    INCREMENT BY 1
    NO MINVALUE
    NO MAXVALUE
    CACHE 1;


ALTER TABLE public.cms_title_id_seq OWNER TO infantiumdba;

--
-- Name: cms_title_id_seq; Type: SEQUENCE OWNED BY; Schema: public; Owner: infantiumdba
--

ALTER SEQUENCE cms_title_id_seq OWNED BY cms_title.id;


--
-- Name: cms_title_id_seq; Type: SEQUENCE SET; Schema: public; Owner: infantiumdba
--

SELECT pg_catalog.setval('cms_title_id_seq', 12, true);


--
-- Name: cmsplugin_file; Type: TABLE; Schema: public; Owner: infantiumdba; Tablespace: 
--

CREATE TABLE cmsplugin_file (
    cmsplugin_ptr_id integer NOT NULL,
    file character varying(100) NOT NULL,
    title character varying(255)
);


ALTER TABLE public.cmsplugin_file OWNER TO infantiumdba;

--
-- Name: cmsplugin_link; Type: TABLE; Schema: public; Owner: infantiumdba; Tablespace: 
--

CREATE TABLE cmsplugin_link (
    cmsplugin_ptr_id integer NOT NULL,
    name character varying(256) NOT NULL,
    url character varying(200),
    page_link_id integer,
    mailto character varying(75)
);


ALTER TABLE public.cmsplugin_link OWNER TO infantiumdba;

--
-- Name: cmsplugin_picture; Type: TABLE; Schema: public; Owner: infantiumdba; Tablespace: 
--

CREATE TABLE cmsplugin_picture (
    cmsplugin_ptr_id integer NOT NULL,
    image character varying(100) NOT NULL,
    url character varying(255),
    page_link_id integer,
    alt character varying(255),
    longdesc character varying(255),
    "float" character varying(10)
);


ALTER TABLE public.cmsplugin_picture OWNER TO infantiumdba;

--
-- Name: cmsplugin_text; Type: TABLE; Schema: public; Owner: infantiumdba; Tablespace: 
--

CREATE TABLE cmsplugin_text (
    cmsplugin_ptr_id integer NOT NULL,
    body text NOT NULL
);


ALTER TABLE public.cmsplugin_text OWNER TO infantiumdba;

--
-- Name: cmsplugin_twitterrecententries; Type: TABLE; Schema: public; Owner: infantiumdba; Tablespace: 
--

CREATE TABLE cmsplugin_twitterrecententries (
    cmsplugin_ptr_id integer NOT NULL,
    title character varying(75) NOT NULL,
    twitter_user character varying(75) NOT NULL,
    count smallint NOT NULL,
    link_hint character varying(75) NOT NULL,
    CONSTRAINT cmsplugin_twitterrecententries_count_check CHECK ((count >= 0))
);


ALTER TABLE public.cmsplugin_twitterrecententries OWNER TO infantiumdba;

--
-- Name: cmsplugin_twittersearch; Type: TABLE; Schema: public; Owner: infantiumdba; Tablespace: 
--

CREATE TABLE cmsplugin_twittersearch (
    cmsplugin_ptr_id integer NOT NULL,
    title character varying(75) NOT NULL,
    query character varying(200) NOT NULL,
    count smallint NOT NULL,
    CONSTRAINT cmsplugin_twittersearch_count_check CHECK ((count >= 0))
);


ALTER TABLE public.cmsplugin_twittersearch OWNER TO infantiumdba;

--
-- Name: cmsplugin_video; Type: TABLE; Schema: public; Owner: infantiumdba; Tablespace: 
--

CREATE TABLE cmsplugin_video (
    cmsplugin_ptr_id integer NOT NULL,
    movie character varying(100),
    movie_url character varying(255),
    image character varying(100),
    width smallint NOT NULL,
    height smallint NOT NULL,
    auto_play boolean NOT NULL,
    auto_hide boolean NOT NULL,
    fullscreen boolean NOT NULL,
    loop boolean NOT NULL,
    bgcolor character varying(6) NOT NULL,
    textcolor character varying(6) NOT NULL,
    seekbarcolor character varying(6) NOT NULL,
    seekbarbgcolor character varying(6) NOT NULL,
    loadingbarcolor character varying(6) NOT NULL,
    buttonoutcolor character varying(6) NOT NULL,
    buttonovercolor character varying(6) NOT NULL,
    buttonhighlightcolor character varying(6) NOT NULL,
    CONSTRAINT cmsplugin_video_height_check CHECK ((height >= 0)),
    CONSTRAINT cmsplugin_video_width_check CHECK ((width >= 0))
);


ALTER TABLE public.cmsplugin_video OWNER TO infantiumdba;

--
-- Name: db_chart; Type: TABLE; Schema: public; Owner: infantiumdba; Tablespace: 
--

CREATE TABLE db_chart (
    id integer NOT NULL,
    meta text,
    deleted boolean NOT NULL,
    "dtCreationDateTime" timestamp with time zone NOT NULL,
    "dtModificationDateTime" timestamp with time zone NOT NULL,
    title character varying(200) NOT NULL,
    summary text NOT NULL,
    type character varying(20) NOT NULL,
    player_id integer NOT NULL
);


ALTER TABLE public.db_chart OWNER TO infantiumdba;

--
-- Name: db_chart_id_seq; Type: SEQUENCE; Schema: public; Owner: infantiumdba
--

CREATE SEQUENCE db_chart_id_seq
    START WITH 1
    INCREMENT BY 1
    NO MINVALUE
    NO MAXVALUE
    CACHE 1;


ALTER TABLE public.db_chart_id_seq OWNER TO infantiumdba;

--
-- Name: db_chart_id_seq; Type: SEQUENCE OWNED BY; Schema: public; Owner: infantiumdba
--

ALTER SEQUENCE db_chart_id_seq OWNED BY db_chart.id;


--
-- Name: db_chart_id_seq; Type: SEQUENCE SET; Schema: public; Owner: infantiumdba
--

SELECT pg_catalog.setval('db_chart_id_seq', 1, false);


--
-- Name: db_chart_indicators; Type: TABLE; Schema: public; Owner: infantiumdba; Tablespace: 
--

CREATE TABLE db_chart_indicators (
    id integer NOT NULL,
    chart_id integer NOT NULL,
    indicator_id integer NOT NULL
);


ALTER TABLE public.db_chart_indicators OWNER TO infantiumdba;

--
-- Name: db_chart_indicators_id_seq; Type: SEQUENCE; Schema: public; Owner: infantiumdba
--

CREATE SEQUENCE db_chart_indicators_id_seq
    START WITH 1
    INCREMENT BY 1
    NO MINVALUE
    NO MAXVALUE
    CACHE 1;


ALTER TABLE public.db_chart_indicators_id_seq OWNER TO infantiumdba;

--
-- Name: db_chart_indicators_id_seq; Type: SEQUENCE OWNED BY; Schema: public; Owner: infantiumdba
--

ALTER SEQUENCE db_chart_indicators_id_seq OWNED BY db_chart_indicators.id;


--
-- Name: db_chart_indicators_id_seq; Type: SEQUENCE SET; Schema: public; Owner: infantiumdba
--

SELECT pg_catalog.setval('db_chart_indicators_id_seq', 1, false);


--
-- Name: db_cognitivearea; Type: TABLE; Schema: public; Owner: infantiumdba; Tablespace: 
--

CREATE TABLE db_cognitivearea (
    id integer NOT NULL,
    meta text,
    deleted boolean NOT NULL,
    "dtCreationDateTime" timestamp with time zone NOT NULL,
    "dtModificationDateTime" timestamp with time zone NOT NULL,
    name character varying(200) NOT NULL,
    active boolean NOT NULL
);


ALTER TABLE public.db_cognitivearea OWNER TO infantiumdba;

--
-- Name: db_cognitivearea_id_seq; Type: SEQUENCE; Schema: public; Owner: infantiumdba
--

CREATE SEQUENCE db_cognitivearea_id_seq
    START WITH 1
    INCREMENT BY 1
    NO MINVALUE
    NO MAXVALUE
    CACHE 1;


ALTER TABLE public.db_cognitivearea_id_seq OWNER TO infantiumdba;

--
-- Name: db_cognitivearea_id_seq; Type: SEQUENCE OWNED BY; Schema: public; Owner: infantiumdba
--

ALTER SEQUENCE db_cognitivearea_id_seq OWNED BY db_cognitivearea.id;


--
-- Name: db_cognitivearea_id_seq; Type: SEQUENCE SET; Schema: public; Owner: infantiumdba
--

SELECT pg_catalog.setval('db_cognitivearea_id_seq', 1, false);


--
-- Name: db_cognitivearea_multiple_intelligences; Type: TABLE; Schema: public; Owner: infantiumdba; Tablespace: 
--

CREATE TABLE db_cognitivearea_multiple_intelligences (
    id integer NOT NULL,
    cognitivearea_id integer NOT NULL,
    multipleintelligence_id integer NOT NULL
);


ALTER TABLE public.db_cognitivearea_multiple_intelligences OWNER TO infantiumdba;

--
-- Name: db_cognitivearea_multiple_intelligences_id_seq; Type: SEQUENCE; Schema: public; Owner: infantiumdba
--

CREATE SEQUENCE db_cognitivearea_multiple_intelligences_id_seq
    START WITH 1
    INCREMENT BY 1
    NO MINVALUE
    NO MAXVALUE
    CACHE 1;


ALTER TABLE public.db_cognitivearea_multiple_intelligences_id_seq OWNER TO infantiumdba;

--
-- Name: db_cognitivearea_multiple_intelligences_id_seq; Type: SEQUENCE OWNED BY; Schema: public; Owner: infantiumdba
--

ALTER SEQUENCE db_cognitivearea_multiple_intelligences_id_seq OWNED BY db_cognitivearea_multiple_intelligences.id;


--
-- Name: db_cognitivearea_multiple_intelligences_id_seq; Type: SEQUENCE SET; Schema: public; Owner: infantiumdba
--

SELECT pg_catalog.setval('db_cognitivearea_multiple_intelligences_id_seq', 1, false);


--
-- Name: db_game; Type: TABLE; Schema: public; Owner: infantiumdba; Tablespace: 
--

CREATE TABLE db_game (
    id integer NOT NULL,
    meta text,
    deleted boolean NOT NULL,
    "dtCreationDateTime" timestamp with time zone NOT NULL,
    "dtModificationDateTime" timestamp with time zone NOT NULL,
    name character varying(200) NOT NULL,
    min_age_months smallint NOT NULL,
    max_age_months smallint NOT NULL,
    short_desc character varying(2000),
    long_desc text
);


ALTER TABLE public.db_game OWNER TO infantiumdba;

--
-- Name: db_game_id_seq; Type: SEQUENCE; Schema: public; Owner: infantiumdba
--

CREATE SEQUENCE db_game_id_seq
    START WITH 1
    INCREMENT BY 1
    NO MINVALUE
    NO MAXVALUE
    CACHE 1;


ALTER TABLE public.db_game_id_seq OWNER TO infantiumdba;

--
-- Name: db_game_id_seq; Type: SEQUENCE OWNED BY; Schema: public; Owner: infantiumdba
--

ALTER SEQUENCE db_game_id_seq OWNED BY db_game.id;


--
-- Name: db_game_id_seq; Type: SEQUENCE SET; Schema: public; Owner: infantiumdba
--

SELECT pg_catalog.setval('db_game_id_seq', 1, true);


--
-- Name: db_gameplay; Type: TABLE; Schema: public; Owner: infantiumdba; Tablespace: 
--

CREATE TABLE db_gameplay (
    id integer NOT NULL,
    meta text,
    deleted boolean NOT NULL,
    "dtCreationDateTime" timestamp with time zone NOT NULL,
    "dtModificationDateTime" timestamp with time zone NOT NULL,
    is_playing boolean NOT NULL,
    start_play timestamp with time zone NOT NULL,
    end_play timestamp with time zone,
    player_id integer NOT NULL,
    game_id integer NOT NULL
);


ALTER TABLE public.db_gameplay OWNER TO infantiumdba;

--
-- Name: db_gameplay_id_seq; Type: SEQUENCE; Schema: public; Owner: infantiumdba
--

CREATE SEQUENCE db_gameplay_id_seq
    START WITH 1
    INCREMENT BY 1
    NO MINVALUE
    NO MAXVALUE
    CACHE 1;


ALTER TABLE public.db_gameplay_id_seq OWNER TO infantiumdba;

--
-- Name: db_gameplay_id_seq; Type: SEQUENCE OWNED BY; Schema: public; Owner: infantiumdba
--

ALTER SEQUENCE db_gameplay_id_seq OWNED BY db_gameplay.id;


--
-- Name: db_gameplay_id_seq; Type: SEQUENCE SET; Schema: public; Owner: infantiumdba
--

SELECT pg_catalog.setval('db_gameplay_id_seq', 1, false);


--
-- Name: db_gameroute; Type: TABLE; Schema: public; Owner: infantiumdba; Tablespace: 
--

CREATE TABLE db_gameroute (
    id integer NOT NULL,
    meta text,
    deleted boolean NOT NULL,
    "dtCreationDateTime" timestamp with time zone NOT NULL,
    "dtModificationDateTime" timestamp with time zone NOT NULL,
    elapsed_time integer NOT NULL,
    "order" integer NOT NULL,
    game_play_id integer NOT NULL
);


ALTER TABLE public.db_gameroute OWNER TO infantiumdba;

--
-- Name: db_gameroute_id_seq; Type: SEQUENCE; Schema: public; Owner: infantiumdba
--

CREATE SEQUENCE db_gameroute_id_seq
    START WITH 1
    INCREMENT BY 1
    NO MINVALUE
    NO MAXVALUE
    CACHE 1;


ALTER TABLE public.db_gameroute_id_seq OWNER TO infantiumdba;

--
-- Name: db_gameroute_id_seq; Type: SEQUENCE OWNED BY; Schema: public; Owner: infantiumdba
--

ALTER SEQUENCE db_gameroute_id_seq OWNED BY db_gameroute.id;


--
-- Name: db_gameroute_id_seq; Type: SEQUENCE SET; Schema: public; Owner: infantiumdba
--

SELECT pg_catalog.setval('db_gameroute_id_seq', 1, false);


--
-- Name: db_indicator; Type: TABLE; Schema: public; Owner: infantiumdba; Tablespace: 
--

CREATE TABLE db_indicator (
    id integer NOT NULL,
    meta text,
    deleted boolean NOT NULL,
    "dtCreationDateTime" timestamp with time zone NOT NULL,
    "dtModificationDateTime" timestamp with time zone NOT NULL,
    name character varying(50) NOT NULL,
    value double precision NOT NULL
);


ALTER TABLE public.db_indicator OWNER TO infantiumdba;

--
-- Name: db_indicator_cognitive_areas; Type: TABLE; Schema: public; Owner: infantiumdba; Tablespace: 
--

CREATE TABLE db_indicator_cognitive_areas (
    id integer NOT NULL,
    indicator_id integer NOT NULL,
    cognitivearea_id integer NOT NULL
);


ALTER TABLE public.db_indicator_cognitive_areas OWNER TO infantiumdba;

--
-- Name: db_indicator_cognitive_areas_id_seq; Type: SEQUENCE; Schema: public; Owner: infantiumdba
--

CREATE SEQUENCE db_indicator_cognitive_areas_id_seq
    START WITH 1
    INCREMENT BY 1
    NO MINVALUE
    NO MAXVALUE
    CACHE 1;


ALTER TABLE public.db_indicator_cognitive_areas_id_seq OWNER TO infantiumdba;

--
-- Name: db_indicator_cognitive_areas_id_seq; Type: SEQUENCE OWNED BY; Schema: public; Owner: infantiumdba
--

ALTER SEQUENCE db_indicator_cognitive_areas_id_seq OWNED BY db_indicator_cognitive_areas.id;


--
-- Name: db_indicator_cognitive_areas_id_seq; Type: SEQUENCE SET; Schema: public; Owner: infantiumdba
--

SELECT pg_catalog.setval('db_indicator_cognitive_areas_id_seq', 1, false);


--
-- Name: db_indicator_id_seq; Type: SEQUENCE; Schema: public; Owner: infantiumdba
--

CREATE SEQUENCE db_indicator_id_seq
    START WITH 1
    INCREMENT BY 1
    NO MINVALUE
    NO MAXVALUE
    CACHE 1;


ALTER TABLE public.db_indicator_id_seq OWNER TO infantiumdba;

--
-- Name: db_indicator_id_seq; Type: SEQUENCE OWNED BY; Schema: public; Owner: infantiumdba
--

ALTER SEQUENCE db_indicator_id_seq OWNED BY db_indicator.id;


--
-- Name: db_indicator_id_seq; Type: SEQUENCE SET; Schema: public; Owner: infantiumdba
--

SELECT pg_catalog.setval('db_indicator_id_seq', 1, false);


--
-- Name: db_level; Type: TABLE; Schema: public; Owner: infantiumdba; Tablespace: 
--

CREATE TABLE db_level (
    id integer NOT NULL,
    meta text,
    deleted boolean NOT NULL,
    "dtCreationDateTime" timestamp with time zone NOT NULL,
    "dtModificationDateTime" timestamp with time zone NOT NULL,
    name character varying(150) NOT NULL,
    number smallint NOT NULL
);


ALTER TABLE public.db_level OWNER TO infantiumdba;

--
-- Name: db_level_id_seq; Type: SEQUENCE; Schema: public; Owner: infantiumdba
--

CREATE SEQUENCE db_level_id_seq
    START WITH 1
    INCREMENT BY 1
    NO MINVALUE
    NO MAXVALUE
    CACHE 1;


ALTER TABLE public.db_level_id_seq OWNER TO infantiumdba;

--
-- Name: db_level_id_seq; Type: SEQUENCE OWNED BY; Schema: public; Owner: infantiumdba
--

ALTER SEQUENCE db_level_id_seq OWNED BY db_level.id;


--
-- Name: db_level_id_seq; Type: SEQUENCE SET; Schema: public; Owner: infantiumdba
--

SELECT pg_catalog.setval('db_level_id_seq', 1, false);


--
-- Name: db_multipleintelligence; Type: TABLE; Schema: public; Owner: infantiumdba; Tablespace: 
--

CREATE TABLE db_multipleintelligence (
    id integer NOT NULL,
    meta text,
    deleted boolean NOT NULL,
    "dtCreationDateTime" timestamp with time zone NOT NULL,
    "dtModificationDateTime" timestamp with time zone NOT NULL,
    name character varying(250) NOT NULL,
    "order" smallint NOT NULL,
    active boolean NOT NULL
);


ALTER TABLE public.db_multipleintelligence OWNER TO infantiumdba;

--
-- Name: db_multipleintelligence_id_seq; Type: SEQUENCE; Schema: public; Owner: infantiumdba
--

CREATE SEQUENCE db_multipleintelligence_id_seq
    START WITH 1
    INCREMENT BY 1
    NO MINVALUE
    NO MAXVALUE
    CACHE 1;


ALTER TABLE public.db_multipleintelligence_id_seq OWNER TO infantiumdba;

--
-- Name: db_multipleintelligence_id_seq; Type: SEQUENCE OWNED BY; Schema: public; Owner: infantiumdba
--

ALTER SEQUENCE db_multipleintelligence_id_seq OWNED BY db_multipleintelligence.id;


--
-- Name: db_multipleintelligence_id_seq; Type: SEQUENCE SET; Schema: public; Owner: infantiumdba
--

SELECT pg_catalog.setval('db_multipleintelligence_id_seq', 1, false);


--
-- Name: db_player; Type: TABLE; Schema: public; Owner: infantiumdba; Tablespace: 
--

CREATE TABLE db_player (
    id integer NOT NULL,
    meta text,
    deleted boolean NOT NULL,
    "dtCreationDateTime" timestamp with time zone NOT NULL,
    "dtModificationDateTime" timestamp with time zone NOT NULL,
    nickname character varying(25) NOT NULL,
    months smallint NOT NULL,
    user_profile_id integer NOT NULL
);


ALTER TABLE public.db_player OWNER TO infantiumdba;

--
-- Name: db_player_id_seq; Type: SEQUENCE; Schema: public; Owner: infantiumdba
--

CREATE SEQUENCE db_player_id_seq
    START WITH 1
    INCREMENT BY 1
    NO MINVALUE
    NO MAXVALUE
    CACHE 1;


ALTER TABLE public.db_player_id_seq OWNER TO infantiumdba;

--
-- Name: db_player_id_seq; Type: SEQUENCE OWNED BY; Schema: public; Owner: infantiumdba
--

ALTER SEQUENCE db_player_id_seq OWNED BY db_player.id;


--
-- Name: db_player_id_seq; Type: SEQUENCE SET; Schema: public; Owner: infantiumdba
--

SELECT pg_catalog.setval('db_player_id_seq', 1, true);


--
-- Name: db_route_node; Type: TABLE; Schema: public; Owner: infantiumdba; Tablespace: 
--

CREATE TABLE db_route_node (
    id integer NOT NULL,
    path character varying(1024) NOT NULL,
    depth integer NOT NULL,
    numchild integer NOT NULL,
    node_creation integer NOT NULL,
    meta text,
    scene_id integer NOT NULL,
    game_route_id integer NOT NULL,
    CONSTRAINT db_route_node_depth_check CHECK ((depth >= 0)),
    CONSTRAINT db_route_node_node_creation_check CHECK ((node_creation >= 0)),
    CONSTRAINT db_route_node_numchild_check CHECK ((numchild >= 0))
);


ALTER TABLE public.db_route_node OWNER TO infantiumdba;

--
-- Name: db_route_node_id_seq; Type: SEQUENCE; Schema: public; Owner: infantiumdba
--

CREATE SEQUENCE db_route_node_id_seq
    START WITH 1
    INCREMENT BY 1
    NO MINVALUE
    NO MAXVALUE
    CACHE 1;


ALTER TABLE public.db_route_node_id_seq OWNER TO infantiumdba;

--
-- Name: db_route_node_id_seq; Type: SEQUENCE OWNED BY; Schema: public; Owner: infantiumdba
--

ALTER SEQUENCE db_route_node_id_seq OWNED BY db_route_node.id;


--
-- Name: db_route_node_id_seq; Type: SEQUENCE SET; Schema: public; Owner: infantiumdba
--

SELECT pg_catalog.setval('db_route_node_id_seq', 1, false);


--
-- Name: db_scene; Type: TABLE; Schema: public; Owner: infantiumdba; Tablespace: 
--

CREATE TABLE db_scene (
    id integer NOT NULL,
    meta text,
    deleted boolean NOT NULL,
    "dtCreationDateTime" timestamp with time zone NOT NULL,
    "dtModificationDateTime" timestamp with time zone NOT NULL,
    name character varying(200) NOT NULL,
    level_id integer NOT NULL
);


ALTER TABLE public.db_scene OWNER TO infantiumdba;

--
-- Name: db_scene_id_seq; Type: SEQUENCE; Schema: public; Owner: infantiumdba
--

CREATE SEQUENCE db_scene_id_seq
    START WITH 1
    INCREMENT BY 1
    NO MINVALUE
    NO MAXVALUE
    CACHE 1;


ALTER TABLE public.db_scene_id_seq OWNER TO infantiumdba;

--
-- Name: db_scene_id_seq; Type: SEQUENCE OWNED BY; Schema: public; Owner: infantiumdba
--

ALTER SEQUENCE db_scene_id_seq OWNED BY db_scene.id;


--
-- Name: db_scene_id_seq; Type: SEQUENCE SET; Schema: public; Owner: infantiumdba
--

SELECT pg_catalog.setval('db_scene_id_seq', 1, false);


--
-- Name: db_score; Type: TABLE; Schema: public; Owner: infantiumdba; Tablespace: 
--

CREATE TABLE db_score (
    id integer NOT NULL,
    meta text,
    deleted boolean NOT NULL,
    "dtCreationDateTime" timestamp with time zone NOT NULL,
    "dtModificationDateTime" timestamp with time zone NOT NULL,
    results text,
    fields text,
    game_route_id integer NOT NULL,
    indicator_id integer NOT NULL
);


ALTER TABLE public.db_score OWNER TO infantiumdba;

--
-- Name: db_score_id_seq; Type: SEQUENCE; Schema: public; Owner: infantiumdba
--

CREATE SEQUENCE db_score_id_seq
    START WITH 1
    INCREMENT BY 1
    NO MINVALUE
    NO MAXVALUE
    CACHE 1;


ALTER TABLE public.db_score_id_seq OWNER TO infantiumdba;

--
-- Name: db_score_id_seq; Type: SEQUENCE OWNED BY; Schema: public; Owner: infantiumdba
--

ALTER SEQUENCE db_score_id_seq OWNED BY db_score.id;


--
-- Name: db_score_id_seq; Type: SEQUENCE SET; Schema: public; Owner: infantiumdba
--

SELECT pg_catalog.setval('db_score_id_seq', 1, false);


--
-- Name: db_userprofile; Type: TABLE; Schema: public; Owner: infantiumdba; Tablespace: 
--

CREATE TABLE db_userprofile (
    id integer NOT NULL,
    meta text,
    deleted boolean NOT NULL,
    "dtCreationDateTime" timestamp with time zone NOT NULL,
    "dtModificationDateTime" timestamp with time zone NOT NULL,
    user_id integer NOT NULL,
    sex character varying(1) NOT NULL,
    country_code character varying(4) NOT NULL,
    image character varying(200) NOT NULL
);


ALTER TABLE public.db_userprofile OWNER TO infantiumdba;

--
-- Name: db_userprofile_id_seq; Type: SEQUENCE; Schema: public; Owner: infantiumdba
--

CREATE SEQUENCE db_userprofile_id_seq
    START WITH 1
    INCREMENT BY 1
    NO MINVALUE
    NO MAXVALUE
    CACHE 1;


ALTER TABLE public.db_userprofile_id_seq OWNER TO infantiumdba;

--
-- Name: db_userprofile_id_seq; Type: SEQUENCE OWNED BY; Schema: public; Owner: infantiumdba
--

ALTER SEQUENCE db_userprofile_id_seq OWNED BY db_userprofile.id;


--
-- Name: db_userprofile_id_seq; Type: SEQUENCE SET; Schema: public; Owner: infantiumdba
--

SELECT pg_catalog.setval('db_userprofile_id_seq', 1, true);


--
-- Name: django_admin_log; Type: TABLE; Schema: public; Owner: infantiumdba; Tablespace: 
--

CREATE TABLE django_admin_log (
    id integer NOT NULL,
    action_time timestamp with time zone NOT NULL,
    user_id integer NOT NULL,
    content_type_id integer,
    object_id text,
    object_repr character varying(200) NOT NULL,
    action_flag smallint NOT NULL,
    change_message text NOT NULL,
    CONSTRAINT django_admin_log_action_flag_check CHECK ((action_flag >= 0))
);


ALTER TABLE public.django_admin_log OWNER TO infantiumdba;

--
-- Name: django_admin_log_id_seq; Type: SEQUENCE; Schema: public; Owner: infantiumdba
--

CREATE SEQUENCE django_admin_log_id_seq
    START WITH 1
    INCREMENT BY 1
    NO MINVALUE
    NO MAXVALUE
    CACHE 1;


ALTER TABLE public.django_admin_log_id_seq OWNER TO infantiumdba;

--
-- Name: django_admin_log_id_seq; Type: SEQUENCE OWNED BY; Schema: public; Owner: infantiumdba
--

ALTER SEQUENCE django_admin_log_id_seq OWNED BY django_admin_log.id;


--
-- Name: django_admin_log_id_seq; Type: SEQUENCE SET; Schema: public; Owner: infantiumdba
--

SELECT pg_catalog.setval('django_admin_log_id_seq', 33, true);


--
-- Name: django_comment_flags; Type: TABLE; Schema: public; Owner: infantiumdba; Tablespace: 
--

CREATE TABLE django_comment_flags (
    id integer NOT NULL,
    user_id integer NOT NULL,
    comment_id integer NOT NULL,
    flag character varying(30) NOT NULL,
    flag_date timestamp with time zone NOT NULL
);


ALTER TABLE public.django_comment_flags OWNER TO infantiumdba;

--
-- Name: django_comment_flags_id_seq; Type: SEQUENCE; Schema: public; Owner: infantiumdba
--

CREATE SEQUENCE django_comment_flags_id_seq
    START WITH 1
    INCREMENT BY 1
    NO MINVALUE
    NO MAXVALUE
    CACHE 1;


ALTER TABLE public.django_comment_flags_id_seq OWNER TO infantiumdba;

--
-- Name: django_comment_flags_id_seq; Type: SEQUENCE OWNED BY; Schema: public; Owner: infantiumdba
--

ALTER SEQUENCE django_comment_flags_id_seq OWNED BY django_comment_flags.id;


--
-- Name: django_comment_flags_id_seq; Type: SEQUENCE SET; Schema: public; Owner: infantiumdba
--

SELECT pg_catalog.setval('django_comment_flags_id_seq', 1, false);


--
-- Name: django_comments; Type: TABLE; Schema: public; Owner: infantiumdba; Tablespace: 
--

CREATE TABLE django_comments (
    id integer NOT NULL,
    content_type_id integer NOT NULL,
    object_pk text NOT NULL,
    site_id integer NOT NULL,
    user_id integer,
    user_name character varying(50) NOT NULL,
    user_email character varying(75) NOT NULL,
    user_url character varying(200) NOT NULL,
    comment text NOT NULL,
    submit_date timestamp with time zone NOT NULL,
    ip_address inet,
    is_public boolean NOT NULL,
    is_removed boolean NOT NULL
);


ALTER TABLE public.django_comments OWNER TO infantiumdba;

--
-- Name: django_comments_id_seq; Type: SEQUENCE; Schema: public; Owner: infantiumdba
--

CREATE SEQUENCE django_comments_id_seq
    START WITH 1
    INCREMENT BY 1
    NO MINVALUE
    NO MAXVALUE
    CACHE 1;


ALTER TABLE public.django_comments_id_seq OWNER TO infantiumdba;

--
-- Name: django_comments_id_seq; Type: SEQUENCE OWNED BY; Schema: public; Owner: infantiumdba
--

ALTER SEQUENCE django_comments_id_seq OWNED BY django_comments.id;


--
-- Name: django_comments_id_seq; Type: SEQUENCE SET; Schema: public; Owner: infantiumdba
--

SELECT pg_catalog.setval('django_comments_id_seq', 1, false);


--
-- Name: django_content_type; Type: TABLE; Schema: public; Owner: infantiumdba; Tablespace: 
--

CREATE TABLE django_content_type (
    id integer NOT NULL,
    name character varying(100) NOT NULL,
    app_label character varying(100) NOT NULL,
    model character varying(100) NOT NULL
);


ALTER TABLE public.django_content_type OWNER TO infantiumdba;

--
-- Name: django_content_type_id_seq; Type: SEQUENCE; Schema: public; Owner: infantiumdba
--

CREATE SEQUENCE django_content_type_id_seq
    START WITH 1
    INCREMENT BY 1
    NO MINVALUE
    NO MAXVALUE
    CACHE 1;


ALTER TABLE public.django_content_type_id_seq OWNER TO infantiumdba;

--
-- Name: django_content_type_id_seq; Type: SEQUENCE OWNED BY; Schema: public; Owner: infantiumdba
--

ALTER SEQUENCE django_content_type_id_seq OWNED BY django_content_type.id;


--
-- Name: django_content_type_id_seq; Type: SEQUENCE SET; Schema: public; Owner: infantiumdba
--

SELECT pg_catalog.setval('django_content_type_id_seq', 70, true);


--
-- Name: django_session; Type: TABLE; Schema: public; Owner: infantiumdba; Tablespace: 
--

CREATE TABLE django_session (
    session_key character varying(40) NOT NULL,
    session_data text NOT NULL,
    expire_date timestamp with time zone NOT NULL
);


ALTER TABLE public.django_session OWNER TO infantiumdba;

--
-- Name: django_site; Type: TABLE; Schema: public; Owner: infantiumdba; Tablespace: 
--

CREATE TABLE django_site (
    id integer NOT NULL,
    domain character varying(100) NOT NULL,
    name character varying(50) NOT NULL
);


ALTER TABLE public.django_site OWNER TO infantiumdba;

--
-- Name: django_site_id_seq; Type: SEQUENCE; Schema: public; Owner: infantiumdba
--

CREATE SEQUENCE django_site_id_seq
    START WITH 1
    INCREMENT BY 1
    NO MINVALUE
    NO MAXVALUE
    CACHE 1;


ALTER TABLE public.django_site_id_seq OWNER TO infantiumdba;

--
-- Name: django_site_id_seq; Type: SEQUENCE OWNED BY; Schema: public; Owner: infantiumdba
--

ALTER SEQUENCE django_site_id_seq OWNED BY django_site.id;


--
-- Name: django_site_id_seq; Type: SEQUENCE SET; Schema: public; Owner: infantiumdba
--

SELECT pg_catalog.setval('django_site_id_seq', 2, true);


--
-- Name: menus_cachekey; Type: TABLE; Schema: public; Owner: infantiumdba; Tablespace: 
--

CREATE TABLE menus_cachekey (
    id integer NOT NULL,
    language character varying(255) NOT NULL,
    site integer NOT NULL,
    key character varying(255) NOT NULL,
    CONSTRAINT menus_cachekey_site_check CHECK ((site >= 0))
);


ALTER TABLE public.menus_cachekey OWNER TO infantiumdba;

--
-- Name: menus_cachekey_id_seq; Type: SEQUENCE; Schema: public; Owner: infantiumdba
--

CREATE SEQUENCE menus_cachekey_id_seq
    START WITH 1
    INCREMENT BY 1
    NO MINVALUE
    NO MAXVALUE
    CACHE 1;


ALTER TABLE public.menus_cachekey_id_seq OWNER TO infantiumdba;

--
-- Name: menus_cachekey_id_seq; Type: SEQUENCE OWNED BY; Schema: public; Owner: infantiumdba
--

ALTER SEQUENCE menus_cachekey_id_seq OWNED BY menus_cachekey.id;


--
-- Name: menus_cachekey_id_seq; Type: SEQUENCE SET; Schema: public; Owner: infantiumdba
--

SELECT pg_catalog.setval('menus_cachekey_id_seq', 1, false);


--
-- Name: newsletter_article; Type: TABLE; Schema: public; Owner: infantiumdba; Tablespace: 
--

CREATE TABLE newsletter_article (
    id integer NOT NULL,
    sortorder integer NOT NULL,
    title character varying(200) NOT NULL,
    text text NOT NULL,
    url character varying(200),
    image character varying(100),
    thumb character varying(600),
    post_id integer NOT NULL,
    CONSTRAINT newsletter_article_sortorder_check CHECK ((sortorder >= 0))
);


ALTER TABLE public.newsletter_article OWNER TO infantiumdba;

--
-- Name: newsletter_article_id_seq; Type: SEQUENCE; Schema: public; Owner: infantiumdba
--

CREATE SEQUENCE newsletter_article_id_seq
    START WITH 1
    INCREMENT BY 1
    NO MINVALUE
    NO MAXVALUE
    CACHE 1;


ALTER TABLE public.newsletter_article_id_seq OWNER TO infantiumdba;

--
-- Name: newsletter_article_id_seq; Type: SEQUENCE OWNED BY; Schema: public; Owner: infantiumdba
--

ALTER SEQUENCE newsletter_article_id_seq OWNED BY newsletter_article.id;


--
-- Name: newsletter_article_id_seq; Type: SEQUENCE SET; Schema: public; Owner: infantiumdba
--

SELECT pg_catalog.setval('newsletter_article_id_seq', 1, false);


--
-- Name: newsletter_emailtemplate; Type: TABLE; Schema: public; Owner: infantiumdba; Tablespace: 
--

CREATE TABLE newsletter_emailtemplate (
    id integer NOT NULL,
    title character varying(200) NOT NULL,
    action character varying(16) NOT NULL,
    subject character varying(255) NOT NULL,
    text text NOT NULL,
    html text
);


ALTER TABLE public.newsletter_emailtemplate OWNER TO infantiumdba;

--
-- Name: newsletter_emailtemplate_id_seq; Type: SEQUENCE; Schema: public; Owner: infantiumdba
--

CREATE SEQUENCE newsletter_emailtemplate_id_seq
    START WITH 1
    INCREMENT BY 1
    NO MINVALUE
    NO MAXVALUE
    CACHE 1;


ALTER TABLE public.newsletter_emailtemplate_id_seq OWNER TO infantiumdba;

--
-- Name: newsletter_emailtemplate_id_seq; Type: SEQUENCE OWNED BY; Schema: public; Owner: infantiumdba
--

ALTER SEQUENCE newsletter_emailtemplate_id_seq OWNED BY newsletter_emailtemplate.id;


--
-- Name: newsletter_emailtemplate_id_seq; Type: SEQUENCE SET; Schema: public; Owner: infantiumdba
--

SELECT pg_catalog.setval('newsletter_emailtemplate_id_seq', 5, true);


--
-- Name: newsletter_message; Type: TABLE; Schema: public; Owner: infantiumdba; Tablespace: 
--

CREATE TABLE newsletter_message (
    id integer NOT NULL,
    title character varying(200) NOT NULL,
    slug character varying(50) NOT NULL,
    newsletter_id integer NOT NULL,
    date_create timestamp with time zone NOT NULL,
    date_modify timestamp with time zone NOT NULL
);


ALTER TABLE public.newsletter_message OWNER TO infantiumdba;

--
-- Name: newsletter_message_id_seq; Type: SEQUENCE; Schema: public; Owner: infantiumdba
--

CREATE SEQUENCE newsletter_message_id_seq
    START WITH 1
    INCREMENT BY 1
    NO MINVALUE
    NO MAXVALUE
    CACHE 1;


ALTER TABLE public.newsletter_message_id_seq OWNER TO infantiumdba;

--
-- Name: newsletter_message_id_seq; Type: SEQUENCE OWNED BY; Schema: public; Owner: infantiumdba
--

ALTER SEQUENCE newsletter_message_id_seq OWNED BY newsletter_message.id;


--
-- Name: newsletter_message_id_seq; Type: SEQUENCE SET; Schema: public; Owner: infantiumdba
--

SELECT pg_catalog.setval('newsletter_message_id_seq', 1, false);


--
-- Name: newsletter_newsletter; Type: TABLE; Schema: public; Owner: infantiumdba; Tablespace: 
--

CREATE TABLE newsletter_newsletter (
    id integer NOT NULL,
    title character varying(200) NOT NULL,
    slug character varying(50) NOT NULL,
    email character varying(75) NOT NULL,
    sender character varying(200) NOT NULL,
    visible boolean NOT NULL,
    subscribe_template_id integer NOT NULL,
    unsubscribe_template_id integer NOT NULL,
    update_template_id integer NOT NULL,
    message_template_id integer NOT NULL
);


ALTER TABLE public.newsletter_newsletter OWNER TO infantiumdba;

--
-- Name: newsletter_newsletter_id_seq; Type: SEQUENCE; Schema: public; Owner: infantiumdba
--

CREATE SEQUENCE newsletter_newsletter_id_seq
    START WITH 1
    INCREMENT BY 1
    NO MINVALUE
    NO MAXVALUE
    CACHE 1;


ALTER TABLE public.newsletter_newsletter_id_seq OWNER TO infantiumdba;

--
-- Name: newsletter_newsletter_id_seq; Type: SEQUENCE OWNED BY; Schema: public; Owner: infantiumdba
--

ALTER SEQUENCE newsletter_newsletter_id_seq OWNED BY newsletter_newsletter.id;


--
-- Name: newsletter_newsletter_id_seq; Type: SEQUENCE SET; Schema: public; Owner: infantiumdba
--

SELECT pg_catalog.setval('newsletter_newsletter_id_seq', 1, true);


--
-- Name: newsletter_newsletter_site; Type: TABLE; Schema: public; Owner: infantiumdba; Tablespace: 
--

CREATE TABLE newsletter_newsletter_site (
    id integer NOT NULL,
    newsletter_id integer NOT NULL,
    site_id integer NOT NULL
);


ALTER TABLE public.newsletter_newsletter_site OWNER TO infantiumdba;

--
-- Name: newsletter_newsletter_site_id_seq; Type: SEQUENCE; Schema: public; Owner: infantiumdba
--

CREATE SEQUENCE newsletter_newsletter_site_id_seq
    START WITH 1
    INCREMENT BY 1
    NO MINVALUE
    NO MAXVALUE
    CACHE 1;


ALTER TABLE public.newsletter_newsletter_site_id_seq OWNER TO infantiumdba;

--
-- Name: newsletter_newsletter_site_id_seq; Type: SEQUENCE OWNED BY; Schema: public; Owner: infantiumdba
--

ALTER SEQUENCE newsletter_newsletter_site_id_seq OWNED BY newsletter_newsletter_site.id;


--
-- Name: newsletter_newsletter_site_id_seq; Type: SEQUENCE SET; Schema: public; Owner: infantiumdba
--

SELECT pg_catalog.setval('newsletter_newsletter_site_id_seq', 3, true);


--
-- Name: newsletter_submission; Type: TABLE; Schema: public; Owner: infantiumdba; Tablespace: 
--

CREATE TABLE newsletter_submission (
    id integer NOT NULL,
    newsletter_id integer NOT NULL,
    message_id integer NOT NULL,
    publish_date timestamp with time zone,
    publish boolean NOT NULL,
    prepared boolean NOT NULL,
    sent boolean NOT NULL,
    sending boolean NOT NULL
);


ALTER TABLE public.newsletter_submission OWNER TO infantiumdba;

--
-- Name: newsletter_submission_id_seq; Type: SEQUENCE; Schema: public; Owner: infantiumdba
--

CREATE SEQUENCE newsletter_submission_id_seq
    START WITH 1
    INCREMENT BY 1
    NO MINVALUE
    NO MAXVALUE
    CACHE 1;


ALTER TABLE public.newsletter_submission_id_seq OWNER TO infantiumdba;

--
-- Name: newsletter_submission_id_seq; Type: SEQUENCE OWNED BY; Schema: public; Owner: infantiumdba
--

ALTER SEQUENCE newsletter_submission_id_seq OWNED BY newsletter_submission.id;


--
-- Name: newsletter_submission_id_seq; Type: SEQUENCE SET; Schema: public; Owner: infantiumdba
--

SELECT pg_catalog.setval('newsletter_submission_id_seq', 1, false);


--
-- Name: newsletter_submission_subscriptions; Type: TABLE; Schema: public; Owner: infantiumdba; Tablespace: 
--

CREATE TABLE newsletter_submission_subscriptions (
    id integer NOT NULL,
    submission_id integer NOT NULL,
    subscription_id integer NOT NULL
);


ALTER TABLE public.newsletter_submission_subscriptions OWNER TO infantiumdba;

--
-- Name: newsletter_submission_subscriptions_id_seq; Type: SEQUENCE; Schema: public; Owner: infantiumdba
--

CREATE SEQUENCE newsletter_submission_subscriptions_id_seq
    START WITH 1
    INCREMENT BY 1
    NO MINVALUE
    NO MAXVALUE
    CACHE 1;


ALTER TABLE public.newsletter_submission_subscriptions_id_seq OWNER TO infantiumdba;

--
-- Name: newsletter_submission_subscriptions_id_seq; Type: SEQUENCE OWNED BY; Schema: public; Owner: infantiumdba
--

ALTER SEQUENCE newsletter_submission_subscriptions_id_seq OWNED BY newsletter_submission_subscriptions.id;


--
-- Name: newsletter_submission_subscriptions_id_seq; Type: SEQUENCE SET; Schema: public; Owner: infantiumdba
--

SELECT pg_catalog.setval('newsletter_submission_subscriptions_id_seq', 1, false);


--
-- Name: newsletter_subscription; Type: TABLE; Schema: public; Owner: infantiumdba; Tablespace: 
--

CREATE TABLE newsletter_subscription (
    id integer NOT NULL,
    user_id integer,
    name character varying(30),
    email character varying(75),
    ip inet,
    newsletter_id integer NOT NULL,
    create_date timestamp with time zone NOT NULL,
    activation_code character varying(40) NOT NULL,
    subscribed boolean NOT NULL,
    subscribe_date timestamp with time zone,
    unsubscribed boolean NOT NULL,
    unsubscribe_date timestamp with time zone
);


ALTER TABLE public.newsletter_subscription OWNER TO infantiumdba;

--
-- Name: newsletter_subscription_id_seq; Type: SEQUENCE; Schema: public; Owner: infantiumdba
--

CREATE SEQUENCE newsletter_subscription_id_seq
    START WITH 1
    INCREMENT BY 1
    NO MINVALUE
    NO MAXVALUE
    CACHE 1;


ALTER TABLE public.newsletter_subscription_id_seq OWNER TO infantiumdba;

--
-- Name: newsletter_subscription_id_seq; Type: SEQUENCE OWNED BY; Schema: public; Owner: infantiumdba
--

ALTER SEQUENCE newsletter_subscription_id_seq OWNED BY newsletter_subscription.id;


--
-- Name: newsletter_subscription_id_seq; Type: SEQUENCE SET; Schema: public; Owner: infantiumdba
--

SELECT pg_catalog.setval('newsletter_subscription_id_seq', 2, true);


--
-- Name: south_migrationhistory; Type: TABLE; Schema: public; Owner: infantiumdba; Tablespace: 
--

CREATE TABLE south_migrationhistory (
    id integer NOT NULL,
    app_name character varying(255) NOT NULL,
    migration character varying(255) NOT NULL,
    applied timestamp with time zone NOT NULL
);


ALTER TABLE public.south_migrationhistory OWNER TO infantiumdba;

--
-- Name: south_migrationhistory_id_seq; Type: SEQUENCE; Schema: public; Owner: infantiumdba
--

CREATE SEQUENCE south_migrationhistory_id_seq
    START WITH 1
    INCREMENT BY 1
    NO MINVALUE
    NO MAXVALUE
    CACHE 1;


ALTER TABLE public.south_migrationhistory_id_seq OWNER TO infantiumdba;

--
-- Name: south_migrationhistory_id_seq; Type: SEQUENCE OWNED BY; Schema: public; Owner: infantiumdba
--

ALTER SEQUENCE south_migrationhistory_id_seq OWNED BY south_migrationhistory.id;


--
-- Name: south_migrationhistory_id_seq; Type: SEQUENCE SET; Schema: public; Owner: infantiumdba
--

SELECT pg_catalog.setval('south_migrationhistory_id_seq', 83, true);


--
-- Name: tagging_tag; Type: TABLE; Schema: public; Owner: infantiumdba; Tablespace: 
--

CREATE TABLE tagging_tag (
    id integer NOT NULL,
    name character varying(50) NOT NULL
);


ALTER TABLE public.tagging_tag OWNER TO infantiumdba;

--
-- Name: tagging_tag_id_seq; Type: SEQUENCE; Schema: public; Owner: infantiumdba
--

CREATE SEQUENCE tagging_tag_id_seq
    START WITH 1
    INCREMENT BY 1
    NO MINVALUE
    NO MAXVALUE
    CACHE 1;


ALTER TABLE public.tagging_tag_id_seq OWNER TO infantiumdba;

--
-- Name: tagging_tag_id_seq; Type: SEQUENCE OWNED BY; Schema: public; Owner: infantiumdba
--

ALTER SEQUENCE tagging_tag_id_seq OWNED BY tagging_tag.id;


--
-- Name: tagging_tag_id_seq; Type: SEQUENCE SET; Schema: public; Owner: infantiumdba
--

SELECT pg_catalog.setval('tagging_tag_id_seq', 1, false);


--
-- Name: tagging_taggeditem; Type: TABLE; Schema: public; Owner: infantiumdba; Tablespace: 
--

CREATE TABLE tagging_taggeditem (
    id integer NOT NULL,
    tag_id integer NOT NULL,
    content_type_id integer NOT NULL,
    object_id integer NOT NULL,
    CONSTRAINT tagging_taggeditem_object_id_check CHECK ((object_id >= 0))
);


ALTER TABLE public.tagging_taggeditem OWNER TO infantiumdba;

--
-- Name: tagging_taggeditem_id_seq; Type: SEQUENCE; Schema: public; Owner: infantiumdba
--

CREATE SEQUENCE tagging_taggeditem_id_seq
    START WITH 1
    INCREMENT BY 1
    NO MINVALUE
    NO MAXVALUE
    CACHE 1;


ALTER TABLE public.tagging_taggeditem_id_seq OWNER TO infantiumdba;

--
-- Name: tagging_taggeditem_id_seq; Type: SEQUENCE OWNED BY; Schema: public; Owner: infantiumdba
--

ALTER SEQUENCE tagging_taggeditem_id_seq OWNED BY tagging_taggeditem.id;


--
-- Name: tagging_taggeditem_id_seq; Type: SEQUENCE SET; Schema: public; Owner: infantiumdba
--

SELECT pg_catalog.setval('tagging_taggeditem_id_seq', 1, false);


--
-- Name: tastypie_apiaccess; Type: TABLE; Schema: public; Owner: infantiumdba; Tablespace: 
--

CREATE TABLE tastypie_apiaccess (
    id integer NOT NULL,
    identifier character varying(255) NOT NULL,
    url character varying(255) NOT NULL,
    request_method character varying(10) NOT NULL,
    accessed integer NOT NULL,
    CONSTRAINT tastypie_apiaccess_accessed_check CHECK ((accessed >= 0))
);


ALTER TABLE public.tastypie_apiaccess OWNER TO infantiumdba;

--
-- Name: tastypie_apiaccess_id_seq; Type: SEQUENCE; Schema: public; Owner: infantiumdba
--

CREATE SEQUENCE tastypie_apiaccess_id_seq
    START WITH 1
    INCREMENT BY 1
    NO MINVALUE
    NO MAXVALUE
    CACHE 1;


ALTER TABLE public.tastypie_apiaccess_id_seq OWNER TO infantiumdba;

--
-- Name: tastypie_apiaccess_id_seq; Type: SEQUENCE OWNED BY; Schema: public; Owner: infantiumdba
--

ALTER SEQUENCE tastypie_apiaccess_id_seq OWNED BY tastypie_apiaccess.id;


--
-- Name: tastypie_apiaccess_id_seq; Type: SEQUENCE SET; Schema: public; Owner: infantiumdba
--

SELECT pg_catalog.setval('tastypie_apiaccess_id_seq', 1, false);


--
-- Name: tastypie_apikey; Type: TABLE; Schema: public; Owner: infantiumdba; Tablespace: 
--

CREATE TABLE tastypie_apikey (
    id integer NOT NULL,
    user_id integer NOT NULL,
    key character varying(256) NOT NULL,
    created timestamp with time zone NOT NULL
);


ALTER TABLE public.tastypie_apikey OWNER TO infantiumdba;

--
-- Name: tastypie_apikey_id_seq; Type: SEQUENCE; Schema: public; Owner: infantiumdba
--

CREATE SEQUENCE tastypie_apikey_id_seq
    START WITH 1
    INCREMENT BY 1
    NO MINVALUE
    NO MAXVALUE
    CACHE 1;


ALTER TABLE public.tastypie_apikey_id_seq OWNER TO infantiumdba;

--
-- Name: tastypie_apikey_id_seq; Type: SEQUENCE OWNED BY; Schema: public; Owner: infantiumdba
--

ALTER SEQUENCE tastypie_apikey_id_seq OWNED BY tastypie_apikey.id;


--
-- Name: tastypie_apikey_id_seq; Type: SEQUENCE SET; Schema: public; Owner: infantiumdba
--

SELECT pg_catalog.setval('tastypie_apikey_id_seq', 1, true);


--
-- Name: zinnia_category; Type: TABLE; Schema: public; Owner: infantiumdba; Tablespace: 
--

CREATE TABLE zinnia_category (
    id integer NOT NULL,
    title character varying(255) NOT NULL,
    slug character varying(255) NOT NULL,
    description text NOT NULL,
    parent_id integer,
    lft integer NOT NULL,
    rght integer NOT NULL,
    tree_id integer NOT NULL,
    level integer NOT NULL,
    CONSTRAINT zinnia_category_level_check CHECK ((level >= 0)),
    CONSTRAINT zinnia_category_lft_check CHECK ((lft >= 0)),
    CONSTRAINT zinnia_category_rght_check CHECK ((rght >= 0)),
    CONSTRAINT zinnia_category_tree_id_check CHECK ((tree_id >= 0))
);


ALTER TABLE public.zinnia_category OWNER TO infantiumdba;

--
-- Name: zinnia_category_id_seq; Type: SEQUENCE; Schema: public; Owner: infantiumdba
--

CREATE SEQUENCE zinnia_category_id_seq
    START WITH 1
    INCREMENT BY 1
    NO MINVALUE
    NO MAXVALUE
    CACHE 1;


ALTER TABLE public.zinnia_category_id_seq OWNER TO infantiumdba;

--
-- Name: zinnia_category_id_seq; Type: SEQUENCE OWNED BY; Schema: public; Owner: infantiumdba
--

ALTER SEQUENCE zinnia_category_id_seq OWNED BY zinnia_category.id;


--
-- Name: zinnia_category_id_seq; Type: SEQUENCE SET; Schema: public; Owner: infantiumdba
--

SELECT pg_catalog.setval('zinnia_category_id_seq', 1, false);


--
-- Name: zinnia_entry; Type: TABLE; Schema: public; Owner: infantiumdba; Tablespace: 
--

CREATE TABLE zinnia_entry (
    id integer NOT NULL,
    title character varying(255) NOT NULL,
    image character varying(100) NOT NULL,
    content text NOT NULL,
    excerpt text NOT NULL,
    tags character varying(255) NOT NULL,
    slug character varying(255) NOT NULL,
    status integer NOT NULL,
    featured boolean NOT NULL,
    comment_enabled boolean NOT NULL,
    pingback_enabled boolean NOT NULL,
    creation_date timestamp with time zone NOT NULL,
    last_update timestamp with time zone NOT NULL,
    start_publication timestamp with time zone,
    end_publication timestamp with time zone,
    login_required boolean NOT NULL,
    password character varying(50) NOT NULL,
    template character varying(250) NOT NULL
);


ALTER TABLE public.zinnia_entry OWNER TO infantiumdba;

--
-- Name: zinnia_entry_authors; Type: TABLE; Schema: public; Owner: infantiumdba; Tablespace: 
--

CREATE TABLE zinnia_entry_authors (
    id integer NOT NULL,
    entry_id integer NOT NULL,
    user_id integer NOT NULL
);


ALTER TABLE public.zinnia_entry_authors OWNER TO infantiumdba;

--
-- Name: zinnia_entry_authors_id_seq; Type: SEQUENCE; Schema: public; Owner: infantiumdba
--

CREATE SEQUENCE zinnia_entry_authors_id_seq
    START WITH 1
    INCREMENT BY 1
    NO MINVALUE
    NO MAXVALUE
    CACHE 1;


ALTER TABLE public.zinnia_entry_authors_id_seq OWNER TO infantiumdba;

--
-- Name: zinnia_entry_authors_id_seq; Type: SEQUENCE OWNED BY; Schema: public; Owner: infantiumdba
--

ALTER SEQUENCE zinnia_entry_authors_id_seq OWNED BY zinnia_entry_authors.id;


--
-- Name: zinnia_entry_authors_id_seq; Type: SEQUENCE SET; Schema: public; Owner: infantiumdba
--

SELECT pg_catalog.setval('zinnia_entry_authors_id_seq', 1, false);


--
-- Name: zinnia_entry_categories; Type: TABLE; Schema: public; Owner: infantiumdba; Tablespace: 
--

CREATE TABLE zinnia_entry_categories (
    id integer NOT NULL,
    entry_id integer NOT NULL,
    category_id integer NOT NULL
);


ALTER TABLE public.zinnia_entry_categories OWNER TO infantiumdba;

--
-- Name: zinnia_entry_categories_id_seq; Type: SEQUENCE; Schema: public; Owner: infantiumdba
--

CREATE SEQUENCE zinnia_entry_categories_id_seq
    START WITH 1
    INCREMENT BY 1
    NO MINVALUE
    NO MAXVALUE
    CACHE 1;


ALTER TABLE public.zinnia_entry_categories_id_seq OWNER TO infantiumdba;

--
-- Name: zinnia_entry_categories_id_seq; Type: SEQUENCE OWNED BY; Schema: public; Owner: infantiumdba
--

ALTER SEQUENCE zinnia_entry_categories_id_seq OWNED BY zinnia_entry_categories.id;


--
-- Name: zinnia_entry_categories_id_seq; Type: SEQUENCE SET; Schema: public; Owner: infantiumdba
--

SELECT pg_catalog.setval('zinnia_entry_categories_id_seq', 1, false);


--
-- Name: zinnia_entry_id_seq; Type: SEQUENCE; Schema: public; Owner: infantiumdba
--

CREATE SEQUENCE zinnia_entry_id_seq
    START WITH 1
    INCREMENT BY 1
    NO MINVALUE
    NO MAXVALUE
    CACHE 1;


ALTER TABLE public.zinnia_entry_id_seq OWNER TO infantiumdba;

--
-- Name: zinnia_entry_id_seq; Type: SEQUENCE OWNED BY; Schema: public; Owner: infantiumdba
--

ALTER SEQUENCE zinnia_entry_id_seq OWNED BY zinnia_entry.id;


--
-- Name: zinnia_entry_id_seq; Type: SEQUENCE SET; Schema: public; Owner: infantiumdba
--

SELECT pg_catalog.setval('zinnia_entry_id_seq', 1, false);


--
-- Name: zinnia_entry_related; Type: TABLE; Schema: public; Owner: infantiumdba; Tablespace: 
--

CREATE TABLE zinnia_entry_related (
    id integer NOT NULL,
    from_entry_id integer NOT NULL,
    to_entry_id integer NOT NULL
);


ALTER TABLE public.zinnia_entry_related OWNER TO infantiumdba;

--
-- Name: zinnia_entry_related_id_seq; Type: SEQUENCE; Schema: public; Owner: infantiumdba
--

CREATE SEQUENCE zinnia_entry_related_id_seq
    START WITH 1
    INCREMENT BY 1
    NO MINVALUE
    NO MAXVALUE
    CACHE 1;


ALTER TABLE public.zinnia_entry_related_id_seq OWNER TO infantiumdba;

--
-- Name: zinnia_entry_related_id_seq; Type: SEQUENCE OWNED BY; Schema: public; Owner: infantiumdba
--

ALTER SEQUENCE zinnia_entry_related_id_seq OWNED BY zinnia_entry_related.id;


--
-- Name: zinnia_entry_related_id_seq; Type: SEQUENCE SET; Schema: public; Owner: infantiumdba
--

SELECT pg_catalog.setval('zinnia_entry_related_id_seq', 1, false);


--
-- Name: zinnia_entry_sites; Type: TABLE; Schema: public; Owner: infantiumdba; Tablespace: 
--

CREATE TABLE zinnia_entry_sites (
    id integer NOT NULL,
    entry_id integer NOT NULL,
    site_id integer NOT NULL
);


ALTER TABLE public.zinnia_entry_sites OWNER TO infantiumdba;

--
-- Name: zinnia_entry_sites_id_seq; Type: SEQUENCE; Schema: public; Owner: infantiumdba
--

CREATE SEQUENCE zinnia_entry_sites_id_seq
    START WITH 1
    INCREMENT BY 1
    NO MINVALUE
    NO MAXVALUE
    CACHE 1;


ALTER TABLE public.zinnia_entry_sites_id_seq OWNER TO infantiumdba;

--
-- Name: zinnia_entry_sites_id_seq; Type: SEQUENCE OWNED BY; Schema: public; Owner: infantiumdba
--

ALTER SEQUENCE zinnia_entry_sites_id_seq OWNED BY zinnia_entry_sites.id;


--
-- Name: zinnia_entry_sites_id_seq; Type: SEQUENCE SET; Schema: public; Owner: infantiumdba
--

SELECT pg_catalog.setval('zinnia_entry_sites_id_seq', 1, false);


--
-- Name: id; Type: DEFAULT; Schema: public; Owner: infantiumdba
--

ALTER TABLE ONLY auth_group ALTER COLUMN id SET DEFAULT nextval('auth_group_id_seq'::regclass);


--
-- Name: id; Type: DEFAULT; Schema: public; Owner: infantiumdba
--

ALTER TABLE ONLY auth_group_permissions ALTER COLUMN id SET DEFAULT nextval('auth_group_permissions_id_seq'::regclass);


--
-- Name: id; Type: DEFAULT; Schema: public; Owner: infantiumdba
--

ALTER TABLE ONLY auth_permission ALTER COLUMN id SET DEFAULT nextval('auth_permission_id_seq'::regclass);


--
-- Name: id; Type: DEFAULT; Schema: public; Owner: infantiumdba
--

ALTER TABLE ONLY auth_user ALTER COLUMN id SET DEFAULT nextval('auth_user_id_seq'::regclass);


--
-- Name: id; Type: DEFAULT; Schema: public; Owner: infantiumdba
--

ALTER TABLE ONLY auth_user_groups ALTER COLUMN id SET DEFAULT nextval('auth_user_groups_id_seq'::regclass);


--
-- Name: id; Type: DEFAULT; Schema: public; Owner: infantiumdba
--

ALTER TABLE ONLY auth_user_user_permissions ALTER COLUMN id SET DEFAULT nextval('auth_user_user_permissions_id_seq'::regclass);


--
-- Name: id; Type: DEFAULT; Schema: public; Owner: infantiumdba
--

ALTER TABLE ONLY cms_cmsplugin ALTER COLUMN id SET DEFAULT nextval('cms_cmsplugin_id_seq'::regclass);


--
-- Name: id; Type: DEFAULT; Schema: public; Owner: infantiumdba
--

ALTER TABLE ONLY cms_globalpagepermission ALTER COLUMN id SET DEFAULT nextval('cms_globalpagepermission_id_seq'::regclass);


--
-- Name: id; Type: DEFAULT; Schema: public; Owner: infantiumdba
--

ALTER TABLE ONLY cms_globalpagepermission_sites ALTER COLUMN id SET DEFAULT nextval('cms_globalpagepermission_sites_id_seq'::regclass);


--
-- Name: id; Type: DEFAULT; Schema: public; Owner: infantiumdba
--

ALTER TABLE ONLY cms_page ALTER COLUMN id SET DEFAULT nextval('cms_page_id_seq'::regclass);


--
-- Name: id; Type: DEFAULT; Schema: public; Owner: infantiumdba
--

ALTER TABLE ONLY cms_page_placeholders ALTER COLUMN id SET DEFAULT nextval('cms_page_placeholders_id_seq'::regclass);


--
-- Name: id; Type: DEFAULT; Schema: public; Owner: infantiumdba
--

ALTER TABLE ONLY cms_pagemoderator ALTER COLUMN id SET DEFAULT nextval('cms_pagemoderator_id_seq'::regclass);


--
-- Name: id; Type: DEFAULT; Schema: public; Owner: infantiumdba
--

ALTER TABLE ONLY cms_pagemoderatorstate ALTER COLUMN id SET DEFAULT nextval('cms_pagemoderatorstate_id_seq'::regclass);


--
-- Name: id; Type: DEFAULT; Schema: public; Owner: infantiumdba
--

ALTER TABLE ONLY cms_pagepermission ALTER COLUMN id SET DEFAULT nextval('cms_pagepermission_id_seq'::regclass);


--
-- Name: id; Type: DEFAULT; Schema: public; Owner: infantiumdba
--

ALTER TABLE ONLY cms_placeholder ALTER COLUMN id SET DEFAULT nextval('cms_placeholder_id_seq'::regclass);


--
-- Name: id; Type: DEFAULT; Schema: public; Owner: infantiumdba
--

ALTER TABLE ONLY cms_title ALTER COLUMN id SET DEFAULT nextval('cms_title_id_seq'::regclass);


--
-- Name: id; Type: DEFAULT; Schema: public; Owner: infantiumdba
--

ALTER TABLE ONLY db_chart ALTER COLUMN id SET DEFAULT nextval('db_chart_id_seq'::regclass);


--
-- Name: id; Type: DEFAULT; Schema: public; Owner: infantiumdba
--

ALTER TABLE ONLY db_chart_indicators ALTER COLUMN id SET DEFAULT nextval('db_chart_indicators_id_seq'::regclass);


--
-- Name: id; Type: DEFAULT; Schema: public; Owner: infantiumdba
--

ALTER TABLE ONLY db_cognitivearea ALTER COLUMN id SET DEFAULT nextval('db_cognitivearea_id_seq'::regclass);


--
-- Name: id; Type: DEFAULT; Schema: public; Owner: infantiumdba
--

ALTER TABLE ONLY db_cognitivearea_multiple_intelligences ALTER COLUMN id SET DEFAULT nextval('db_cognitivearea_multiple_intelligences_id_seq'::regclass);


--
-- Name: id; Type: DEFAULT; Schema: public; Owner: infantiumdba
--

ALTER TABLE ONLY db_game ALTER COLUMN id SET DEFAULT nextval('db_game_id_seq'::regclass);


--
-- Name: id; Type: DEFAULT; Schema: public; Owner: infantiumdba
--

ALTER TABLE ONLY db_gameplay ALTER COLUMN id SET DEFAULT nextval('db_gameplay_id_seq'::regclass);


--
-- Name: id; Type: DEFAULT; Schema: public; Owner: infantiumdba
--

ALTER TABLE ONLY db_gameroute ALTER COLUMN id SET DEFAULT nextval('db_gameroute_id_seq'::regclass);


--
-- Name: id; Type: DEFAULT; Schema: public; Owner: infantiumdba
--

ALTER TABLE ONLY db_indicator ALTER COLUMN id SET DEFAULT nextval('db_indicator_id_seq'::regclass);


--
-- Name: id; Type: DEFAULT; Schema: public; Owner: infantiumdba
--

ALTER TABLE ONLY db_indicator_cognitive_areas ALTER COLUMN id SET DEFAULT nextval('db_indicator_cognitive_areas_id_seq'::regclass);


--
-- Name: id; Type: DEFAULT; Schema: public; Owner: infantiumdba
--

ALTER TABLE ONLY db_level ALTER COLUMN id SET DEFAULT nextval('db_level_id_seq'::regclass);


--
-- Name: id; Type: DEFAULT; Schema: public; Owner: infantiumdba
--

ALTER TABLE ONLY db_multipleintelligence ALTER COLUMN id SET DEFAULT nextval('db_multipleintelligence_id_seq'::regclass);


--
-- Name: id; Type: DEFAULT; Schema: public; Owner: infantiumdba
--

ALTER TABLE ONLY db_player ALTER COLUMN id SET DEFAULT nextval('db_player_id_seq'::regclass);


--
-- Name: id; Type: DEFAULT; Schema: public; Owner: infantiumdba
--

ALTER TABLE ONLY db_route_node ALTER COLUMN id SET DEFAULT nextval('db_route_node_id_seq'::regclass);


--
-- Name: id; Type: DEFAULT; Schema: public; Owner: infantiumdba
--

ALTER TABLE ONLY db_scene ALTER COLUMN id SET DEFAULT nextval('db_scene_id_seq'::regclass);


--
-- Name: id; Type: DEFAULT; Schema: public; Owner: infantiumdba
--

ALTER TABLE ONLY db_score ALTER COLUMN id SET DEFAULT nextval('db_score_id_seq'::regclass);


--
-- Name: id; Type: DEFAULT; Schema: public; Owner: infantiumdba
--

ALTER TABLE ONLY db_userprofile ALTER COLUMN id SET DEFAULT nextval('db_userprofile_id_seq'::regclass);


--
-- Name: id; Type: DEFAULT; Schema: public; Owner: infantiumdba
--

ALTER TABLE ONLY django_admin_log ALTER COLUMN id SET DEFAULT nextval('django_admin_log_id_seq'::regclass);


--
-- Name: id; Type: DEFAULT; Schema: public; Owner: infantiumdba
--

ALTER TABLE ONLY django_comment_flags ALTER COLUMN id SET DEFAULT nextval('django_comment_flags_id_seq'::regclass);


--
-- Name: id; Type: DEFAULT; Schema: public; Owner: infantiumdba
--

ALTER TABLE ONLY django_comments ALTER COLUMN id SET DEFAULT nextval('django_comments_id_seq'::regclass);


--
-- Name: id; Type: DEFAULT; Schema: public; Owner: infantiumdba
--

ALTER TABLE ONLY django_content_type ALTER COLUMN id SET DEFAULT nextval('django_content_type_id_seq'::regclass);


--
-- Name: id; Type: DEFAULT; Schema: public; Owner: infantiumdba
--

ALTER TABLE ONLY django_site ALTER COLUMN id SET DEFAULT nextval('django_site_id_seq'::regclass);


--
-- Name: id; Type: DEFAULT; Schema: public; Owner: infantiumdba
--

ALTER TABLE ONLY menus_cachekey ALTER COLUMN id SET DEFAULT nextval('menus_cachekey_id_seq'::regclass);


--
-- Name: id; Type: DEFAULT; Schema: public; Owner: infantiumdba
--

ALTER TABLE ONLY newsletter_article ALTER COLUMN id SET DEFAULT nextval('newsletter_article_id_seq'::regclass);


--
-- Name: id; Type: DEFAULT; Schema: public; Owner: infantiumdba
--

ALTER TABLE ONLY newsletter_emailtemplate ALTER COLUMN id SET DEFAULT nextval('newsletter_emailtemplate_id_seq'::regclass);


--
-- Name: id; Type: DEFAULT; Schema: public; Owner: infantiumdba
--

ALTER TABLE ONLY newsletter_message ALTER COLUMN id SET DEFAULT nextval('newsletter_message_id_seq'::regclass);


--
-- Name: id; Type: DEFAULT; Schema: public; Owner: infantiumdba
--

ALTER TABLE ONLY newsletter_newsletter ALTER COLUMN id SET DEFAULT nextval('newsletter_newsletter_id_seq'::regclass);


--
-- Name: id; Type: DEFAULT; Schema: public; Owner: infantiumdba
--

ALTER TABLE ONLY newsletter_newsletter_site ALTER COLUMN id SET DEFAULT nextval('newsletter_newsletter_site_id_seq'::regclass);


--
-- Name: id; Type: DEFAULT; Schema: public; Owner: infantiumdba
--

ALTER TABLE ONLY newsletter_submission ALTER COLUMN id SET DEFAULT nextval('newsletter_submission_id_seq'::regclass);


--
-- Name: id; Type: DEFAULT; Schema: public; Owner: infantiumdba
--

ALTER TABLE ONLY newsletter_submission_subscriptions ALTER COLUMN id SET DEFAULT nextval('newsletter_submission_subscriptions_id_seq'::regclass);


--
-- Name: id; Type: DEFAULT; Schema: public; Owner: infantiumdba
--

ALTER TABLE ONLY newsletter_subscription ALTER COLUMN id SET DEFAULT nextval('newsletter_subscription_id_seq'::regclass);


--
-- Name: id; Type: DEFAULT; Schema: public; Owner: infantiumdba
--

ALTER TABLE ONLY south_migrationhistory ALTER COLUMN id SET DEFAULT nextval('south_migrationhistory_id_seq'::regclass);


--
-- Name: id; Type: DEFAULT; Schema: public; Owner: infantiumdba
--

ALTER TABLE ONLY tagging_tag ALTER COLUMN id SET DEFAULT nextval('tagging_tag_id_seq'::regclass);


--
-- Name: id; Type: DEFAULT; Schema: public; Owner: infantiumdba
--

ALTER TABLE ONLY tagging_taggeditem ALTER COLUMN id SET DEFAULT nextval('tagging_taggeditem_id_seq'::regclass);


--
-- Name: id; Type: DEFAULT; Schema: public; Owner: infantiumdba
--

ALTER TABLE ONLY tastypie_apiaccess ALTER COLUMN id SET DEFAULT nextval('tastypie_apiaccess_id_seq'::regclass);


--
-- Name: id; Type: DEFAULT; Schema: public; Owner: infantiumdba
--

ALTER TABLE ONLY tastypie_apikey ALTER COLUMN id SET DEFAULT nextval('tastypie_apikey_id_seq'::regclass);


--
-- Name: id; Type: DEFAULT; Schema: public; Owner: infantiumdba
--

ALTER TABLE ONLY zinnia_category ALTER COLUMN id SET DEFAULT nextval('zinnia_category_id_seq'::regclass);


--
-- Name: id; Type: DEFAULT; Schema: public; Owner: infantiumdba
--

ALTER TABLE ONLY zinnia_entry ALTER COLUMN id SET DEFAULT nextval('zinnia_entry_id_seq'::regclass);


--
-- Name: id; Type: DEFAULT; Schema: public; Owner: infantiumdba
--

ALTER TABLE ONLY zinnia_entry_authors ALTER COLUMN id SET DEFAULT nextval('zinnia_entry_authors_id_seq'::regclass);


--
-- Name: id; Type: DEFAULT; Schema: public; Owner: infantiumdba
--

ALTER TABLE ONLY zinnia_entry_categories ALTER COLUMN id SET DEFAULT nextval('zinnia_entry_categories_id_seq'::regclass);


--
-- Name: id; Type: DEFAULT; Schema: public; Owner: infantiumdba
--

ALTER TABLE ONLY zinnia_entry_related ALTER COLUMN id SET DEFAULT nextval('zinnia_entry_related_id_seq'::regclass);


--
-- Name: id; Type: DEFAULT; Schema: public; Owner: infantiumdba
--

ALTER TABLE ONLY zinnia_entry_sites ALTER COLUMN id SET DEFAULT nextval('zinnia_entry_sites_id_seq'::regclass);


--
-- Data for Name: auth_group; Type: TABLE DATA; Schema: public; Owner: infantiumdba
--

COPY auth_group (id, name) FROM stdin;
\.


--
-- Data for Name: auth_group_permissions; Type: TABLE DATA; Schema: public; Owner: infantiumdba
--

COPY auth_group_permissions (id, group_id, permission_id) FROM stdin;
\.


--
-- Data for Name: auth_permission; Type: TABLE DATA; Schema: public; Owner: infantiumdba
--

COPY auth_permission (id, name, content_type_id, codename) FROM stdin;
44	Can add permission	15	add_permission
45	Can change permission	15	change_permission
46	Can delete permission	15	delete_permission
47	Can add group	16	add_group
48	Can change group	16	change_group
49	Can delete group	16	delete_group
50	Can add user	17	add_user
51	Can change user	17	change_user
52	Can delete user	17	delete_user
53	Can add content type	18	add_contenttype
54	Can change content type	18	change_contenttype
55	Can delete content type	18	delete_contenttype
56	Can add session	19	add_session
57	Can change session	19	change_session
58	Can delete session	19	delete_session
59	Can add site	20	add_site
60	Can change site	20	change_site
61	Can delete site	20	delete_site
62	Can add comment	21	add_comment
63	Can change comment	21	change_comment
64	Can delete comment	21	delete_comment
65	Can moderate comments	21	can_moderate
66	Can add comment flag	22	add_commentflag
67	Can change comment flag	22	change_commentflag
68	Can delete comment flag	22	delete_commentflag
69	Can add log entry	23	add_logentry
70	Can change log entry	23	change_logentry
71	Can delete log entry	23	delete_logentry
72	Can add user profile	24	add_userprofile
73	Can change user profile	24	change_userprofile
74	Can delete user profile	24	delete_userprofile
75	Can add game	25	add_game
76	Can change game	25	change_game
77	Can delete game	25	delete_game
78	Can add tag	26	add_tag
79	Can change tag	26	change_tag
80	Can delete tag	26	delete_tag
81	Can add tagged item	27	add_taggeditem
82	Can change tagged item	27	change_taggeditem
83	Can delete tagged item	27	delete_taggeditem
84	Can add migration history	28	add_migrationhistory
85	Can change migration history	28	change_migrationhistory
86	Can delete migration history	28	delete_migrationhistory
87	Can add api access	29	add_apiaccess
88	Can change api access	29	change_apiaccess
89	Can delete api access	29	delete_apiaccess
90	Can add api key	30	add_apikey
91	Can change api key	30	change_apikey
92	Can delete api key	30	delete_apikey
93	Can add author	17	add_author
94	Can change author	17	change_author
95	Can delete author	17	delete_author
96	Can add category	31	add_category
97	Can change category	31	change_category
98	Can delete category	31	delete_category
99	Can add entry	32	add_entry
100	Can change entry	32	change_entry
101	Can delete entry	32	delete_entry
102	Can view all entries	32	can_view_all
103	Can change status	32	can_change_status
104	Can change author(s)	32	can_change_author
105	Can add placeholder	34	add_placeholder
106	Can change placeholder	34	change_placeholder
107	Can delete placeholder	34	delete_placeholder
108	Can add cms plugin	35	add_cmsplugin
109	Can change cms plugin	35	change_cmsplugin
110	Can delete cms plugin	35	delete_cmsplugin
111	Can add page	36	add_page
112	Can change page	36	change_page
113	Can delete page	36	delete_page
114	Can view page	36	view_page
115	Can add PageModerator	37	add_pagemoderator
116	Can change PageModerator	37	change_pagemoderator
117	Can delete PageModerator	37	delete_pagemoderator
118	Can add Page moderator state	38	add_pagemoderatorstate
119	Can change Page moderator state	38	change_pagemoderatorstate
120	Can delete Page moderator state	38	delete_pagemoderatorstate
121	Can add Page global permission	39	add_globalpagepermission
122	Can change Page global permission	39	change_globalpagepermission
123	Can delete Page global permission	39	delete_globalpagepermission
124	Can add Page permission	40	add_pagepermission
125	Can change Page permission	40	change_pagepermission
126	Can delete Page permission	40	delete_pagepermission
127	Can add User (page)	41	add_pageuser
128	Can change User (page)	41	change_pageuser
129	Can delete User (page)	41	delete_pageuser
130	Can add User group (page)	42	add_pageusergroup
131	Can change User group (page)	42	change_pageusergroup
132	Can delete User group (page)	42	delete_pageusergroup
133	Can add title	43	add_title
134	Can change title	43	change_title
135	Can delete title	43	delete_title
136	Can add cache key	44	add_cachekey
137	Can change cache key	44	change_cachekey
138	Can delete cache key	44	delete_cachekey
139	Can add text	45	add_text
140	Can change text	45	change_text
141	Can delete text	45	delete_text
142	Can add link	46	add_link
143	Can change link	46	change_link
144	Can delete link	46	delete_link
145	Can add picture	47	add_picture
146	Can change picture	47	change_picture
147	Can delete picture	47	delete_picture
148	Can add file	48	add_file
149	Can change file	48	change_file
150	Can delete file	48	delete_file
151	Can add video	49	add_video
152	Can change video	49	change_video
153	Can delete video	49	delete_video
154	Can add twitter recent entries	50	add_twitterrecententries
155	Can change twitter recent entries	50	change_twitterrecententries
156	Can delete twitter recent entries	50	delete_twitterrecententries
157	Can add twitter search	51	add_twittersearch
158	Can change twitter search	51	change_twittersearch
159	Can delete twitter search	51	delete_twittersearch
160	Can add e-mail template	52	add_emailtemplate
161	Can change e-mail template	52	change_emailtemplate
162	Can delete e-mail template	52	delete_emailtemplate
163	Can add newsletter	53	add_newsletter
164	Can change newsletter	53	change_newsletter
165	Can delete newsletter	53	delete_newsletter
166	Can add subscription	54	add_subscription
167	Can change subscription	54	change_subscription
168	Can delete subscription	54	delete_subscription
169	Can add article	55	add_article
170	Can change article	55	change_article
171	Can delete article	55	delete_article
172	Can add message	56	add_message
173	Can change message	56	change_message
174	Can delete message	56	delete_message
175	Can add submission	57	add_submission
176	Can change submission	57	change_submission
177	Can delete submission	57	delete_submission
178	Can add user profile	58	add_userprofile
179	Can change user profile	58	change_userprofile
180	Can delete user profile	58	delete_userprofile
181	Can add player	59	add_player
182	Can change player	59	change_player
183	Can delete player	59	delete_player
184	Can add game	60	add_game
185	Can change game	60	change_game
186	Can delete game	60	delete_game
187	Can add game play	61	add_gameplay
188	Can change game play	61	change_gameplay
189	Can delete game play	61	delete_gameplay
190	Can add level	62	add_level
191	Can change level	62	change_level
192	Can delete level	62	delete_level
193	Can add scene	63	add_scene
194	Can change scene	63	change_scene
195	Can delete scene	63	delete_scene
196	Can add game route	64	add_gameroute
197	Can change game route	64	change_gameroute
198	Can delete game route	64	delete_gameroute
199	Can add route_ node	65	add_route_node
200	Can change route_ node	65	change_route_node
201	Can delete route_ node	65	delete_route_node
202	Can add cognitive area	66	add_cognitivearea
203	Can change cognitive area	66	change_cognitivearea
204	Can delete cognitive area	66	delete_cognitivearea
205	Can add chart	67	add_chart
206	Can change chart	67	change_chart
207	Can delete chart	67	delete_chart
208	Can add indicator	68	add_indicator
209	Can change indicator	68	change_indicator
210	Can delete indicator	68	delete_indicator
211	Can add multiple intelligence	69	add_multipleintelligence
212	Can change multiple intelligence	69	change_multipleintelligence
213	Can delete multiple intelligence	69	delete_multipleintelligence
214	Can add score	70	add_score
215	Can change score	70	change_score
216	Can delete score	70	delete_score
\.


--
-- Data for Name: auth_user; Type: TABLE DATA; Schema: public; Owner: infantiumdba
--

COPY auth_user (id, username, first_name, last_name, email, password, is_staff, is_active, is_superuser, last_login, date_joined) FROM stdin;
1	admin			dani.gonzalez@infantium.com	pbkdf2_sha256$10000$hGymkpReukMw$m15kyUvDR1zA37HBGXekEyeS8rlIFYPgnCuP6II6Yts=	t	t	t	2012-08-30 17:03:36.017913+02	2012-08-24 16:52:49.172034+02
2	dani.gonzalez@infantium.com	Daniel	Gonzalez	dani.gonzalez@infantium.com	pbkdf2_sha256$10000$c9GYlA6JxcH7$fhsvlycmS5ErR0m31aeI5EqGAF+krOJv2/QEsSF31/I=	f	t	f	2012-08-30 18:26:52.551733+02	2012-08-24 17:48:28+02
3	testplayer@infantium.com	Test	Player	testplayer@infantium.com	pbkdf2_sha256$10000$Bd1jCl1YtfZ6$+b8PaDn0fD4V1uCUZiZPJWytVt0iHrHGbrkCB6Uh4DU=	f	t	f	2012-08-31 18:21:12.468886+02	2012-08-30 20:44:01+02
\.


--
-- Data for Name: auth_user_groups; Type: TABLE DATA; Schema: public; Owner: infantiumdba
--

COPY auth_user_groups (id, user_id, group_id) FROM stdin;
\.


--
-- Data for Name: auth_user_user_permissions; Type: TABLE DATA; Schema: public; Owner: infantiumdba
--

COPY auth_user_user_permissions (id, user_id, permission_id) FROM stdin;
\.


--
-- Data for Name: cms_cmsplugin; Type: TABLE DATA; Schema: public; Owner: infantiumdba
--

COPY cms_cmsplugin (id, placeholder_id, parent_id, "position", language, plugin_type, creation_date, level, lft, rght, tree_id) FROM stdin;
3	6	\N	0	en	TextPlugin	2012-08-02 22:08:57.464+02	0	1	2	2
4	10	\N	0	en	TextPlugin	2012-08-03 21:59:29.814+02	0	1	4	3
5	6	\N	0	es	TextPlugin	2012-08-02 22:08:57.464+02	0	1	2	4
6	10	\N	0	es	TextPlugin	2012-08-03 21:59:29.814+02	0	1	2	5
8	14	\N	0	en	TextPlugin	2012-08-30 17:06:38.79842+02	0	1	2	7
7	13	\N	0	en	TextPlugin	2012-08-30 17:06:08.206493+02	0	1	2	6
12	13	\N	0	es	TextPlugin	2012-08-30 17:06:08.206493+02	0	1	2	8
13	14	\N	0	es	TextPlugin	2012-08-30 17:06:38.79842+02	0	1	2	9
14	15	\N	0	en	TextPlugin	2012-08-30 17:10:53.475341+02	0	1	2	10
15	16	\N	0	en	TextPlugin	2012-08-30 17:11:21.444643+02	0	1	2	11
16	15	\N	0	es	TextPlugin	2012-08-30 17:10:53.475341+02	0	1	2	12
17	16	\N	0	es	TextPlugin	2012-08-30 17:11:21.444643+02	0	1	2	13
20	19	\N	0	en	TextPlugin	2012-08-30 17:16:46.639357+02	0	1	2	16
21	20	\N	0	en	TextPlugin	2012-08-30 17:21:17.603399+02	0	1	2	17
22	17	\N	0	en	TextPlugin	2012-08-30 17:31:54.730784+02	0	1	2	18
19	18	\N	0	en	TextPlugin	2012-08-30 17:14:40.323228+02	0	1	2	15
\.


--
-- Data for Name: cms_globalpagepermission; Type: TABLE DATA; Schema: public; Owner: infantiumdba
--

COPY cms_globalpagepermission (id, user_id, group_id, can_change, can_add, can_delete, can_change_advanced_settings, can_publish, can_change_permissions, can_move_page, can_moderate, can_view, can_recover_page) FROM stdin;
\.


--
-- Data for Name: cms_globalpagepermission_sites; Type: TABLE DATA; Schema: public; Owner: infantiumdba
--

COPY cms_globalpagepermission_sites (id, globalpagepermission_id, site_id) FROM stdin;
\.


--
-- Data for Name: cms_page; Type: TABLE DATA; Schema: public; Owner: infantiumdba
--

COPY cms_page (id, created_by, changed_by, parent_id, creation_date, changed_date, publication_date, publication_end_date, in_navigation, soft_root, reverse_id, navigation_extenders, published, template, site_id, moderator_state, level, lft, rght, tree_id, login_required, limit_visibility_in_menu, publisher_is_draft, publisher_public_id, publisher_state) FROM stdin;
3	admin	admin	\N	2012-08-03 23:10:03.815+02	2012-08-03 23:11:31.834+02	2012-08-03 23:10:09.24+02	\N	f	f	\N		t	web/left-sidebar.html	1	0	0	1	2	3	f	\N	t	\N	1
6	admin	admin	\N	2012-08-30 17:13:49.68771+02	2012-08-30 17:33:03.716808+02	2012-08-30 17:15:25.437958+02	\N	f	f	contacto		t	web/left-sidebar-contact.html	1	0	0	1	2	7	t	\N	t	\N	1
2	admin	admin	\N	2012-08-02 22:08:24.833+02	2012-08-30 17:33:24.640525+02	2012-08-02 22:10:10.05+02	\N	f	f	metodo		t	web/left-sidebar-method-infantium.html	1	0	0	1	2	4	t	\N	t	\N	1
4	admin	admin	\N	2012-08-30 17:05:35.017062+02	2012-08-30 17:33:39.5941+02	2012-08-30 17:07:15.374302+02	\N	f	f	lista-apps		t	web/left-sidebar-apps-list.html	1	0	0	1	2	5	t	\N	t	\N	1
5	admin	admin	\N	2012-08-30 17:10:19.27231+02	2012-08-30 17:34:02.772091+02	2012-08-30 17:12:43.012471+02	\N	f	f	quienes-somos		t	web/left-sidebar-who-we-are.html	1	0	0	1	2	6	t	\N	t	\N	1
7	admin	admin	\N	2012-08-30 17:16:11.960697+02	2012-08-30 17:34:19.797556+02	2012-08-30 17:21:47.279686+02	\N	f	f	terminos-uso		t	web/left-sidebar-terms.html	1	0	0	1	2	8	t	\N	t	\N	1
\.


--
-- Data for Name: cms_page_placeholders; Type: TABLE DATA; Schema: public; Owner: infantiumdba
--

COPY cms_page_placeholders (id, page_id, placeholder_id) FROM stdin;
3	3	11
4	3	12
7	2	9
8	2	8
9	2	6
10	2	7
11	2	10
12	4	13
13	4	14
14	5	15
15	5	16
16	6	17
17	6	18
18	7	19
19	7	20
\.


--
-- Data for Name: cms_pagemoderator; Type: TABLE DATA; Schema: public; Owner: infantiumdba
--

COPY cms_pagemoderator (id, page_id, user_id, moderate_page, moderate_children, moderate_descendants) FROM stdin;
\.


--
-- Data for Name: cms_pagemoderatorstate; Type: TABLE DATA; Schema: public; Owner: infantiumdba
--

COPY cms_pagemoderatorstate (id, page_id, user_id, created, action, message) FROM stdin;
\.


--
-- Data for Name: cms_pagepermission; Type: TABLE DATA; Schema: public; Owner: infantiumdba
--

COPY cms_pagepermission (id, user_id, group_id, can_change, can_add, can_delete, can_change_advanced_settings, can_publish, can_change_permissions, can_move_page, can_moderate, can_view, grant_on, page_id) FROM stdin;
\.


--
-- Data for Name: cms_pageuser; Type: TABLE DATA; Schema: public; Owner: infantiumdba
--

COPY cms_pageuser (user_ptr_id, created_by_id) FROM stdin;
\.


--
-- Data for Name: cms_pageusergroup; Type: TABLE DATA; Schema: public; Owner: infantiumdba
--

COPY cms_pageusergroup (group_ptr_id, created_by_id) FROM stdin;
\.


--
-- Data for Name: cms_placeholder; Type: TABLE DATA; Schema: public; Owner: infantiumdba
--

COPY cms_placeholder (id, slot, default_width) FROM stdin;
6	content	\N
7	spotlight1	\N
8	spotlight2	\N
9	spotlight3	\N
10	spotlight	\N
11	content	\N
12	spotlight	\N
1	content	\N
2	spotlight	\N
3	content	\N
4	spotlight	\N
13	content	\N
14	spotlight	\N
15	content	\N
16	spotlight	\N
17	content	\N
18	spotlight	\N
19	content	\N
20	spotlight	\N
\.


--
-- Data for Name: cms_title; Type: TABLE DATA; Schema: public; Owner: infantiumdba
--

COPY cms_title (id, language, title, menu_title, slug, path, has_url_overwrite, application_urls, redirect, meta_description, meta_keywords, page_title, page_id, creation_date) FROM stdin;
3	en	Home		home		f	MyApphook					3	2012-08-03 23:10:03.931+02
4	es	Mtodo Infantium		metodo-infantium	metodo-infantium	f						2	2012-08-22 00:59:33.046+02
5	es	Infantium Apps		infantium-apps	infantium-apps	f						4	2012-08-30 17:05:35.217593+02
7	es	Quines Somos		quienes-somos	quienes-somos	f						5	2012-08-30 17:10:19.544971+02
9	es	Contacto	\N	contacto	contacto	f	\N	\N	\N	\N	\N	6	2012-08-30 17:13:49.862955+02
11	es	Trminos de Uso	\N	terminos-uso	terminos-uso	f	\N	\N	\N	\N	\N	7	2012-08-30 17:16:12.16455+02
10	en	Contacto		contacto	contacto	f						6	2012-08-30 17:15:25.580843+02
2	en	Infantium Method		infantium-method	metodo-infantium	t						2	2012-08-02 22:08:25.001+02
6	en	Infantium Apps		infantium-apps	infantium-apps	f						4	2012-08-30 17:07:15.966891+02
8	en	Quines Somos		quienes-somos	quienes-somos	f						5	2012-08-30 17:12:43.159635+02
12	en	Trminos de Uso		terminos-uso	terminos-uso	f						7	2012-08-30 17:21:47.440981+02
\.


--
-- Data for Name: cmsplugin_file; Type: TABLE DATA; Schema: public; Owner: infantiumdba
--

COPY cmsplugin_file (cmsplugin_ptr_id, file, title) FROM stdin;
\.


--
-- Data for Name: cmsplugin_link; Type: TABLE DATA; Schema: public; Owner: infantiumdba
--

COPY cmsplugin_link (cmsplugin_ptr_id, name, url, page_link_id, mailto) FROM stdin;
\.


--
-- Data for Name: cmsplugin_picture; Type: TABLE DATA; Schema: public; Owner: infantiumdba
--

COPY cmsplugin_picture (cmsplugin_ptr_id, image, url, page_link_id, alt, longdesc, "float") FROM stdin;
\.


--
-- Data for Name: cmsplugin_text; Type: TABLE DATA; Schema: public; Owner: infantiumdba
--

COPY cmsplugin_text (cmsplugin_ptr_id, body) FROM stdin;
5	<h1>Metodo Infantium</h1>\n\t\t\t<p>In eget dui neque. Vivamus et odio orci. Ut nec elit lacus. Morbi non magna orci. Mauris at eros non felis dignissim aliquam id ac tellus. Cras purus odio, pretium eu ornare et, fermentum non ipsum. Nam consectetur ligula eget mi scelerisque pulvinar. Duis feugiat mauris sit amet enim fringilla gravida. Mauris at sem vitae justo malesuada consectetur a ut nibh.</p>\n\t\t\t<article>\n\t\t\t\t<h2>Logica</h2>\n\n\t\t\t\t<p><img src="http://placehold.it/100x100" class="al"/>In eget dui neque. Vivamus et odio orci. Ut nec elit lacus. Morbi non magna orci. Mauris at eros non felis dignissim aliquam id ac tellus. Cras purus odio, pretium eu ornare et, fermentum non ipsum. Nam consectetur ligula eget mi scelerisque pulvinar. Duis feugiat mauris sit amet enim fringilla gravida. Mauris at sem vitae justo malesuada consectetur a ut nibh.</p>\n\t\t\t\t<p>In eget dui neque. Vivamus et odio orci. Ut nec elit lacus. Morbi non magna orci. Mauris at eros non felis dignissim aliquam id ac tellus. Cras purus odio, pretium eu ornare et, fermentum non ipsum. Nam consectetur ligula eget mi scelerisque pulvinar. Duis feugiat mauris sit amet enim fringilla gravida. Mauris at sem vitae justo malesuada consectetur a ut nibh.</p>\n\t\t\t</article>\n\n\t\t\t<article>\n\t\t\t\t<h2>Representacion mental</h2>\n\t\t\t\t<p><img src="http://placehold.it/100x100" class="ar"/>In eget dui neque. Vivamus et odio orci. Ut nec elit lacus. Morbi non magna orci. Mauris at eros non felis dignissim aliquam id ac tellus. Cras purus odio, pretium eu ornare et, fermentum non ipsum. Nam consectetur ligula eget mi scelerisque pulvinar. Duis feugiat mauris sit amet enim fringilla gravida. Mauris at sem vitae justo malesuada consectetur a ut nibh.</p>\n\n\t\t\t\t<p>In eget dui neque. Vivamus et odio orci. Ut nec elit lacus. Morbi non magna orci. Mauris at eros non felis dignissim aliquam id ac tellus. Cras purus odio, pretium eu ornare et, fermentum non ipsum. Nam consectetur ligula eget mi scelerisque pulvinar. Duis feugiat mauris sit amet enim fringilla gravida. Mauris at sem vitae justo malesuada consectetur a ut nibh.</p>\n\t\t\t</article>\n\n\t\t\t<article>\n\t\t\t\t<h2>Lenguaje</h2>\n\t\t\t\t<p>In eget dui neque. Vivamus et odio orci. Ut nec elit lacus. Morbi non magna orci. Mauris at eros non felis dignissim aliquam id ac tellus. Cras purus odio, pretium eu ornare et, fermentum non ipsum. Nam consectetur ligula eget mi scelerisque pulvinar. Duis feugiat mauris sit amet enim fringilla gravida. Mauris at sem vitae justo malesuada consectetur a ut nibh.</p>\n\n\t\t\t\t<p>In eget dui neque. Vivamus et odio orci. Ut nec elit lacus. Morbi non magna orci. Mauris at eros non felis dignissim aliquam id ac tellus. Cras purus odio, pretium eu ornare et, fermentum non ipsum. Nam consectetur ligula eget mi scelerisque pulvinar. Duis feugiat mauris sit amet enim fringilla gravida. Mauris at sem vitae justo malesuada consectetur a ut nibh.</p>\n\t\t\t</article>
6	<h2>Rufi Adventures</h2><article>\n\t\t\t\t<a href="app-details.php"><img src="media/spotlight-games-01.jpg" class="thumb"/></a>\n\t\t\t\t<h3><a href="app-details.php">Nombre del juego</a></h3>\n\t\t\t\t<p>Nulla facilisi. Nullam id nibh vel velit laoreet ultricies. Morbi laoreet gravi gravida magna in mollis. Duis dictum feugiat odio lorem facta. <a href="app-details.php">Leer mas sobre [Nombre del juego]</a>.</p>\n\t\t\t</article><article>\n\t\t\t\t<a href="app-details.php"><img src="img/games/spotlight-games-02.jpg" class="thumb"/></a>\n\n\t\t\t\t<h3><a href="app-details.php">Nombre del juego</a></h3>\n\t\t\t\t<p>Nulla facilisi. Nullam id nibh vel velit laoreet ultricies. Morbi laoreet gravi gravida magna in mollis. Duis dictum feugiat odio lorem facta. <a href="app-details.php">Leer mas sobre [Nombre del juego]</a>.</p>\n\t\t\t</article><article>\n\t\t\t\t<a href="app-details.php"><img src="img/games/spotlight-games-03.jpg" class="thumb"/></a>\n\t\t\t\t<h3><a href="app-details.php">Nombre del juego</a></h3>\n\t\t\t\t<p>Nulla facilisi. Nullam id nibh vel velit laoreet ultricies. Morbi laoreet gravi gravida magna in mollis. Duis dictum feugiat odio lorem facta. <a href="app-details.php">Leer mas sobre [Nombre del juego]</a>.</p>\n\n\t\t\t</article>
8	<h2>Rufi Adventures</h2><article>\n\t\t\t\t<a href="app-details.php"><img src="img/games/spotlight-games-01.jpg" class="thumb"/></a>\n\t\t\t\t<h3><a href="app-details.php">Nombre del juego</a></h3>\n\t\t\t\t<p>Nulla facilisi. Nullam id nibh vel velit laoreet ultricies. Morbi laoreet gravi gravida magna in mollis. Duis dictum feugiat odio lorem facta. <a href="app-details.php">Leer mas sobre [Nombre del juego]</a>.</p>\n\t\t\t</article><article>\n\t\t\t\t<a href="app-details.php"><img src="img/games/spotlight-games-02.jpg" class="thumb"/></a>\n\t\t\t\t<h3><a href="app-details.php">Nombre del juego</a></h3>\n\t\t\t\t<p>Nulla facilisi. Nullam id nibh vel velit laoreet ultricies. Morbi laoreet gravi gravida magna in mollis. Duis dictum feugiat odio lorem facta. <a href="app-details.php">Leer mas sobre [Nombre del juego]</a>.</p>\n\t\t\t</article><article>\n\t\t\t\t<a href="app-details.php"><img src="img/games/spotlight-games-03.jpg" class="thumb"/></a>\n\t\t\t\t<h3><a href="app-details.php">Nombre del juego</a></h3>\n\t\t\t\t<p>Nulla facilisi. Nullam id nibh vel velit laoreet ultricies. Morbi laoreet gravi gravida magna in mollis. Duis dictum feugiat odio lorem facta. <a href="app-details.php">Leer mas sobre [Nombre del juego]</a>.</p>\n\t\t\t</article>
7	<h1>Nuestras aplicaciones</h1>\n\t\t\t\t\t\t\t\t<article>\n\t\t\t\t\t\t<h2><a href="app-details.php">App name 1</a></h2>\n\t\t\t\t\t\t<p><img src="http://placehold.it/100x100" class="al"/>In eget dui neque. Vivamus et odio orci. Ut nec elit lacus. Morbi non magna orci. Mauris at eros non felis dignissim aliquam id ac tellus. Cras purus odio, pretium eu ornare et, fermentum non ipsum. <a href="app-details.php">Leer mas sobre [app name 1]</a>.</p>\n\t\t\t\t\t</article>\n\t\t\t\t\t\t\t\t\t<article>\n\t\t\t\t\t\t<h2><a href="app-details.php">App name 2</a></h2>\n\t\t\t\t\t\t<p><img src="http://placehold.it/100x100" class="al"/>In eget dui neque. Vivamus et odio orci. Ut nec elit lacus. Morbi non magna orci. Mauris at eros non felis dignissim aliquam id ac tellus. Cras purus odio, pretium eu ornare et, fermentum non ipsum. <a href="app-details.php">Leer mas sobre [app name 2]</a>.</p>\n\t\t\t\t\t</article>\n\t\t\t\t\t\t\t\t\t<article>\n\t\t\t\t\t\t<h2><a href="app-details.php">App name 3</a></h2>\n\t\t\t\t\t\t<p><img src="http://placehold.it/100x100" class="al"/>In eget dui neque. Vivamus et odio orci. Ut nec elit lacus. Morbi non magna orci. Mauris at eros non felis dignissim aliquam id ac tellus. Cras purus odio, pretium eu ornare et, fermentum non ipsum. <a href="app-details.php">Leer mas sobre [app name 3]</a>.</p>\n\t\t\t\t\t</article>\n\t\t\t\t\t\t\t\t\t<article>\n\t\t\t\t\t\t<h2><a href="app-details.php">App name 4</a></h2>\n\t\t\t\t\t\t<p><img src="http://placehold.it/100x100" class="al"/>In eget dui neque. Vivamus et odio orci. Ut nec elit lacus. Morbi non magna orci. Mauris at eros non felis dignissim aliquam id ac tellus. Cras purus odio, pretium eu ornare et, fermentum non ipsum. <a href="app-details.php">Leer mas sobre [app name 4]</a>.</p>\n\t\t\t\t\t</article>\n\t\t\t\t\t\t\t\t\t<article>\n\t\t\t\t\t\t<h2><a href="app-details.php">App name 5</a></h2>\n\t\t\t\t\t\t<p><img src="http://placehold.it/100x100" class="al"/>In eget dui neque. Vivamus et odio orci. Ut nec elit lacus. Morbi non magna orci. Mauris at eros non felis dignissim aliquam id ac tellus. Cras purus odio, pretium eu ornare et, fermentum non ipsum. <a href="app-details.php">Leer mas sobre [app name 5]</a>.</p>\n\t\t\t\t\t</article>\n\t\t\t\t\t\t\t\t\t<article>\n\t\t\t\t\t\t<h2><a href="app-details.php">App name 6</a></h2>\n\t\t\t\t\t\t<p><img src="http://placehold.it/100x100" class="al"/>In eget dui neque. Vivamus et odio orci. Ut nec elit lacus. Morbi non magna orci. Mauris at eros non felis dignissim aliquam id ac tellus. Cras purus odio, pretium eu ornare et, fermentum non ipsum. <a href="app-details.php">Leer mas sobre [app name 6]</a>.</p>\n\t\t\t\t\t</article>\n\t\t\t\t\t\t\t\t\t<article>\n\t\t\t\t\t\t<h2><a href="app-details.php">App name 7</a></h2>\n\t\t\t\t\t\t<p><img src="http://placehold.it/100x100" class="al"/>In eget dui neque. Vivamus et odio orci. Ut nec elit lacus. Morbi non magna orci. Mauris at eros non felis dignissim aliquam id ac tellus. Cras purus odio, pretium eu ornare et, fermentum non ipsum. <a href="app-details.php">Leer mas sobre [app name 7]</a>.</p>\n\t\t\t\t\t</article>\n\t\t\t\t\t\t\t\t\t<article>\n\t\t\t\t\t\t<h2><a href="app-details.php">App name 8</a></h2>\n\t\t\t\t\t\t<p><img src="http://placehold.it/100x100" class="al"/>In eget dui neque. Vivamus et odio orci. Ut nec elit lacus. Morbi non magna orci. Mauris at eros non felis dignissim aliquam id ac tellus. Cras purus odio, pretium eu ornare et, fermentum non ipsum. <a href="app-details.php">Leer mas sobre [app name 8]</a>.</p>\n\t\t\t\t\t</article>\n\t\t\t\t\t\t\t\t\t<article>\n\t\t\t\t\t\t<h2><a href="app-details.php">App name 9</a></h2>\n\t\t\t\t\t\t<p><img src="http://placehold.it/100x100" class="al"/>In eget dui neque. Vivamus et odio orci. Ut nec elit lacus. Morbi non magna orci. Mauris at eros non felis dignissim aliquam id ac tellus. Cras purus odio, pretium eu ornare et, fermentum non ipsum. <a href="app-details.php">Leer mas sobre [app name 9]</a>.</p>\n\t\t\t\t\t</article>\n\t\t\t\t\t\t\t\t\t<article>\n\t\t\t\t\t\t<h2><a href="app-details.php">App name 10</a></h2>\n\t\t\t\t\t\t<p><img src="http://placehold.it/100x100" class="al"/>In eget dui neque. Vivamus et odio orci. Ut nec elit lacus. Morbi non magna orci. Mauris at eros non felis dignissim aliquam id ac tellus. Cras purus odio, pretium eu ornare et, fermentum non ipsum. <a href="app-details.php">Leer mas sobre [app name 10]</a>.</p>\n\t\t\t\t\t</article>
12	<h1>Nuestras aplicaciones</h1>\n\t\t\t\t\t\t\t\t<article>\n\t\t\t\t\t\t<h2><a href="app-details.php">App name 1</a></h2>\n\t\t\t\t\t\t<p><img src="http://placehold.it/100x100" class="al"/>In eget dui neque. Vivamus et odio orci. Ut nec elit lacus. Morbi non magna orci. Mauris at eros non felis dignissim aliquam id ac tellus. Cras purus odio, pretium eu ornare et, fermentum non ipsum. <a href="app-details.php">Leer mas sobre [app name 1]</a>.</p>\n\t\t\t\t\t</article>\n\t\t\t\t\t\t\t\t\t<article>\n\t\t\t\t\t\t<h2><a href="app-details.php">App name 2</a></h2>\n\t\t\t\t\t\t<p><img src="http://placehold.it/100x100" class="al"/>In eget dui neque. Vivamus et odio orci. Ut nec elit lacus. Morbi non magna orci. Mauris at eros non felis dignissim aliquam id ac tellus. Cras purus odio, pretium eu ornare et, fermentum non ipsum. <a href="app-details.php">Leer mas sobre [app name 2]</a>.</p>\n\t\t\t\t\t</article>\n\t\t\t\t\t\t\t\t\t<article>\n\t\t\t\t\t\t<h2><a href="app-details.php">App name 3</a></h2>\n\t\t\t\t\t\t<p><img src="http://placehold.it/100x100" class="al"/>In eget dui neque. Vivamus et odio orci. Ut nec elit lacus. Morbi non magna orci. Mauris at eros non felis dignissim aliquam id ac tellus. Cras purus odio, pretium eu ornare et, fermentum non ipsum. <a href="app-details.php">Leer mas sobre [app name 3]</a>.</p>\n\t\t\t\t\t</article>\n\t\t\t\t\t\t\t\t\t<article>\n\t\t\t\t\t\t<h2><a href="app-details.php">App name 4</a></h2>\n\t\t\t\t\t\t<p><img src="http://placehold.it/100x100" class="al"/>In eget dui neque. Vivamus et odio orci. Ut nec elit lacus. Morbi non magna orci. Mauris at eros non felis dignissim aliquam id ac tellus. Cras purus odio, pretium eu ornare et, fermentum non ipsum. <a href="app-details.php">Leer mas sobre [app name 4]</a>.</p>\n\t\t\t\t\t</article>\n\t\t\t\t\t\t\t\t\t<article>\n\t\t\t\t\t\t<h2><a href="app-details.php">App name 5</a></h2>\n\t\t\t\t\t\t<p><img src="http://placehold.it/100x100" class="al"/>In eget dui neque. Vivamus et odio orci. Ut nec elit lacus. Morbi non magna orci. Mauris at eros non felis dignissim aliquam id ac tellus. Cras purus odio, pretium eu ornare et, fermentum non ipsum. <a href="app-details.php">Leer mas sobre [app name 5]</a>.</p>\n\t\t\t\t\t</article>\n\t\t\t\t\t\t\t\t\t<article>\n\t\t\t\t\t\t<h2><a href="app-details.php">App name 6</a></h2>\n\t\t\t\t\t\t<p><img src="http://placehold.it/100x100" class="al"/>In eget dui neque. Vivamus et odio orci. Ut nec elit lacus. Morbi non magna orci. Mauris at eros non felis dignissim aliquam id ac tellus. Cras purus odio, pretium eu ornare et, fermentum non ipsum. <a href="app-details.php">Leer mas sobre [app name 6]</a>.</p>\n\t\t\t\t\t</article>\n\t\t\t\t\t\t\t\t\t<article>\n\t\t\t\t\t\t<h2><a href="app-details.php">App name 7</a></h2>\n\t\t\t\t\t\t<p><img src="http://placehold.it/100x100" class="al"/>In eget dui neque. Vivamus et odio orci. Ut nec elit lacus. Morbi non magna orci. Mauris at eros non felis dignissim aliquam id ac tellus. Cras purus odio, pretium eu ornare et, fermentum non ipsum. <a href="app-details.php">Leer mas sobre [app name 7]</a>.</p>\n\t\t\t\t\t</article>\n\t\t\t\t\t\t\t\t\t<article>\n\t\t\t\t\t\t<h2><a href="app-details.php">App name 8</a></h2>\n\t\t\t\t\t\t<p><img src="http://placehold.it/100x100" class="al"/>In eget dui neque. Vivamus et odio orci. Ut nec elit lacus. Morbi non magna orci. Mauris at eros non felis dignissim aliquam id ac tellus. Cras purus odio, pretium eu ornare et, fermentum non ipsum. <a href="app-details.php">Leer mas sobre [app name 8]</a>.</p>\n\t\t\t\t\t</article>\n\t\t\t\t\t\t\t\t\t<article>\n\t\t\t\t\t\t<h2><a href="app-details.php">App name 9</a></h2>\n\t\t\t\t\t\t<p><img src="http://placehold.it/100x100" class="al"/>In eget dui neque. Vivamus et odio orci. Ut nec elit lacus. Morbi non magna orci. Mauris at eros non felis dignissim aliquam id ac tellus. Cras purus odio, pretium eu ornare et, fermentum non ipsum. <a href="app-details.php">Leer mas sobre [app name 9]</a>.</p>\n\t\t\t\t\t</article>\n\t\t\t\t\t\t\t\t\t<article>\n\t\t\t\t\t\t<h2><a href="app-details.php">App name 10</a></h2>\n\t\t\t\t\t\t<p><img src="http://placehold.it/100x100" class="al"/>In eget dui neque. Vivamus et odio orci. Ut nec elit lacus. Morbi non magna orci. Mauris at eros non felis dignissim aliquam id ac tellus. Cras purus odio, pretium eu ornare et, fermentum non ipsum. <a href="app-details.php">Leer mas sobre [app name 10]</a>.</p>\n\t\t\t\t\t</article>
13	<h2>Rufi Adventures</h2><article>\n\t\t\t\t<a href="app-details.php"><img src="img/games/spotlight-games-01.jpg" class="thumb"/></a>\n\t\t\t\t<h3><a href="app-details.php">Nombre del juego</a></h3>\n\t\t\t\t<p>Nulla facilisi. Nullam id nibh vel velit laoreet ultricies. Morbi laoreet gravi gravida magna in mollis. Duis dictum feugiat odio lorem facta. <a href="app-details.php">Leer mas sobre [Nombre del juego]</a>.</p>\n\t\t\t</article><article>\n\t\t\t\t<a href="app-details.php"><img src="img/games/spotlight-games-02.jpg" class="thumb"/></a>\n\t\t\t\t<h3><a href="app-details.php">Nombre del juego</a></h3>\n\t\t\t\t<p>Nulla facilisi. Nullam id nibh vel velit laoreet ultricies. Morbi laoreet gravi gravida magna in mollis. Duis dictum feugiat odio lorem facta. <a href="app-details.php">Leer mas sobre [Nombre del juego]</a>.</p>\n\t\t\t</article><article>\n\t\t\t\t<a href="app-details.php"><img src="img/games/spotlight-games-03.jpg" class="thumb"/></a>\n\t\t\t\t<h3><a href="app-details.php">Nombre del juego</a></h3>\n\t\t\t\t<p>Nulla facilisi. Nullam id nibh vel velit laoreet ultricies. Morbi laoreet gravi gravida magna in mollis. Duis dictum feugiat odio lorem facta. <a href="app-details.php">Leer mas sobre [Nombre del juego]</a>.</p>\n\t\t\t</article>
14	<h1>Quienes somos</h1>\n\t\t\t<p>Ut lacinia interdum lacus lobortis cursus. Aliquam erat volutpat. Sed molestie facilisis massa, quis vestibulum libero sagittis at. Sed metus urna, fringilla ac porta et, rhoncus pulvinar lorem.</p>\n\n\t\t\t<article>\n\t\t\t\t\t<h2>Nombre Appellidos</h2>\n\t\t\t\t\t<p>In eget dui neque. Vivamus et odio orci. Ut nec elit lacus. Morbi non magna orci. Mauris at eros non felis dignissim aliquam id ac tellus. Cras purus odio, pretium eu ornare et, fermentum non ipsum. Nam consectetur ligula eget mi scelerisque pulvinar. Duis feugiat mauris sit amet enim fringilla gravida. Mauris at sem vitae justo malesuada consectetur a ut nibh.</p>\n\t\t\t\t</article><article>\n\t\t\t\t\t<h2>Nombre Appellidos</h2>\n\t\t\t\t\t<p>In eget dui neque. Vivamus et odio orci. Ut nec elit lacus. Morbi non magna orci. Mauris at eros non felis dignissim aliquam id ac tellus. Cras purus odio, pretium eu ornare et, fermentum non ipsum. Nam consectetur ligula eget mi scelerisque pulvinar. Duis feugiat mauris sit amet enim fringilla gravida. Mauris at sem vitae justo malesuada consectetur a ut nibh.</p>\n\t\t\t\t</article><article>\n\t\t\t\t\t<h2>Nombre Appellidos</h2>\n\t\t\t\t\t<p>In eget dui neque. Vivamus et odio orci. Ut nec elit lacus. Morbi non magna orci. Mauris at eros non felis dignissim aliquam id ac tellus. Cras purus odio, pretium eu ornare et, fermentum non ipsum. Nam consectetur ligula eget mi scelerisque pulvinar. Duis feugiat mauris sit amet enim fringilla gravida. Mauris at sem vitae justo malesuada consectetur a ut nibh.</p>\n\t\t\t\t</article>\t\t\t\n\t\t\t<article>\n\t\t\t\t<h2>Contacto</h2>\n\t\t\t\t<p>In eget dui neque. Vivamus et odio orci. Ut nec elit lacus. Morbi non magna orci. Mauris at eros non felis dignissim aliquam id ac tellus. Cras purus odio, pretium eu ornare et, fermentum non ipsum. <a href="contacto.php">Nam consectetur ligul</a>.</p>\n\t\t\t</article>\n\t\t
15	<h2><a href="metodo-infantium.php">Metodo Infantium</a></h2>\n\t\t\t<article>\n\t\t\t\t<h3><a href="metodo-infantium.php#logica">Logica</a></h3>\n\t\t\t\t<p>Nulla facilisi. Nullam id nibh vel velit laoreet ultricies. Morbi laoreet gravi gravida magna in mollis. Duis dictum feugiat odio lorem facta. <a href="metodo-infantium.php#logica">Leer mas sobre logica.</a></p>\n\t\t\t</article>\n\t\t\t<article>\n\t\t\t\t<h3><a href="metodo-infantium.php#representacion-mental">Representacion mental</a></h3>\n\t\t\t\t<p>Nulla facilisi. Nullam id nibh vel velit laoreet ultricies. Morbi laoreet gravi gravida magna in mollis. Duis dictum feugiat odio lorem facta. <a href="metodo-infantium.php#representacion-mental">Leer mas sobre representacion mental.</a></p>\n\t\t\t</article>\n\t\t\t<article>\n\t\t\t\t<h3><a href="metodo-infantium.php#lenguaje">Lenguaje</a></h3>\n\t\t\t\t<p>Nulla facilisi. Nullam id nibh vel velit laoreet ultricies. Morbi laoreet gravi gravida magna in mollis. Duis dictum feugiat odio lorem facta. <a href="metodo-infantium.php#lenguaje">Leer mas sobre lenguaje.</a></p>\n\t\t\t</article>
16	<h1>Quienes somos</h1>\n\t\t\t<p>Ut lacinia interdum lacus lobortis cursus. Aliquam erat volutpat. Sed molestie facilisis massa, quis vestibulum libero sagittis at. Sed metus urna, fringilla ac porta et, rhoncus pulvinar lorem.</p>\n\n\t\t\t<article>\n\t\t\t\t\t<h2>Nombre Appellidos</h2>\n\t\t\t\t\t<p>In eget dui neque. Vivamus et odio orci. Ut nec elit lacus. Morbi non magna orci. Mauris at eros non felis dignissim aliquam id ac tellus. Cras purus odio, pretium eu ornare et, fermentum non ipsum. Nam consectetur ligula eget mi scelerisque pulvinar. Duis feugiat mauris sit amet enim fringilla gravida. Mauris at sem vitae justo malesuada consectetur a ut nibh.</p>\n\t\t\t\t</article><article>\n\t\t\t\t\t<h2>Nombre Appellidos</h2>\n\t\t\t\t\t<p>In eget dui neque. Vivamus et odio orci. Ut nec elit lacus. Morbi non magna orci. Mauris at eros non felis dignissim aliquam id ac tellus. Cras purus odio, pretium eu ornare et, fermentum non ipsum. Nam consectetur ligula eget mi scelerisque pulvinar. Duis feugiat mauris sit amet enim fringilla gravida. Mauris at sem vitae justo malesuada consectetur a ut nibh.</p>\n\t\t\t\t</article><article>\n\t\t\t\t\t<h2>Nombre Appellidos</h2>\n\t\t\t\t\t<p>In eget dui neque. Vivamus et odio orci. Ut nec elit lacus. Morbi non magna orci. Mauris at eros non felis dignissim aliquam id ac tellus. Cras purus odio, pretium eu ornare et, fermentum non ipsum. Nam consectetur ligula eget mi scelerisque pulvinar. Duis feugiat mauris sit amet enim fringilla gravida. Mauris at sem vitae justo malesuada consectetur a ut nibh.</p>\n\t\t\t\t</article>\t\t\t\n\t\t\t<article>\n\t\t\t\t<h2>Contacto</h2>\n\t\t\t\t<p>In eget dui neque. Vivamus et odio orci. Ut nec elit lacus. Morbi non magna orci. Mauris at eros non felis dignissim aliquam id ac tellus. Cras purus odio, pretium eu ornare et, fermentum non ipsum. <a href="contacto.php">Nam consectetur ligul</a>.</p>\n\t\t\t</article>\n\t\t
17	<h2><a href="metodo-infantium.php">Metodo Infantium</a></h2>\n\t\t\t<article>\n\t\t\t\t<h3><a href="metodo-infantium.php#logica">Logica</a></h3>\n\t\t\t\t<p>Nulla facilisi. Nullam id nibh vel velit laoreet ultricies. Morbi laoreet gravi gravida magna in mollis. Duis dictum feugiat odio lorem facta. <a href="metodo-infantium.php#logica">Leer mas sobre logica.</a></p>\n\t\t\t</article>\n\t\t\t<article>\n\t\t\t\t<h3><a href="metodo-infantium.php#representacion-mental">Representacion mental</a></h3>\n\t\t\t\t<p>Nulla facilisi. Nullam id nibh vel velit laoreet ultricies. Morbi laoreet gravi gravida magna in mollis. Duis dictum feugiat odio lorem facta. <a href="metodo-infantium.php#representacion-mental">Leer mas sobre representacion mental.</a></p>\n\t\t\t</article>\n\t\t\t<article>\n\t\t\t\t<h3><a href="metodo-infantium.php#lenguaje">Lenguaje</a></h3>\n\t\t\t\t<p>Nulla facilisi. Nullam id nibh vel velit laoreet ultricies. Morbi laoreet gravi gravida magna in mollis. Duis dictum feugiat odio lorem facta. <a href="metodo-infantium.php#lenguaje">Leer mas sobre lenguaje.</a></p>\n\t\t\t</article>
20	<h1>Terms and conditions</h1>\n\t\t\t<p>In eget dui neque. Vivamus et odio orci. Ut nec elit lacus. Morbi non magna orci. Mauris at eros non felis dignissim aliquam id ac tellus. Cras purus odio, pretium eu ornare et, fermentum non ipsum. Nam consectetur ligula eget mi scelerisque pulvinar. Duis feugiat mauris sit amet enim fringilla gravida. Mauris at sem vitae justo malesuada consectetur a ut nibh.</p>\n\t\t\t<p>In eget dui neque. Vivamus et odio orci. Ut nec elit lacus. Morbi non magna orci. Mauris at eros non felis dignissim aliquam id ac tellus. Cras purus odio, pretium eu ornare et, fermentum non ipsum. Nam consectetur ligula eget mi scelerisque pulvinar. Duis feugiat mauris sit amet enim fringilla gravida. Mauris at sem vitae justo malesuada consectetur a ut nibh.</p>\n\t\t\t<p>In eget dui neque. Vivamus et odio orci. Ut nec elit lacus. Morbi non magna orci. Mauris at eros non felis dignissim aliquam id ac tellus. Cras purus odio, pretium eu ornare et, fermentum non ipsum. Nam consectetur ligula eget mi scelerisque pulvinar. Duis feugiat mauris sit amet enim fringilla gravida. Mauris at sem vitae justo malesuada consectetur a ut nibh.</p>\n\t\t\t<p>In eget dui neque. Vivamus et odio orci. Ut nec elit lacus. Morbi non magna orci. Mauris at eros non felis dignissim aliquam id ac tellus. Cras purus odio, pretium eu ornare et, fermentum non ipsum. Nam consectetur ligula eget mi scelerisque pulvinar. Duis feugiat mauris sit amet enim fringilla gravida. Mauris at sem vitae justo malesuada consectetur a ut nibh.</p>\n\t\t\t
21	<h2><a href="metodo-infantium.php">Metodo Infantium</a></h2>\n\t\t\t<article>\n\t\t\t\t<h3><a href="metodo-infantium.php#logica">Logica</a></h3>\n\t\t\t\t<p>Nulla facilisi. Nullam id nibh vel velit laoreet ultricies. Morbi laoreet gravi gravida magna in mollis. Duis dictum feugiat odio lorem facta. <a href="metodo-infantium.php#logica">Leer mas sobre logica.</a></p>\n\t\t\t</article>\n\t\t\t<article>\n\t\t\t\t<h3><a href="metodo-infantium.php#representacion-mental">Representacion mental</a></h3>\n\t\t\t\t<p>Nulla facilisi. Nullam id nibh vel velit laoreet ultricies. Morbi laoreet gravi gravida magna in mollis. Duis dictum feugiat odio lorem facta. <a href="metodo-infantium.php#representacion-mental">Leer mas sobre representacion mental.</a></p>\n\t\t\t</article>\n\t\t\t<article>\n\t\t\t\t<h3><a href="metodo-infantium.php#lenguaje">Lenguaje</a></h3>\n\t\t\t\t<p>Nulla facilisi. Nullam id nibh vel velit laoreet ultricies. Morbi laoreet gravi gravida magna in mollis. Duis dictum feugiat odio lorem facta. <a href="metodo-infantium.php#lenguaje">Leer mas sobre lenguaje.</a></p>\n\t\t\t</article>
22	<h1>Contacto</h1>\n\t\t\n\t\t\t<form action="form_action.php" method="post" class="large-form">\n\t\t\t\t<fieldset>\n\t\t\t\t\t<ul>\n\t\t\t\t\t\t<li class="input-container">\n\t\t\t\t\t\t\t<label class="ir" for="email">Email</label>\n\t\t\t\t\t\t\t<input id="email" class="text"/>\n\t\t\t\t\t\t\t<span class="form-error">Email incorrecto</span>\n\t\t\t\t\t\t</li>\n\t\t\t\t\t\t<li class="input-container">\n\t\t\t\t\t\t\t<label class="ir" for="message">Mensaje</label>\n\t\t\t\t\t\t\t<textarea id="message" rows="8" cols="20" class="textarea"/>\n\t\t\t\t\t\t\t<span class="form-error">Introducir un mensaje</span>\n\t\t\t\t\t\t</li>\n\t\t\t\t\t\t<li class="btn-container">\n\t\t\t\t\t\t\t<input type="submit" class="btn btn-blue" value="Envia"/>\n\t\t\t\t\t\t</li>\n\t\t\t\t\t</ul>\n\t\t\t\t</fieldset>\n\t\t\t</form>\n\t\t\n\t\t\t\t\t<ul class="social-buttons">\n\t\t\t<li>\n\t\t\t\t<a href="https://twitter.com/share" class="twitter-share-button">Tweet</a>\n\t\t\t    \n\t\t\t</li>\n\t\t\t<li>\n\t\t\t\t<a href="http://pinterest.com/pin/create/button/?url=http%3A%2F%2FmyUrl&amp;media=http%3A%2F%2FmyImage&amp;description=sef" class="pin-it-button"><img src="//assets.pinterest.com/images/PinExt.png" title="Pin It"/></a>\n\t\t\t</li>\n\t\t\t<li>\n\t\t\t\t<div class="fb-like"/>\n\t\t\t</li>\n\t\t</ul>
19	<h2><a href="metodo-infantium.php">Metodo Infantium</a></h2>\n\t\t\t<article>\n\t\t\t\t<h3><a href="metodo-infantium.php#logica">Logica</a></h3>\n\t\t\t\t<p>Nulla facilisi. Nullam id nibh vel velit laoreet ultricies. Morbi laoreet gravi gravida magna in mollis. Duis dictum feugiat odio lorem facta. <a href="metodo-infantium.php#logica">Leer mas sobre logica.</a></p>\n\t\t\t</article>\n\t\t\t<article>\n\t\t\t\t<h3><a href="metodo-infantium.php#representacion-mental">Representacion mental</a></h3>\n\t\t\t\t<p>Nulla facilisi. Nullam id nibh vel velit laoreet ultricies. Morbi laoreet gravi gravida magna in mollis. Duis dictum feugiat odio lorem facta. <a href="metodo-infantium.php#representacion-mental">Leer mas sobre representacion mental.</a></p>\n\t\t\t</article>\n\t\t\t<article>\n\t\t\t\t<h3><a href="metodo-infantium.php#lenguaje">Lenguaje</a></h3>\n\t\t\t\t<p>Nulla facilisi. Nullam id nibh vel velit laoreet ultricies. Morbi laoreet gravi gravida magna in mollis. Duis dictum feugiat odio lorem facta. <a href="metodo-infantium.php#lenguaje">Leer mas sobre lenguaje.</a></p>\n\t\t\t</article>
\.


--
-- Data for Name: cmsplugin_twitterrecententries; Type: TABLE DATA; Schema: public; Owner: infantiumdba
--

COPY cmsplugin_twitterrecententries (cmsplugin_ptr_id, title, twitter_user, count, link_hint) FROM stdin;
\.


--
-- Data for Name: cmsplugin_twittersearch; Type: TABLE DATA; Schema: public; Owner: infantiumdba
--

COPY cmsplugin_twittersearch (cmsplugin_ptr_id, title, query, count) FROM stdin;
\.


--
-- Data for Name: cmsplugin_video; Type: TABLE DATA; Schema: public; Owner: infantiumdba
--

COPY cmsplugin_video (cmsplugin_ptr_id, movie, movie_url, image, width, height, auto_play, auto_hide, fullscreen, loop, bgcolor, textcolor, seekbarcolor, seekbarbgcolor, loadingbarcolor, buttonoutcolor, buttonovercolor, buttonhighlightcolor) FROM stdin;
\.


--
-- Data for Name: db_chart; Type: TABLE DATA; Schema: public; Owner: infantiumdba
--

COPY db_chart (id, meta, deleted, "dtCreationDateTime", "dtModificationDateTime", title, summary, type, player_id) FROM stdin;
\.


--
-- Data for Name: db_chart_indicators; Type: TABLE DATA; Schema: public; Owner: infantiumdba
--

COPY db_chart_indicators (id, chart_id, indicator_id) FROM stdin;
\.


--
-- Data for Name: db_cognitivearea; Type: TABLE DATA; Schema: public; Owner: infantiumdba
--

COPY db_cognitivearea (id, meta, deleted, "dtCreationDateTime", "dtModificationDateTime", name, active) FROM stdin;
\.


--
-- Data for Name: db_cognitivearea_multiple_intelligences; Type: TABLE DATA; Schema: public; Owner: infantiumdba
--

COPY db_cognitivearea_multiple_intelligences (id, cognitivearea_id, multipleintelligence_id) FROM stdin;
\.


--
-- Data for Name: db_game; Type: TABLE DATA; Schema: public; Owner: infantiumdba
--

COPY db_game (id, meta, deleted, "dtCreationDateTime", "dtModificationDateTime", name, min_age_months, max_age_months, short_desc, long_desc) FROM stdin;
1	{"meta1": "1"}	f	2012-08-30 21:17:53.321+02	2012-08-30 21:17:53.321+02	Game1	8	24	descripcion	descripcion larga
\.


--
-- Data for Name: db_gameplay; Type: TABLE DATA; Schema: public; Owner: infantiumdba
--

COPY db_gameplay (id, meta, deleted, "dtCreationDateTime", "dtModificationDateTime", is_playing, start_play, end_play, player_id, game_id) FROM stdin;
\.


--
-- Data for Name: db_gameroute; Type: TABLE DATA; Schema: public; Owner: infantiumdba
--

COPY db_gameroute (id, meta, deleted, "dtCreationDateTime", "dtModificationDateTime", elapsed_time, "order", game_play_id) FROM stdin;
\.


--
-- Data for Name: db_indicator; Type: TABLE DATA; Schema: public; Owner: infantiumdba
--

COPY db_indicator (id, meta, deleted, "dtCreationDateTime", "dtModificationDateTime", name, value) FROM stdin;
\.


--
-- Data for Name: db_indicator_cognitive_areas; Type: TABLE DATA; Schema: public; Owner: infantiumdba
--

COPY db_indicator_cognitive_areas (id, indicator_id, cognitivearea_id) FROM stdin;
\.


--
-- Data for Name: db_level; Type: TABLE DATA; Schema: public; Owner: infantiumdba
--

COPY db_level (id, meta, deleted, "dtCreationDateTime", "dtModificationDateTime", name, number) FROM stdin;
\.


--
-- Data for Name: db_multipleintelligence; Type: TABLE DATA; Schema: public; Owner: infantiumdba
--

COPY db_multipleintelligence (id, meta, deleted, "dtCreationDateTime", "dtModificationDateTime", name, "order", active) FROM stdin;
\.


--
-- Data for Name: db_player; Type: TABLE DATA; Schema: public; Owner: infantiumdba
--

COPY db_player (id, meta, deleted, "dtCreationDateTime", "dtModificationDateTime", nickname, months, user_profile_id) FROM stdin;
1	{}	f	2012-08-30 21:16:14.76+02	2012-08-30 21:16:18.968+02	menino	12	1
\.


--
-- Data for Name: db_route_node; Type: TABLE DATA; Schema: public; Owner: infantiumdba
--

COPY db_route_node (id, path, depth, numchild, node_creation, meta, scene_id, game_route_id) FROM stdin;
\.


--
-- Data for Name: db_scene; Type: TABLE DATA; Schema: public; Owner: infantiumdba
--

COPY db_scene (id, meta, deleted, "dtCreationDateTime", "dtModificationDateTime", name, level_id) FROM stdin;
\.


--
-- Data for Name: db_score; Type: TABLE DATA; Schema: public; Owner: infantiumdba
--

COPY db_score (id, meta, deleted, "dtCreationDateTime", "dtModificationDateTime", results, fields, game_route_id, indicator_id) FROM stdin;
\.


--
-- Data for Name: db_userprofile; Type: TABLE DATA; Schema: public; Owner: infantiumdba
--

COPY db_userprofile (id, meta, deleted, "dtCreationDateTime", "dtModificationDateTime", user_id, sex, country_code, image) FROM stdin;
1	{}	f	2012-08-30 20:44:02.05+02	2012-08-30 20:54:03.157+02	3	m	es	users/avatars/painting.png
\.


--
-- Data for Name: django_admin_log; Type: TABLE DATA; Schema: public; Owner: infantiumdba
--

COPY django_admin_log (id, action_time, user_id, content_type_id, object_id, object_repr, action_flag, change_message) FROM stdin;
1	2012-08-24 17:09:29.079243+02	1	52	1	Subscribe 'Default'	1	
2	2012-08-24 17:09:51.824205+02	1	20	2	infantium.com	1	
3	2012-08-24 17:10:22.5118+02	1	52	2	Unsubscribe 'Default'	1	
4	2012-08-24 17:10:40.396004+02	1	52	3	Update 'Default'	1	
5	2012-08-24 17:10:58.995649+02	1	52	4	Mensaje 'Default'	1	
6	2012-08-24 17:11:01.027213+02	1	53	1	Infantium Newsletter	1	
7	2012-08-24 17:48:28.946936+02	1	17	2	dani.gonzalez@infantium.com	1	
8	2012-08-24 17:48:48.775022+02	1	17	2	dani.gonzalez@infantium.com	2	Modificado/a password, first_name, last_name y email.
9	2012-08-24 18:23:37.279548+02	1	36	2	Mtodo Infantium	2	Modificado/a moderator_state.
10	2012-08-24 18:23:54.462267+02	1	36	2	Infantium Method	2	Modificado/a slug, language y moderator_state.
11	2012-08-30 17:05:35.386813+02	1	36	4	Infantium Apps	1	
12	2012-08-30 17:07:16.75509+02	1	36	4	Infantium Apps	2	Changed title, slug, published, reverse_id and moderator_state.
13	2012-08-30 17:09:00.441246+02	1	36	4	Infantium Apps	2	Changed moderator_state.
14	2012-08-30 17:09:41.698782+02	1	36	4	Infantium Apps	2	Changed language and moderator_state.
15	2012-08-30 17:10:19.694013+02	1	36	5	Quines Somos	1	
16	2012-08-30 17:12:43.27559+02	1	36	5	Quines Somos	2	Changed title, slug, published and moderator_state.
17	2012-08-30 17:13:26.164156+02	1	36	5	Quines Somos	2	Changed reverse_id, language and moderator_state.
18	2012-08-30 17:13:49.987949+02	1	36	6	Contacto	1	
19	2012-08-30 17:15:25.726241+02	1	36	6	Contacto	2	Changed title, slug, published, reverse_id and moderator_state.
20	2012-08-30 17:16:12.382057+02	1	36	7	Trminos de Uso	1	
21	2012-08-30 17:21:47.635133+02	1	36	7	Trminos de Uso	2	Changed title, slug, published, reverse_id and moderator_state.
22	2012-08-30 17:33:03.966356+02	1	36	6	Contacto	2	Changed login_required and moderator_state.
23	2012-08-30 17:33:24.831437+02	1	36	2	Infantium Method	2	Changed template, login_required and moderator_state.
24	2012-08-30 17:33:40.805113+02	1	36	4	Infantium Apps	2	Changed login_required and moderator_state.
25	2012-08-30 17:34:04.047703+02	1	36	5	Quines Somos	2	Changed login_required and moderator_state.
26	2012-08-30 17:34:21.133799+02	1	36	7	Trminos de Uso	2	Changed login_required and moderator_state.
27	2012-08-30 20:44:02.096924+02	1	17	3	testplayer@infantium.com	1	
28	2012-08-30 20:44:32.931449+02	1	17	3	testplayer@infantium.com	2	Changed password, first_name, last_name and email.
29	2012-08-30 20:44:35.643659+02	1	17	3	testplayer@infantium.com	2	Changed password.
30	2012-08-30 20:54:03.175953+02	1	58	1	UserProfile object	2	Changed sex, country_code and image.
31	2012-08-30 21:16:14.866707+02	1	59	1	Player object	1	
32	2012-08-30 21:16:18.971044+02	1	59	1	Player object	2	No fields changed.
33	2012-08-30 21:17:53.342928+02	1	60	1	Game object	1	
\.


--
-- Data for Name: django_comment_flags; Type: TABLE DATA; Schema: public; Owner: infantiumdba
--

COPY django_comment_flags (id, user_id, comment_id, flag, flag_date) FROM stdin;
\.


--
-- Data for Name: django_comments; Type: TABLE DATA; Schema: public; Owner: infantiumdba
--

COPY django_comments (id, content_type_id, object_pk, site_id, user_id, user_name, user_email, user_url, comment, submit_date, ip_address, is_public, is_removed) FROM stdin;
\.


--
-- Data for Name: django_content_type; Type: TABLE DATA; Schema: public; Owner: infantiumdba
--

COPY django_content_type (id, name, app_label, model) FROM stdin;
15	permission	auth	permission
16	group	auth	group
17	user	auth	user
18	content type	contenttypes	contenttype
19	session	sessions	session
20	site	sites	site
21	comment	comments	comment
22	comment flag	comments	commentflag
23	log entry	admin	logentry
24	user profile	web	userprofile
25	game	web	game
26	tag	tagging	tag
27	tagged item	tagging	taggeditem
28	migration history	south	migrationhistory
29	api access	tastypie	apiaccess
30	api key	tastypie	apikey
31	category	zinnia	category
32	entry	zinnia	entry
33	author	zinnia	author
34	placeholder	cms	placeholder
35	cms plugin	cms	cmsplugin
36	page	cms	page
37	PageModerator	cms	pagemoderator
38	Page moderator state	cms	pagemoderatorstate
39	Page global permission	cms	globalpagepermission
40	Page permission	cms	pagepermission
41	User (page)	cms	pageuser
42	User group (page)	cms	pageusergroup
43	title	cms	title
44	cache key	menus	cachekey
45	text	text	text
46	link	link	link
47	picture	picture	picture
48	file	file	file
49	video	video	video
50	twitter recent entries	twitter	twitterrecententries
51	twitter search	twitter	twittersearch
52	e-mail template	newsletter	emailtemplate
53	newsletter	newsletter	newsletter
54	subscription	newsletter	subscription
55	article	newsletter	article
56	message	newsletter	message
57	submission	newsletter	submission
58	user profile	db	userprofile
59	player	db	player
60	game	db	game
61	game play	db	gameplay
62	level	db	level
63	scene	db	scene
64	game route	db	gameroute
65	route_ node	db	route_node
66	cognitive area	db	cognitivearea
67	chart	db	chart
68	indicator	db	indicator
69	multiple intelligence	db	multipleintelligence
70	score	db	score
\.


--
-- Data for Name: django_session; Type: TABLE DATA; Schema: public; Owner: infantiumdba
--

COPY django_session (session_key, session_data, expire_date) FROM stdin;
f1cb179642d7eb14cd503babf9e1cd01	YmUyODJiMWJkNzRiOGUyYzdjMjYyYTMwODQzNzgwNDMzMWUzNWY3ZjqAAn1xAShVDmNtc19hZG1p\nbl9zaXRlSwFVEl9hdXRoX3VzZXJfYmFja2VuZFUpZGphbmdvLmNvbnRyaWIuYXV0aC5iYWNrZW5k\ncy5Nb2RlbEJhY2tlbmRVCnRlc3Rjb29raWVVBndvcmtlZFUPZGphbmdvX2xhbmd1YWdlWAIAAABl\nc3ECVQ1fYXV0aF91c2VyX2lkSwF1Lg==\n	2012-09-07 18:18:17.271467+02
a2211bcdb1de2c34fc81a59fc741d565	ZDljNWE4NzQ2M2Y1OTVhYTFjYmE0ZGMxODY1MWUyZmFiZmQzODliNjqAAn1xAS4=\n	2012-09-07 16:48:24.179931+02
6bf4fab4b5d4bcca76a626f270da3eea	ZTBmZjYzNjE1ZmFkMThiOWZlZWNhYWY2YzA2YzU4Yzc1ZTQyMDU5ODqAAn1xAShVDmNtc19hZG1p\nbl9zaXRlSwFVDV9hdXRoX3VzZXJfaWRLAVUPZGphbmdvX2xhbmd1YWdlWAIAAABlbnECVRJfYXV0\naF91c2VyX2JhY2tlbmRVKWRqYW5nby5jb250cmliLmF1dGguYmFja2VuZHMuTW9kZWxCYWNrZW5k\ndS4=\n	2012-09-13 17:34:33.278101+02
88dab634ecd220ff35c94f356ff16908	MjFiNWQxMjZhMmFlNDE1MzQ3OGY4MjY4MzlhMTJlNGM2ODI2MDBiMjqAAn1xAShVDV9hdXRoX3Vz\nZXJfaWRLA1UPZGphbmdvX2xhbmd1YWdlWAIAAABlbnECVRJfYXV0aF91c2VyX2JhY2tlbmRVKWRq\nYW5nby5jb250cmliLmF1dGguYmFja2VuZHMuTW9kZWxCYWNrZW5kdS4=\n	2012-09-14 18:26:57.764281+02
c9ae1cc82ba943fb662b7cb5e0f6d35a	YjE4Y2RjYjMwN2JmYjNmMTJlMjEzNzlhNTcwNjk5YWE2ZjA5YWYzZDqAAn1xAShVEl9hdXRoX3Vz\nZXJfYmFja2VuZFUpZGphbmdvLmNvbnRyaWIuYXV0aC5iYWNrZW5kcy5Nb2RlbEJhY2tlbmRVD2Rq\nYW5nb19sYW5ndWFnZVgCAAAAZW5xAlUNX2F1dGhfdXNlcl9pZEsCdS4=\n	2012-09-13 18:27:18.127779+02
\.


--
-- Data for Name: django_site; Type: TABLE DATA; Schema: public; Owner: infantiumdba
--

COPY django_site (id, domain, name) FROM stdin;
2	infantium.com	Infantium
1	localhost:8000	localhost:8000
\.


--
-- Data for Name: menus_cachekey; Type: TABLE DATA; Schema: public; Owner: infantiumdba
--

COPY menus_cachekey (id, language, site, key) FROM stdin;
\.


--
-- Data for Name: newsletter_article; Type: TABLE DATA; Schema: public; Owner: infantiumdba
--

COPY newsletter_article (id, sortorder, title, text, url, image, thumb, post_id) FROM stdin;
\.


--
-- Data for Name: newsletter_emailtemplate; Type: TABLE DATA; Schema: public; Owner: infantiumdba
--

COPY newsletter_emailtemplate (id, title, action, subject, text, html) FROM stdin;
1	Default	message	{{ newsletter.title }} - {{ message.title }}	++++++++++++++++++++\r\n\r\n{{ newsletter.title }} {{ message.title }}\r\n\r\n++++++++++++++++++++\r\n\r\n{% for article in message.articles.all %}\r\n{{ article.title }}\r\n{{ article.text|striptags|safe }}\r\n\r\n{% endfor %}\r\n\r\n++++++++++++++++++++	
2	Default	subscribe	{{ newsletter.title }} - Confirm subscription	Dear {{ subscription.name }},\r\n\r\nyou, or someone in your name requested a subscription to {{ newsletter.title }}.\r\n\r\nIf you would like to confirm your subscription, please follow this activation link:\r\nhttp://{{ site.domain }}{{ subscription.subscribe_activate_url }}\r\n\r\nKind regards,\r\n{{ newsletter.sender }}	
3	Default	unsubscribe	{{ newsletter.title }} - Confirm unsubscription	Dear {{ subscription.name }},\r\n\r\nyou, or someone in your name requested unsubscription from {{ newsletter.title }}.\r\n\r\nIf you would like to confirm your subscription, please follow this activation link:\r\nhttp://{{ site.domain }}{{ subscription.unsubscribe_activate_url }}\r\n\r\nKind regards,\r\n{{ newsletter.sender }}	
4	Default	update	{{ newsletter.title }} - Update information	Dear {{ subscription.name }},\r\n\r\nyou, or someone in your name requested updating your personal information for {{ newsletter.title }}.\r\n\r\nTo make changes to your information in our database, please follow this activation link:\r\nhttp://{{ site.domain }}{{ subscription.update_activate_url }}\r\n\r\nKind regards,\r\n{{ newsletter.sender }}	
5	Newsletter Template	message	{{ newsletter.title }} - {{ message.title }}	--	<!DOCTYPE HTML>\r\n<html lang="en-US">\r\n<head>\r\n\t<meta charset="UTF-8">\r\n\t<meta name="viewport" content="width=device-width, initial-scale=1, maximum-scale=1, user-scalable=0">\r\n\t<title>{{ newsletter.title }} - {{ message.title }}</title>\r\n\t<style type="text/css">\r\n\t\t/* EMBEDDED CSS\r\n\t\tAndroid Mail doesn't support "class" declarations outside of a media query so use inline CSS as a rule.\r\n\t\tMore info: Http://www.emailonacid.com/blog/the_android_mail_app_and_css_class_declarations/ */\r\n\r\n\r\n\t\t/****** EMAIL CLIENT BUG FIXES - BEST NOT TO CHANGE THESE ********/\r\n\r\n\r\n\t\t/* Forces Hotmail to display emails at full width. */\r\n\t\t.ExternalClass {width:100%;}\r\n\r\n\t\t/* Forces Hotmail to display normal line spacing. */\r\n\t\t.ExternalClass, .ExternalClass p, .ExternalClass span, .ExternalClass font, .ExternalClass td, .ExternalClass div {line-height:100%;}\r\n\r\n\t\t/* Prevents Webkit and Windows Mobile platforms from changing default font sizes. */\r\n\t\tbody {-webkit-text-size-adjust:none; -ms-text-size-adjust:none;}\r\n\r\n\t\t/* Resets all body margins and padding to "0" for good measure. */\r\n\t\tbody {margin:0; padding:0;}\r\n\r\n\t\t/* Resolves webkit padding issue. */\r\n\t\ttable {border-spacing:0;}\r\n\r\n\t\t/* Resolves the Outlook 2007, 2010, and Gmail td padding issue. */\r\n\t\ttable td {border-collapse:collapse;}\r\n\r\n\r\n\t\t/****** END BUG FIXES ********/\r\n\r\n\r\n\t\t/****** RESETTING DEFAULTS, IT IS BEST TO OVERWRITE THESE STYLES INLINE ********/\r\n\r\n\r\n\t\t/* This sets a clean slate for all clients EXCEPT Gmail.\r\n\t\tFrom there it forces you to do all of your spacing inline during the development process.\r\n\t\tBe sure to stick to margins because paragraph padding is not supported by Outlook 2007/2010.\r\n\t\tRemember: Hotmail does not support "margin" nor the "margin-top" properties.\r\n\t\tStick to "margin-bottom", "margin-left", "margin-right" in order to control spacing.\r\n\t\tIt also wise to set the inline top-margin to "0" for consistancy in Gmail for every inline instance\r\n\t\tof a paragraph tag. */\t\r\n\t\tp {margin:0; padding:0; margin-bottom:0;}\r\n\r\n\t\t/* This CSS will overwrite Hotmails default CSS and make your headings appear consistant with Gmail.\r\n\t\tFrom there, you can override with inline CSS if needed. */\r\n\t\th1, h2, h3, h4, h5, h6 {color:#59A2BC; line-height:100%;}\r\n\r\n\r\n\t\t/****** END RESETTING DEFAULTS ********/\r\n\r\n\r\n\t\t/****** EDITABLE STYLES - FOR YOUR TEMPLATE ********/\r\n\r\n\r\n\t\t/* The "body" is defined here for Yahoo Beta because it does not support your body tag. Instead, it will\r\n\t\tcreate a wrapper div around your email and that div will inherit your embedded body styles.\r\n\t\tThe "#body_style" is defined for AOL because it does not support your embedded body definition nor\r\n\t\tyour body tag, we will use this class in our wrapper div. */\r\n\t\tbody, #body_style {width:100% !important; min-height:1000px; color:#626264; background:#eee; font-family:Tahoma,Arial,Helvetica,sans-serif; font-size:13px; line-height:1.4;}\r\n\r\n\t\t/* This is the embedded CSS link color for Gmail. This will overwrite Hotmail and Yahoo Beta's\r\n\t\tembedded link colors and make it consistent with Gmail. Also use this rule on inline CSS. */\r\n\t\ta {color:#59A2BC; text-decoration:none;}\r\n\r\n\t\t/* There is no way to set these inline so you have the option of adding pseudo class definitions here.\r\n\t\tThey won't work for Gmail or older Lotus Notes but it's a nice addition for all other clients. */\r\n\t\ta:link {color:#59A2BC; text-decoration:none;}\r\n\t\ta:visited {color:#9d470a; text-decoration:none;}\r\n\t\ta:focus {color:#59A2BC !important;}\r\n\t\ta:hover {color:#B2D1E0 !important;}\r\n\r\n\t\t/* A nice and clean way to target phone numbers you want clickable and avoid a mobile phone from\r\n\t\tlinking other numbers that look like, but are not phone numbers. Use these two blocks of code to\r\n\t\t"unstyle" any numbers that may be linked. The second block gives you a class ".mobile_link" to apply\r\n\t\twith a span tag to the numbers you would like linked and styled.\r\n\t\tMore info: http://www.campaignmonitor.com/blog/post/3571/using-phone-numbers-in-html-email/ */\r\n\t\ta[href^="tel"], a[href^="sms"] {text-decoration:none; color:#333333; pointer-events:none; cursor:default;}\r\n\t\t.mobile_link a[href^="tel"], .mobile_link a[href^="sms"] {text-decoration:default; color:#6e5c4f !important; pointer-events:auto; cursor:default;}\r\n\r\n\r\n\t\t/****** MEDIA QUERIES ********/\r\n\t\t/* You must use attribute selectors in your media queries to prevent Yahoo from rendering these styles.  \r\n\t\tWe added a yahoo attribute in the body tag to complete this fix. \r\n\t\tMore info: http://www.emailonacid.com/blog/details/C13/stop_yahoo_mail_from_rendering_your_media_queries */\r\n\r\n\t\t/* Target mobile devices. */\r\n\t\t/* @media only screen and (max-device-width: 639px) { */\r\n\t\t@media only screen and (max-width: 639px) { /* TEMPORARY */\r\n      \r\n\t\t\t/* Hide elements at smaller screen sizes (!important needed to override inline CSS). */\r\n\t\t\tbody[yahoo] .hide {display:none !important;}\r\n\r\n\t\t\t/* Adjust table widths at smaller screen sizes. */\r\n\t\t\tbody[yahoo] .table {width:320px !important;}\r\n\t\t\tbody[yahoo] .innertable {width:280px !important;}\r\n\r\n\t\t\t/* Resize hero image at smaller screen sizes. */\r\n\t\t\tbody[yahoo] .heroimage {width:280px !important; height:100px !important;}\r\n\r\n\t\t\t/* Resize page shadow at smaller screen sizes. */\r\n\t\t\tbody[yahoo] .shadow {width:280px !important; height:4px !important;}\r\n\r\n\t\t\t/* Collapse footer columns. */\r\n\t\t\tbody[yahoo] .footer-left  {width:320px !important;}\r\n\t\t\tbody[yahoo] .footer-right {width:320px !important;}\r\n\t\t\tbody[yahoo] .footer-right img {float:left !important; margin:0 1em 0 0 !important;}\r\n\t\t\t\r\n\t\t\tul {margin-left:0;padding:0;list-style-position:outside;}\r\n\t\t\tli {margin-left:15px !important;padding-left:0;}\r\n\r\n\t\t}\r\n\r\n\t\t/* Target tablet devices. */\r\n\t\t/* @media only screen and (min-device-width: 640px) and (max-device-width: 1024px) { */\r\n\t\t@media only screen and (min-width: 640px) and (max-width: 1024px) { /* TEMPORARY */\r\n\r\n\t\t}\r\n\r\n\t\t/*** END EDITABLE STYLES ***/\r\n\r\n\r\n\t\t/****** TEMPORARY - THESE SHOULD BE MOVED INLINE AT END OF YOUR DEVELOPMENT PROCESS ********/\r\n\r\n\t\th1 {font-size:24px; line-height:1.11538461538462; font-weight:normal; margin-top:0; margin-bottom:0;}\r\n\r\n\t\tp {margin-top:0; margin-bottom:0;}\r\n\r\n\t\timg {display:block; border:none; outline:none; text-decoration:none;}\r\n\r\n\t\t/* Remove spacing around Outlook 07, 10 tables */\r\n\t\ttable {border-collapse:collapse; mso-table-lspace:0pt; mso-table-rspace:0pt;}\r\n\r\n\t\t/*** END TEMPORARY ***/\r\n\t</style>\r\n</head>\r\n\r\n\r\n<body style="width:100% !important; min-height:1000px; color:#333333; background:#eee; font-family:Arial,Helvetica,sans-serif; font-size:13px; line-height:1.4;"\r\nalink="#9d470a" link="#9d470a" bgcolor="#e0dbcf" text="#333333" yahoo="fix">\r\n\r\n\t<!-- You may adjust each of the values above for your template as needed.\r\n\r\n\tWe've included the style attribute for Gmail because it does not support embedded CSS and it will convert this body tag to\r\n\ta div. Since it gets converted to a div, the other body attributes like bgcolor are ignored.\r\n\r\n\tWe included body attributes (alink, link, bgcolor and text) for Lotus Notes 6.5 and 7, as these clients do not offer much\r\n\tsupport for embedded nor inline CSS. \r\n\r\n\tThe "min-height" attribute is set for Gmail and AOL since they will be converting this body tag to a div and we want our\r\n\tbackground color to reach the bottom of the page. \r\n\r\n\tThe yahoo attribute is added if you are using media queries for mobile devices (see media queries above) -->\r\n\r\n\t<!--PAGE WRAPPER-->\r\n\t<div id="body_style"> \r\n\r\n\t\t<!-- Wrapper/Container Table: Use a wrapper table to control the width and the background color consistently of your email. Use this approach instead of setting attributes on the body tag. -->\r\n    \t<table cellpadding="0" cellspacing="0" border="0" style="width:100% !important; margin:0;margin-top:15px;padding:0;">\r\n\t\t\t<tr bgcolor="#eee">\r\n\t\t\t\t<td>\r\n\r\n\t\t\t\t\t<!-- Tables are the most common way to format your email consistently. Set your table widths inside cells and in most cases reset cellpadding, cellspacing, and border to zero. Use nested tables as a way to space effectively in your message. -->\r\n\t\t\t\t\t<table width="600" cellpadding="0" cellspacing="0" border="0" align="center" class="table">\r\n\r\n\t          \t\t\t<!-- PREHEADER -->\r\n\t\t\t\t\t\t<tr>\r\n\t\t\t\t\t\t\t<td>\r\n\t\t\t\t\t\t\t\t<table width="100%" cellpadding="10" cellspacing="0" border="0">\r\n\t\t\t\t\t\t\t\t\t<tr>\r\n\t\t\t\t\t\t\t\t\t\t<td valign="top" style="font-size:11px;color:#626264;font-family:Tahoma,Arial,Helvetica,Verdana,sans-serif;" align="center">\r\n\t\t\t\t\t\t\t\t\t\t\tIs this email not displaying correctly? <a href="*|ARCHIVE|*" target="_blank" style="color:#59A2BC; text-decoration:none;">View it in your browser</a>.\r\n\t\t\t\t\t\t\t\t\t\t</td>\r\n\t\t\t\t\t\t\t\t\t</tr>\r\n\t\t\t\t\t\t\t\t</table>\r\n\t\t\t\t\t\t\t</td>\r\n\t\t\t\t\t\t</tr>\r\n\t\t\t\t\t\t<!-- /PREHEADER -->\r\n\r\n\t\t\t\t\t\t<!-- HEADER -->\r\n\t\t\t\t\t\t<tr>\r\n\t\t\t\t \t\t\t<td>\r\n\t\t\t\t\t\t\t\t<!-- set a value for bgcolor -->\r\n\t\t\t\t\t\t\t\t<table bgcolor="#38708c" text="#626264" width="100%" cellpadding="0" cellspacing="0" border="0" style="background-image:url('{{ STATIC_URL }}img/header-background.png');background-repeat:repeat-x;background-position:bottom left;">\r\n\t\t\t\t\t\t\t\t\t<!-- header -->\r\n\t\t\t\t\t\t\t\t\t<tr>\r\n\t\t\t\t\t\t\t\t\t\t<td colspan="3" height="30"></td>\r\n\t\t\t\t\t\t\t\t\t</tr>\r\n\t\t\t\t\t\t\t\t\t<tr>\r\n\t\t\t\t\t\t\t\t\t\t<td width="30">&nbsp;</td>\r\n\t\t\t\t\t\t\t\t\t\t<td width="540" height="51" valign="middle">\r\n\t\t\t\t                        \t<a href="http://{{ site.domain }}" target="_blank"><img src="{{ STATIC_URL }}img/logos/infantium-logo.png" width="150" height="51" border="0" alt="Infantium. Developing minds." title="Infantium. Developing minds." style="color:#fff;font-size:14px;font-family:Tahoma,Arial,Helvetica,Verdana,sans-serif;font-weight:bold;"></a>\r\n\t\t\t\t\t\t\t\t\t\t<td width="30">&nbsp;</td>\r\n\t\t\t\t\t\t\t\t\t</tr>\r\n\t\t\t\t\t\t\t\t\t<tr>\r\n\t\t\t\t\t\t\t\t\t\t<td colspan="3" height="30"></td>\r\n\t\t\t\t\t\t\t\t\t</tr>\r\n\t\t\t\t                </table>\r\n\t\t\t\t\t\t\t</td>\r\n\t\t\t\t\t\t</tr>\r\n\t\t\t\t\t\t<!-- /HEADER -->\r\n\r\n\r\n\t\t\t\t\t\t<!-- CONTENT -->\r\n\t\t\t\t\t\t<tr bgcolor="#ffffff">\r\n\t\t\t\t\t\t\t<td style="padding-top:20px;">\r\n\r\n\t\t\t\t\t\t\t\t<!-- hero article -->\r\n\t\t\t\t\t\t\t\t<table style="margin-bottom:2em;" width="560" cellpadding="0" cellspacing="0" border="0" align="center" class="innertable">\r\n\t\t\t\t\t\t\t\t\t<tr>\r\n\t\t\t\t\t\t\t\t\t\t<td>\r\n\t\t\t\t\t\t\t\t\t\t\t<table bgcolor="#ffffff" width="100%" cellpadding="10" cellspacing="0" border="0">\r\n\t\t\t\t\t\t\t\t\t\t\t\t<tr>\r\n\t\t\t\t\t\t\t\t\t\t\t\t\t<td>\r\n\t\t\t\t\t\t\t\t\t\t\t\t\t\t<h1 style="margin:0;padding:0;font-size:24px;font-family:Tahoma,Arial,Helvetica,Verdana,sans-serif;font-weight:bold;color:#59A2BC;"><a href="#" style="color:#59A2BC;text-decoration:none;">Metodo Infantium</a></h1>\r\n\t\t\t\t\t\t\t\t\t\t\t\t\t\t<p style="font-size:16px;font-family:Tahoma,Arial,Helvetica,Verdana,sans-serif;margin-top:1em;line-height:1.5;color:#626264; margin-bottom:0;">Nulla facilisi. Nullam id nibh vel velit laoreet ultricies. Morbi laoreet gravi gravida magna in mollis. Duis dictum feugiat odio lorem facta. Nulla facilisi. Nullam id nibh vel velit laoreet ultricies. Morbi laoreet gravi gravida magna in mollis. Duis dictum feugiat odio lorem facta. <a href="#" text="#59A2BC" style="color:#59A2BC;text-decoration:underline;">Leer mas</a>.</p>\r\n\t\t\t\t\t\t\t\t\t\t\t\t\t</td>\r\n\t\t\t\t\t\t\t\t\t\t\t\t</tr>\r\n\t\t\t\t\t\t\t\t\t\t\t</table>\r\n\t\t\t\t\t\t\t\t\t\t</td>\r\n\t\t\t\t\t\t\t\t\t</tr>\r\n\t\t\t\t\t\t\t\t</table>\r\n\t\t\t\t\t\t\t\t<!-- /hero article -->\r\n\r\n\t\t\t\t\t\t\t\t<!-- normal article -->\r\n\t\t\t\t\t\t\t\t<table style="margin-bottom:2em;" width="560" cellpadding="0" cellspacing="0" border="0" align="center" class="innertable">\r\n\t\t\t\t\t\t\t\t\t<tr>\r\n\t\t\t\t\t\t\t\t\t\t<td>\r\n\t\t\t\t\t\t\t\t\t\t\t<table bgcolor="#ffffff" width="100%" cellpadding="10" cellspacing="0" border="0">\r\n\t\t\t\t\t\t\t\t\t\t\t\t<tr>\r\n\t\t\t\t\t\t\t\t\t\t\t\t\t<td>\r\n\t\t\t\t\t\t\t\t\t\t\t\t\t\t<h2 style="margin:0;padding:0;font-size:16px;font-family:Tahoma,Arial,Helvetica,Verdana,sans-serif;font-weight:bold;color:#59A2BC;"><a href="#" style="color:#59A2BC;text-decoration:none;">Metodo Infantium</a></h2>\r\n\t\t\t\t\t\t\t\t\t\t\t\t\t\t<p style="font-size:16px;font-family:Tahoma,Arial,Helvetica,Verdana,sans-serif;margin-top:1em;line-height:1.5;color:#626264; margin-bottom:0;">Nulla facilisi. Nullam id nibh vel velit laoreet ultricies. Morbi laoreet gravi gravida magna in mollis. Duis dictum feugiat odio lorem facta. Nulla facilisi.</p>\r\n\t\t\t\t\t\t\t\t\t\t\t\t\t\t<ul style="font-size:16px;font-family:Tahoma,Arial,Helvetica,Verdana,sans-serif;margin-top:1em;line-height:1.5;color:#626264; margin-top:1em;">\r\n\t\t\t\t\t\t\t\t\t\t\t\t\t\t\t<li style="font-size:16px;font-family:Tahoma,Arial,Helvetica,Verdana,sans-serif;margin-top:1em;line-height:1.5;color:#626264; margin:0;"><a href="#" style="color:#59A2BC;text-decoration:underline;">Nullam ud nibh vel</a> velit laoreet ultriricies.</li>\r\n\t\t\t\t\t\t\t\t\t\t\t\t\t\t\t<li style="font-size:16px;font-family:Tahoma,Arial,Helvetica,Verdana,sans-serif;margin-top:1em;line-height:1.5;color:#626264; margin:0;"><a href="#" style="color:#59A2BC;text-decoration:underline;">Morbi laoreet gravi</a> gravida magna in mollis.</li>\r\n\t\t\t\t\t\t\t\t\t\t\t\t\t\t\t<li style="font-size:16px;font-family:Tahoma,Arial,Helvetica,Verdana,sans-serif;margin-top:1em;line-height:1.5;color:#626264; margin:0;"><a href="#" style="color:#59A2BC;text-decoration:underline;">Duis dictum feugiat</a> odio lorem facta.</li>\r\n\t\t\t\t\t\t\t\t\t\t\t\t\t\t</ul>\r\n\t\t\t\t\t\t\t\t\t\t\t\t\t\t<p style="font-size:16px;font-family:Tahoma,Arial,Helvetica,Verdana,sans-serif;margin-top:1em;line-height:1.5;color:#626264; margin-bottom:0;">Nulla facilisi. Nullam id nibh vel velit laoreet ultricies. Morbi laoreet gravi gravida magna in mollis. Duis dictum feugiat odio lorem facta. Nulla facilisi. <a href="#" style="color:#59A2BC;text-decoration:underline;">Leer mas</a>.</p>\r\n\t\t\t\t\t\t\t\t\t\t\t\t\t</td>\r\n\t\t\t\t\t\t\t\t\t\t\t\t</tr>\r\n\t\t\t\t\t\t\t\t\t\t\t</table>\r\n\t\t\t\t\t\t\t\t\t\t</td>\r\n\t\t\t\t\t\t\t\t\t</tr>\r\n\t\t\t\t\t\t\t\t</table>\r\n\t\t\t\t\t\t\t\t<!-- /normal article -->\r\n\t\t\t\t\t\t\t\t\r\n\t\t\t\t\t\t\t\t<!-- normal article -->\r\n\t\t\t\t\t\t\t\t<table style="margin-bottom:2em;" width="560" cellpadding="0" cellspacing="0" border="0" align="center" class="innertable">\r\n\t\t\t\t\t\t\t\t\t<tr>\r\n\t\t\t\t\t\t\t\t\t\t<td>\r\n\t\t\t\t\t\t\t\t\t\t\t<table bgcolor="#ffffff" width="100%" cellpadding="10" cellspacing="0" border="0">\r\n\t\t\t\t\t\t\t\t\t\t\t\t<tr>\r\n\t\t\t\t\t\t\t\t\t\t\t\t\t<td>\r\n\t\t\t\t\t\t\t\t\t\t\t\t\t\t<h2 style="margin:0;padding:0;font-size:16px;font-family:Tahoma,Arial,Helvetica,Verdana,sans-serif;font-weight:bold;color:#59A2BC;"><a href="#" style="color:#59A2BC;text-decoration:none;">Metodo Infantium</a></h2>\r\n\t\t\t\t\t\t\t\t\t\t\t\t\t\t<p style="font-size:16px;font-family:Tahoma,Arial,Helvetica,Verdana,sans-serif;margin-top:1em;line-height:1.5;color:#626264; margin-bottom:0;">Nulla facilisi. Nullam id nibh vel velit laoreet ultricies. Morbi laoreet gravi gravida magna in mollis. Duis dictum feugiat odio lorem facta. Nulla facilisi. Nullam id nibh vel velit laoreet ultricies. Morbi laoreet gravi gravida magna in mollis. Duis dictum feugiat odio lorem facta.</p>\r\n\t\t\t\t\t\t\t\t\t\t\t\t\t\t<p align="center" style="font-size:16px;font-family:Tahoma,Arial,Helvetica,Verdana,sans-serif;margin-top:1em;line-height:1.5;color:#626264; margin-bottom:0;"><img src="http://placehold.it/260x130" align="center" style="margin:0;display:block;"></p>\r\n\t\t\t\t\t\t\t\t\t\t\t\t\t\t<p style="font-size:16px;font-family:Tahoma,Arial,Helvetica,Verdana,sans-serif;margin-top:1em;line-height:1.5;color:#626264; margin-bottom:0;">Nulla facilisi. Nullam id nibh vel velit laoreet ultricies. Morbi laoreet gravi gravida magna in mollis. Duis dictum feugiat odio lorem facta. Nulla facilisi. Nullam id nibh vel velit laoreet ultricies. Morbi laoreet gravi gravida magna in mollis. Duis dictum feugiat odio lorem facta. <a href="#" text="#59A2BC" style="color:#59A2BC;text-decoration:underline">Leer mas</a>.</p>\r\n\t\t\t\t\t\t\t\t\t\t\t\t\t</td>\r\n\t\t\t\t\t\t\t\t\t\t\t\t</tr>\r\n\t\t\t\t\t\t\t\t\t\t\t</table>\r\n\t\t\t\t\t\t\t\t\t\t</td>\r\n\t\t\t\t\t\t\t\t\t</tr>\r\n\t\t\t\t\t\t\t\t</table>\r\n\t\t\t\t\t\t\t\t<!-- /normal article -->\r\n\r\n\t\t\t\t\t\t\t\t<!-- normal article -->\r\n\t\t\t\t\t\t\t\t<table style="margin-bottom:2em;" width="560" cellpadding="0" cellspacing="0" border="0" align="center" class="innertable">\r\n\t\t\t\t\t\t\t\t\t<tr>\r\n\t\t\t\t\t\t\t\t\t\t<td>\r\n\t\t\t\t\t\t\t\t\t\t\t<table bgcolor="#ffffff" width="100%" cellpadding="10" cellspacing="0" border="0">\r\n\t\t\t\t\t\t\t\t\t\t\t\t<tr>\r\n\t\t\t\t\t\t\t\t\t\t\t\t\t<td>\r\n\t\t\t\t\t\t\t\t\t\t\t\t\t\t<h2 style="margin:0;padding:0;font-size:16px;font-family:Tahoma,Arial,Helvetica,Verdana,sans-serif;font-weight:bold;color:#59A2BC;"><a href="#" style="color:#59A2BC;text-decoration:none;">Metodo Infantium</a></h2>\r\n\t\t\t\t\t\t\t\t\t\t\t\t\t\t<p style="font-size:16px;font-family:Tahoma,Arial,Helvetica,Verdana,sans-serif;margin-top:1em;line-height:1.5;color:#626264; margin-bottom:0;"><img src="http://placehold.it/100x100" align="left" style="margin:0 15px 15px 0;display:block;" class="hide">Nulla facilisi. Nullam id nibh vel velit laoreet ultricies. Morbi laoreet gravi gravida magna in mollis. Duis dictum feugiat odio lorem facta. Nulla facilisi. Nullam id nibh vel velit laoreet ultricies. Morbi laoreet gravi gravida magna in mollis. Duis dictum feugiat odio lorem facta. <a href="#" text="#59A2BC" style="color:#59A2BC;text-decoration:underline">Leer mas</a>.</p>\r\n\t\t\t\t\t\t\t\t\t\t\t\t\t</td>\r\n\t\t\t\t\t\t\t\t\t\t\t\t</tr>\r\n\t\t\t\t\t\t\t\t\t\t\t</table>\r\n\t\t\t\t\t\t\t\t\t\t</td>\r\n\t\t\t\t\t\t\t\t\t</tr>\r\n\t\t\t\t\t\t\t\t</table>\r\n\t\t\t\t\t\t\t\t<!-- /normal article -->\r\n\r\n\t\t\t\t\t\t\t\t<!-- normal article -->\r\n\t\t\t\t\t\t\t\t<table style="margin-bottom:2em;" width="560" cellpadding="0" cellspacing="0" border="0" align="center" class="innertable">\r\n\t\t\t\t\t\t\t\t\t<tr>\r\n\t\t\t\t\t\t\t\t\t\t<td>\r\n\t\t\t\t\t\t\t\t\t\t\t<table bgcolor="#ffffff" width="100%" cellpadding="10" cellspacing="0" border="0">\r\n\t\t\t\t\t\t\t\t\t\t\t\t<tr>\r\n\t\t\t\t\t\t\t\t\t\t\t\t\t<td>\r\n\t\t\t\t\t\t\t\t\t\t\t\t\t\t<h2 style="margin:0;padding:0;font-size:16px;font-family:Tahoma,Arial,Helvetica,Verdana,sans-serif;font-weight:bold;color:#59A2BC;"><a href="#" style="color:#59A2BC;text-decoration:none;">Metodo Infantium</a></h2>\r\n\t\t\t\t\t\t\t\t\t\t\t\t\t\t<p style="font-size:16px;font-family:Tahoma,Arial,Helvetica,Verdana,sans-serif;margin-top:1em;line-height:1.5;color:#626264; margin-bottom:0;"><img src="http://placehold.it/100x100" align="right" style="margin:0 0 15px 15px;display:block;" class="hide">Nulla facilisi. Nullam id nibh vel velit laoreet ultricies. Morbi laoreet gravi gravida magna in mollis. Duis dictum feugiat odio lorem facta. Nulla facilisi. Nullam id nibh vel velit laoreet ultricies. Morbi laoreet gravi gravida magna in mollis. Duis dictum feugiat odio lorem facta. <a href="#" text="#59A2BC" style="color:#59A2BC;text-decoration:underline">Leer mas</a>.</p>\r\n\t\t\t\t\t\t\t\t\t\t\t\t\t</td>\r\n\t\t\t\t\t\t\t\t\t\t\t\t</tr>\r\n\t\t\t\t\t\t\t\t\t\t\t</table>\r\n\t\t\t\t\t\t\t\t\t\t</td>\r\n\t\t\t\t\t\t\t\t\t</tr>\r\n\t\t\t\t\t\t\t\t</table>\r\n\t\t\t\t\t\t\t\t<!-- /normal article -->\r\n\r\n\t\t\t\t\t\t\t</td>\r\n\t\t\t\t\t\t</tr>\r\n\t\t\t\t\t\t<!-- /CONTENT -->\r\n\r\n\r\n\t\t\t\t\t\t<!-- FOOTER -->\r\n\t\t\t\t\t\t<tr>\r\n\t\t\t\t\t\t\t<td>\r\n\t\t\t\t\t\t\t\t<table width="100%" cellpadding="10" cellspacing="0" border="0">\r\n\t\t\t\t\t\t\t\t\t<tr>\r\n\t\t\t\t\t\t\t\t\t\t<td valign="top" align="center" style="font-size:11px;color:#626264;font-family:Tahoma,Arial,Helvetica,Verdana,sans-serif;">\r\n\t\t\t\t\t\t \t\t\t\t\tYou have received this email because bla bla bla bla.<br>\r\n\t\t\t\t\t\t\t\t\t\t\tClick here to <a href="http://{{ site.domain }}{{ subscription.unsubscribe_activate_url }}" color="#59A2BC;" style="color:#59A2BC;text-decoration:underline;">unsubscribe</a> from future emails.\r\n\t\t\t\t\t\t\t\t\t\t</td>\r\n\t\t\t\t\t\t\t\t\t</tr>\r\n\t\t\t\t\t\t\t\t</table>\r\n\t\t\t\t\t\t\t</td>\r\n\t\t\t\t\t\t</tr>\r\n\t\t\t\t\t\t<!-- /FOOTER -->\r\n\r\n\t\t\t\t\t</table>\r\n\t\t\t\t</td>\r\n\t\t\t</tr>\r\n\t\t</table>  \r\n\t\t<!-- End of wrapper table -->\r\n\t</div>\r\n\r\n</body>\r\n</html>\r\n
\.


--
-- Data for Name: newsletter_message; Type: TABLE DATA; Schema: public; Owner: infantiumdba
--

COPY newsletter_message (id, title, slug, newsletter_id, date_create, date_modify) FROM stdin;
\.


--
-- Data for Name: newsletter_newsletter; Type: TABLE DATA; Schema: public; Owner: infantiumdba
--

COPY newsletter_newsletter (id, title, slug, email, sender, visible, subscribe_template_id, unsubscribe_template_id, update_template_id, message_template_id) FROM stdin;
1	Infantium	infantium	no-reply@infantium.com	Infantium	t	2	3	4	5
\.


--
-- Data for Name: newsletter_newsletter_site; Type: TABLE DATA; Schema: public; Owner: infantiumdba
--

COPY newsletter_newsletter_site (id, newsletter_id, site_id) FROM stdin;
3	1	1
\.


--
-- Data for Name: newsletter_submission; Type: TABLE DATA; Schema: public; Owner: infantiumdba
--

COPY newsletter_submission (id, newsletter_id, message_id, publish_date, publish, prepared, sent, sending) FROM stdin;
\.


--
-- Data for Name: newsletter_submission_subscriptions; Type: TABLE DATA; Schema: public; Owner: infantiumdba
--

COPY newsletter_submission_subscriptions (id, submission_id, subscription_id) FROM stdin;
\.


--
-- Data for Name: newsletter_subscription; Type: TABLE DATA; Schema: public; Owner: infantiumdba
--

COPY newsletter_subscription (id, user_id, name, email, ip, newsletter_id, create_date, activation_code, subscribed, subscribe_date, unsubscribed, unsubscribe_date) FROM stdin;
1	\N	\N	b@b.com	127.0.0.1	1	2012-08-03 23:01:47.88+02	5e81332966c8ed9296314bf855d91c4267c3fc6e	t	2012-08-03 23:01:47.943+02	f	\N
2	\N	\N	d@d.com	127.0.0.1	1	2012-08-03 23:23:59.749+02	674a994358f5f9331d205d667dd7de887f0b5887	t	2012-08-03 23:23:59.84+02	f	\N
\.


--
-- Data for Name: south_migrationhistory; Type: TABLE DATA; Schema: public; Owner: infantiumdba
--

COPY south_migrationhistory (id, app_name, migration, applied) FROM stdin;
1	tastypie	0001_initial	2012-08-23 06:55:06.105149+02
2	zinnia	0001_initial	2012-08-23 06:55:06.155466+02
3	zinnia	0002_auto__add_field_entry_pingback_enabled	2012-08-23 06:55:06.160552+02
4	zinnia	0003_auto__chg_field_category_title__chg_field_category_slug__add_unique_ca	2012-08-23 06:55:06.167272+02
5	zinnia	0004_mptt_categories	2012-08-23 06:55:06.175918+02
6	zinnia	0005_entry_protection	2012-08-23 06:55:06.183126+02
7	zinnia	0006_entry_template	2012-08-23 06:55:06.189737+02
8	zinnia	0007_entry_featured	2012-08-23 06:55:06.197863+02
9	zinnia	0008_add_status_permission	2012-08-23 06:55:06.2047+02
10	zinnia	0009_change_mptt_field	2012-08-23 06:55:06.211978+02
11	zinnia	0010_publication_dates_unrequired	2012-08-23 06:55:06.220693+02
12	cms	0001_initial	2012-08-23 06:55:06.423801+02
13	cms	0002_auto_start	2012-08-23 06:55:06.429464+02
14	cms	0003_remove_placeholder	2012-08-23 06:55:06.435798+02
15	cms	0004_textobjects	2012-08-23 06:55:06.441094+02
16	cms	0005_mptt_added_to_plugins	2012-08-23 06:55:06.446629+02
17	text	0001_initial	2012-08-23 06:55:06.453304+02
18	text	0002_freeze	2012-08-23 06:55:06.459837+02
19	cms	0006_apphook	2012-08-23 06:55:06.466402+02
20	cms	0007_apphook_longer	2012-08-23 06:55:06.472577+02
21	cms	0008_redirects	2012-08-23 06:55:06.481065+02
22	cms	0009_added_meta_fields	2012-08-23 06:55:06.489224+02
23	cms	0010_5char_language	2012-08-23 06:55:06.496412+02
24	cms	0011_title_overwrites	2012-08-23 06:55:06.504383+02
25	cms	0012_publisher	2012-08-23 06:55:06.510286+02
26	text	0003_publisher	2012-08-23 06:55:06.52009+02
27	picture	0001_initial	2012-08-23 06:55:06.527194+02
28	picture	0002_link_rename	2012-08-23 06:55:06.534067+02
29	picture	0003_freeze	2012-08-23 06:55:06.541578+02
30	picture	0004_publisher	2012-08-23 06:55:06.548627+02
31	link	0001_initial	2012-08-23 06:55:06.555932+02
32	link	0002_link_rename	2012-08-23 06:55:06.564991+02
33	link	0003_page_link	2012-08-23 06:55:06.572377+02
34	link	0004_larger_link_names	2012-08-23 06:55:06.579873+02
35	link	0005_publisher	2012-08-23 06:55:06.587104+02
36	file	0001_initial	2012-08-23 06:55:06.595281+02
37	file	0002_freeze	2012-08-23 06:55:06.602645+02
38	file	0003_publisher	2012-08-23 06:55:06.610163+02
39	cms	0013_site_copy	2012-08-23 06:55:06.618925+02
40	cms	0014_sites_removed	2012-08-23 06:55:06.626125+02
41	cms	0015_modified_by_added	2012-08-23 06:55:06.631002+02
42	cms	0016_author_copy	2012-08-23 06:55:06.639746+02
43	cms	0017_author_removed	2012-08-23 06:55:06.64862+02
44	cms	0018_site_permissions	2012-08-23 06:55:06.655634+02
45	cms	0019_public_table_renames	2012-08-23 06:55:06.664136+02
46	text	0004_table_rename	2012-08-23 06:55:06.672237+02
47	text	0005_publisher2	2012-08-23 06:55:06.681481+02
48	picture	0005_table_rename	2012-08-23 06:55:06.687945+02
49	picture	0006_float_added	2012-08-23 06:55:06.69392+02
50	picture	0007_publisher2	2012-08-23 06:55:06.701663+02
51	link	0006_table_rename	2012-08-23 06:55:06.71132+02
52	link	0007_publisher2	2012-08-23 06:55:06.718945+02
53	file	0004_table_rename	2012-08-23 06:55:06.727733+02
54	file	0005_publisher2	2012-08-23 06:55:06.734932+02
55	cms	0020_advanced_permissions	2012-08-23 06:55:06.744123+02
56	cms	0021_publisher2	2012-08-23 06:55:06.75166+02
57	cms	0022_login_required_added	2012-08-23 06:55:06.759432+02
58	cms	0023_plugin_table_naming_function_changed	2012-08-23 06:55:06.767078+02
59	cms	0024_added_placeholder_model	2012-08-23 06:55:06.775469+02
60	cms	0025_placeholder_migration	2012-08-23 06:55:06.782458+02
61	cms	0026_finish_placeholder_migration	2012-08-23 06:55:06.79061+02
62	cms	0027_added_width_to_placeholder	2012-08-23 06:55:06.798285+02
63	cms	0028_limit_visibility_in_menu_step1of3	2012-08-23 06:55:06.805831+02
64	cms	0029_limit_visibility_in_menu_step2of3_data	2012-08-23 06:55:06.813054+02
65	cms	0030_limit_visibility_in_menu_step3of3	2012-08-23 06:55:06.821085+02
66	cms	0031_improved_language_code_support	2012-08-23 06:55:06.830285+02
67	cms	0032_auto__del_field_cmsplugin_publisher_public__del_field_cmsplugin_publis	2012-08-23 06:55:06.836516+02
68	cms	0033_auto__del_field_title_publisher_is_draft__del_field_title_publisher_st	2012-08-23 06:55:06.844876+02
69	cms	0034_auto__chg_field_title_language__chg_field_cmsplugin_language__add_fiel	2012-08-23 06:55:06.851466+02
70	cms	0035_auto__add_field_globalpagepermission_can_view__add_field_pagepermissio	2012-08-23 06:55:06.858671+02
71	menus	0001_initial	2012-08-23 06:55:06.919116+02
72	text	0006_2_1_4_upgrade	2012-08-23 06:55:06.988728+02
73	link	0008_mailto	2012-08-23 06:55:07.056332+02
74	picture	0008_longdesc_added	2012-08-23 06:55:07.119364+02
75	video	0001_initial	2012-08-23 06:55:07.280285+02
76	video	0002_color_mute_controller	2012-08-23 06:55:07.284892+02
77	video	0003_newplayer_step1	2012-08-23 06:55:07.292859+02
78	video	0004_newplayer_step2	2012-08-23 06:55:07.297581+02
79	video	0005_newplayer_step3	2012-08-23 06:55:07.303393+02
80	video	0006_newplayer_step4	2012-08-23 06:55:07.309839+02
81	video	0007_newplayer_step5	2012-08-23 06:55:07.317396+02
82	twitter	0001_initial	2012-08-23 06:55:07.374704+02
83	twitter	0002_auto__add_twittersearch	2012-08-23 06:55:07.378618+02
\.


--
-- Data for Name: tagging_tag; Type: TABLE DATA; Schema: public; Owner: infantiumdba
--

COPY tagging_tag (id, name) FROM stdin;
\.


--
-- Data for Name: tagging_taggeditem; Type: TABLE DATA; Schema: public; Owner: infantiumdba
--

COPY tagging_taggeditem (id, tag_id, content_type_id, object_id) FROM stdin;
\.


--
-- Data for Name: tastypie_apiaccess; Type: TABLE DATA; Schema: public; Owner: infantiumdba
--

COPY tastypie_apiaccess (id, identifier, url, request_method, accessed) FROM stdin;
\.


--
-- Data for Name: tastypie_apikey; Type: TABLE DATA; Schema: public; Owner: infantiumdba
--

COPY tastypie_apikey (id, user_id, key, created) FROM stdin;
1	3	7f0c9fd725ccee491cc77f7d4fca00c01d852dd9	2012-08-30 20:44:02.063332+02
\.


--
-- Data for Name: zinnia_category; Type: TABLE DATA; Schema: public; Owner: infantiumdba
--

COPY zinnia_category (id, title, slug, description, parent_id, lft, rght, tree_id, level) FROM stdin;
\.


--
-- Data for Name: zinnia_entry; Type: TABLE DATA; Schema: public; Owner: infantiumdba
--

COPY zinnia_entry (id, title, image, content, excerpt, tags, slug, status, featured, comment_enabled, pingback_enabled, creation_date, last_update, start_publication, end_publication, login_required, password, template) FROM stdin;
\.


--
-- Data for Name: zinnia_entry_authors; Type: TABLE DATA; Schema: public; Owner: infantiumdba
--

COPY zinnia_entry_authors (id, entry_id, user_id) FROM stdin;
\.


--
-- Data for Name: zinnia_entry_categories; Type: TABLE DATA; Schema: public; Owner: infantiumdba
--

COPY zinnia_entry_categories (id, entry_id, category_id) FROM stdin;
\.


--
-- Data for Name: zinnia_entry_related; Type: TABLE DATA; Schema: public; Owner: infantiumdba
--

COPY zinnia_entry_related (id, from_entry_id, to_entry_id) FROM stdin;
\.


--
-- Data for Name: zinnia_entry_sites; Type: TABLE DATA; Schema: public; Owner: infantiumdba
--

COPY zinnia_entry_sites (id, entry_id, site_id) FROM stdin;
\.


--
-- Name: auth_group_name_key; Type: CONSTRAINT; Schema: public; Owner: infantiumdba; Tablespace: 
--

ALTER TABLE ONLY auth_group
    ADD CONSTRAINT auth_group_name_key UNIQUE (name);


--
-- Name: auth_group_permissions_group_id_permission_id_key; Type: CONSTRAINT; Schema: public; Owner: infantiumdba; Tablespace: 
--

ALTER TABLE ONLY auth_group_permissions
    ADD CONSTRAINT auth_group_permissions_group_id_permission_id_key UNIQUE (group_id, permission_id);


--
-- Name: auth_group_permissions_pkey; Type: CONSTRAINT; Schema: public; Owner: infantiumdba; Tablespace: 
--

ALTER TABLE ONLY auth_group_permissions
    ADD CONSTRAINT auth_group_permissions_pkey PRIMARY KEY (id);


--
-- Name: auth_group_pkey; Type: CONSTRAINT; Schema: public; Owner: infantiumdba; Tablespace: 
--

ALTER TABLE ONLY auth_group
    ADD CONSTRAINT auth_group_pkey PRIMARY KEY (id);


--
-- Name: auth_permission_content_type_id_codename_key; Type: CONSTRAINT; Schema: public; Owner: infantiumdba; Tablespace: 
--

ALTER TABLE ONLY auth_permission
    ADD CONSTRAINT auth_permission_content_type_id_codename_key UNIQUE (content_type_id, codename);


--
-- Name: auth_permission_pkey; Type: CONSTRAINT; Schema: public; Owner: infantiumdba; Tablespace: 
--

ALTER TABLE ONLY auth_permission
    ADD CONSTRAINT auth_permission_pkey PRIMARY KEY (id);


--
-- Name: auth_user_groups_pkey; Type: CONSTRAINT; Schema: public; Owner: infantiumdba; Tablespace: 
--

ALTER TABLE ONLY auth_user_groups
    ADD CONSTRAINT auth_user_groups_pkey PRIMARY KEY (id);


--
-- Name: auth_user_groups_user_id_group_id_key; Type: CONSTRAINT; Schema: public; Owner: infantiumdba; Tablespace: 
--

ALTER TABLE ONLY auth_user_groups
    ADD CONSTRAINT auth_user_groups_user_id_group_id_key UNIQUE (user_id, group_id);


--
-- Name: auth_user_pkey; Type: CONSTRAINT; Schema: public; Owner: infantiumdba; Tablespace: 
--

ALTER TABLE ONLY auth_user
    ADD CONSTRAINT auth_user_pkey PRIMARY KEY (id);


--
-- Name: auth_user_user_permissions_pkey; Type: CONSTRAINT; Schema: public; Owner: infantiumdba; Tablespace: 
--

ALTER TABLE ONLY auth_user_user_permissions
    ADD CONSTRAINT auth_user_user_permissions_pkey PRIMARY KEY (id);


--
-- Name: auth_user_user_permissions_user_id_permission_id_key; Type: CONSTRAINT; Schema: public; Owner: infantiumdba; Tablespace: 
--

ALTER TABLE ONLY auth_user_user_permissions
    ADD CONSTRAINT auth_user_user_permissions_user_id_permission_id_key UNIQUE (user_id, permission_id);


--
-- Name: auth_user_username_key; Type: CONSTRAINT; Schema: public; Owner: infantiumdba; Tablespace: 
--

ALTER TABLE ONLY auth_user
    ADD CONSTRAINT auth_user_username_key UNIQUE (username);


--
-- Name: cms_cmsplugin_pkey; Type: CONSTRAINT; Schema: public; Owner: infantiumdba; Tablespace: 
--

ALTER TABLE ONLY cms_cmsplugin
    ADD CONSTRAINT cms_cmsplugin_pkey PRIMARY KEY (id);


--
-- Name: cms_globalpagepermission_pkey; Type: CONSTRAINT; Schema: public; Owner: infantiumdba; Tablespace: 
--

ALTER TABLE ONLY cms_globalpagepermission
    ADD CONSTRAINT cms_globalpagepermission_pkey PRIMARY KEY (id);


--
-- Name: cms_globalpagepermission_site_globalpagepermission_id_site__key; Type: CONSTRAINT; Schema: public; Owner: infantiumdba; Tablespace: 
--

ALTER TABLE ONLY cms_globalpagepermission_sites
    ADD CONSTRAINT cms_globalpagepermission_site_globalpagepermission_id_site__key UNIQUE (globalpagepermission_id, site_id);


--
-- Name: cms_globalpagepermission_sites_pkey; Type: CONSTRAINT; Schema: public; Owner: infantiumdba; Tablespace: 
--

ALTER TABLE ONLY cms_globalpagepermission_sites
    ADD CONSTRAINT cms_globalpagepermission_sites_pkey PRIMARY KEY (id);


--
-- Name: cms_page_pkey; Type: CONSTRAINT; Schema: public; Owner: infantiumdba; Tablespace: 
--

ALTER TABLE ONLY cms_page
    ADD CONSTRAINT cms_page_pkey PRIMARY KEY (id);


--
-- Name: cms_page_placeholders_page_id_placeholder_id_key; Type: CONSTRAINT; Schema: public; Owner: infantiumdba; Tablespace: 
--

ALTER TABLE ONLY cms_page_placeholders
    ADD CONSTRAINT cms_page_placeholders_page_id_placeholder_id_key UNIQUE (page_id, placeholder_id);


--
-- Name: cms_page_placeholders_pkey; Type: CONSTRAINT; Schema: public; Owner: infantiumdba; Tablespace: 
--

ALTER TABLE ONLY cms_page_placeholders
    ADD CONSTRAINT cms_page_placeholders_pkey PRIMARY KEY (id);


--
-- Name: cms_page_publisher_public_id_key; Type: CONSTRAINT; Schema: public; Owner: infantiumdba; Tablespace: 
--

ALTER TABLE ONLY cms_page
    ADD CONSTRAINT cms_page_publisher_public_id_key UNIQUE (publisher_public_id);


--
-- Name: cms_pagemoderator_pkey; Type: CONSTRAINT; Schema: public; Owner: infantiumdba; Tablespace: 
--

ALTER TABLE ONLY cms_pagemoderator
    ADD CONSTRAINT cms_pagemoderator_pkey PRIMARY KEY (id);


--
-- Name: cms_pagemoderatorstate_pkey; Type: CONSTRAINT; Schema: public; Owner: infantiumdba; Tablespace: 
--

ALTER TABLE ONLY cms_pagemoderatorstate
    ADD CONSTRAINT cms_pagemoderatorstate_pkey PRIMARY KEY (id);


--
-- Name: cms_pagepermission_pkey; Type: CONSTRAINT; Schema: public; Owner: infantiumdba; Tablespace: 
--

ALTER TABLE ONLY cms_pagepermission
    ADD CONSTRAINT cms_pagepermission_pkey PRIMARY KEY (id);


--
-- Name: cms_pageuser_pkey; Type: CONSTRAINT; Schema: public; Owner: infantiumdba; Tablespace: 
--

ALTER TABLE ONLY cms_pageuser
    ADD CONSTRAINT cms_pageuser_pkey PRIMARY KEY (user_ptr_id);


--
-- Name: cms_pageusergroup_pkey; Type: CONSTRAINT; Schema: public; Owner: infantiumdba; Tablespace: 
--

ALTER TABLE ONLY cms_pageusergroup
    ADD CONSTRAINT cms_pageusergroup_pkey PRIMARY KEY (group_ptr_id);


--
-- Name: cms_placeholder_pkey; Type: CONSTRAINT; Schema: public; Owner: infantiumdba; Tablespace: 
--

ALTER TABLE ONLY cms_placeholder
    ADD CONSTRAINT cms_placeholder_pkey PRIMARY KEY (id);


--
-- Name: cms_title_language_page_id_key; Type: CONSTRAINT; Schema: public; Owner: infantiumdba; Tablespace: 
--

ALTER TABLE ONLY cms_title
    ADD CONSTRAINT cms_title_language_page_id_key UNIQUE (language, page_id);


--
-- Name: cms_title_pkey; Type: CONSTRAINT; Schema: public; Owner: infantiumdba; Tablespace: 
--

ALTER TABLE ONLY cms_title
    ADD CONSTRAINT cms_title_pkey PRIMARY KEY (id);


--
-- Name: cmsplugin_file_pkey; Type: CONSTRAINT; Schema: public; Owner: infantiumdba; Tablespace: 
--

ALTER TABLE ONLY cmsplugin_file
    ADD CONSTRAINT cmsplugin_file_pkey PRIMARY KEY (cmsplugin_ptr_id);


--
-- Name: cmsplugin_link_pkey; Type: CONSTRAINT; Schema: public; Owner: infantiumdba; Tablespace: 
--

ALTER TABLE ONLY cmsplugin_link
    ADD CONSTRAINT cmsplugin_link_pkey PRIMARY KEY (cmsplugin_ptr_id);


--
-- Name: cmsplugin_picture_pkey; Type: CONSTRAINT; Schema: public; Owner: infantiumdba; Tablespace: 
--

ALTER TABLE ONLY cmsplugin_picture
    ADD CONSTRAINT cmsplugin_picture_pkey PRIMARY KEY (cmsplugin_ptr_id);


--
-- Name: cmsplugin_text_pkey; Type: CONSTRAINT; Schema: public; Owner: infantiumdba; Tablespace: 
--

ALTER TABLE ONLY cmsplugin_text
    ADD CONSTRAINT cmsplugin_text_pkey PRIMARY KEY (cmsplugin_ptr_id);


--
-- Name: cmsplugin_twitterrecententries_pkey; Type: CONSTRAINT; Schema: public; Owner: infantiumdba; Tablespace: 
--

ALTER TABLE ONLY cmsplugin_twitterrecententries
    ADD CONSTRAINT cmsplugin_twitterrecententries_pkey PRIMARY KEY (cmsplugin_ptr_id);


--
-- Name: cmsplugin_twittersearch_pkey; Type: CONSTRAINT; Schema: public; Owner: infantiumdba; Tablespace: 
--

ALTER TABLE ONLY cmsplugin_twittersearch
    ADD CONSTRAINT cmsplugin_twittersearch_pkey PRIMARY KEY (cmsplugin_ptr_id);


--
-- Name: cmsplugin_video_pkey; Type: CONSTRAINT; Schema: public; Owner: infantiumdba; Tablespace: 
--

ALTER TABLE ONLY cmsplugin_video
    ADD CONSTRAINT cmsplugin_video_pkey PRIMARY KEY (cmsplugin_ptr_id);


--
-- Name: db_chart_indicators_chart_id_indicator_id_key; Type: CONSTRAINT; Schema: public; Owner: infantiumdba; Tablespace: 
--

ALTER TABLE ONLY db_chart_indicators
    ADD CONSTRAINT db_chart_indicators_chart_id_indicator_id_key UNIQUE (chart_id, indicator_id);


--
-- Name: db_chart_indicators_pkey; Type: CONSTRAINT; Schema: public; Owner: infantiumdba; Tablespace: 
--

ALTER TABLE ONLY db_chart_indicators
    ADD CONSTRAINT db_chart_indicators_pkey PRIMARY KEY (id);


--
-- Name: db_chart_pkey; Type: CONSTRAINT; Schema: public; Owner: infantiumdba; Tablespace: 
--

ALTER TABLE ONLY db_chart
    ADD CONSTRAINT db_chart_pkey PRIMARY KEY (id);


--
-- Name: db_cognitivearea_multiple_int_cognitivearea_id_multipleinte_key; Type: CONSTRAINT; Schema: public; Owner: infantiumdba; Tablespace: 
--

ALTER TABLE ONLY db_cognitivearea_multiple_intelligences
    ADD CONSTRAINT db_cognitivearea_multiple_int_cognitivearea_id_multipleinte_key UNIQUE (cognitivearea_id, multipleintelligence_id);


--
-- Name: db_cognitivearea_multiple_intelligences_pkey; Type: CONSTRAINT; Schema: public; Owner: infantiumdba; Tablespace: 
--

ALTER TABLE ONLY db_cognitivearea_multiple_intelligences
    ADD CONSTRAINT db_cognitivearea_multiple_intelligences_pkey PRIMARY KEY (id);


--
-- Name: db_cognitivearea_pkey; Type: CONSTRAINT; Schema: public; Owner: infantiumdba; Tablespace: 
--

ALTER TABLE ONLY db_cognitivearea
    ADD CONSTRAINT db_cognitivearea_pkey PRIMARY KEY (id);


--
-- Name: db_game_pkey; Type: CONSTRAINT; Schema: public; Owner: infantiumdba; Tablespace: 
--

ALTER TABLE ONLY db_game
    ADD CONSTRAINT db_game_pkey PRIMARY KEY (id);


--
-- Name: db_gameplay_pkey; Type: CONSTRAINT; Schema: public; Owner: infantiumdba; Tablespace: 
--

ALTER TABLE ONLY db_gameplay
    ADD CONSTRAINT db_gameplay_pkey PRIMARY KEY (id);


--
-- Name: db_gameroute_pkey; Type: CONSTRAINT; Schema: public; Owner: infantiumdba; Tablespace: 
--

ALTER TABLE ONLY db_gameroute
    ADD CONSTRAINT db_gameroute_pkey PRIMARY KEY (id);


--
-- Name: db_indicator_cognitive_areas_indicator_id_cognitivearea_id_key; Type: CONSTRAINT; Schema: public; Owner: infantiumdba; Tablespace: 
--

ALTER TABLE ONLY db_indicator_cognitive_areas
    ADD CONSTRAINT db_indicator_cognitive_areas_indicator_id_cognitivearea_id_key UNIQUE (indicator_id, cognitivearea_id);


--
-- Name: db_indicator_cognitive_areas_pkey; Type: CONSTRAINT; Schema: public; Owner: infantiumdba; Tablespace: 
--

ALTER TABLE ONLY db_indicator_cognitive_areas
    ADD CONSTRAINT db_indicator_cognitive_areas_pkey PRIMARY KEY (id);


--
-- Name: db_indicator_pkey; Type: CONSTRAINT; Schema: public; Owner: infantiumdba; Tablespace: 
--

ALTER TABLE ONLY db_indicator
    ADD CONSTRAINT db_indicator_pkey PRIMARY KEY (id);


--
-- Name: db_level_pkey; Type: CONSTRAINT; Schema: public; Owner: infantiumdba; Tablespace: 
--

ALTER TABLE ONLY db_level
    ADD CONSTRAINT db_level_pkey PRIMARY KEY (id);


--
-- Name: db_multipleintelligence_pkey; Type: CONSTRAINT; Schema: public; Owner: infantiumdba; Tablespace: 
--

ALTER TABLE ONLY db_multipleintelligence
    ADD CONSTRAINT db_multipleintelligence_pkey PRIMARY KEY (id);


--
-- Name: db_player_pkey; Type: CONSTRAINT; Schema: public; Owner: infantiumdba; Tablespace: 
--

ALTER TABLE ONLY db_player
    ADD CONSTRAINT db_player_pkey PRIMARY KEY (id);


--
-- Name: db_route_node_path_key; Type: CONSTRAINT; Schema: public; Owner: infantiumdba; Tablespace: 
--

ALTER TABLE ONLY db_route_node
    ADD CONSTRAINT db_route_node_path_key UNIQUE (path);


--
-- Name: db_route_node_pkey; Type: CONSTRAINT; Schema: public; Owner: infantiumdba; Tablespace: 
--

ALTER TABLE ONLY db_route_node
    ADD CONSTRAINT db_route_node_pkey PRIMARY KEY (id);


--
-- Name: db_scene_pkey; Type: CONSTRAINT; Schema: public; Owner: infantiumdba; Tablespace: 
--

ALTER TABLE ONLY db_scene
    ADD CONSTRAINT db_scene_pkey PRIMARY KEY (id);


--
-- Name: db_score_pkey; Type: CONSTRAINT; Schema: public; Owner: infantiumdba; Tablespace: 
--

ALTER TABLE ONLY db_score
    ADD CONSTRAINT db_score_pkey PRIMARY KEY (id);


--
-- Name: db_userprofile_pkey; Type: CONSTRAINT; Schema: public; Owner: infantiumdba; Tablespace: 
--

ALTER TABLE ONLY db_userprofile
    ADD CONSTRAINT db_userprofile_pkey PRIMARY KEY (id);


--
-- Name: db_userprofile_user_id_key; Type: CONSTRAINT; Schema: public; Owner: infantiumdba; Tablespace: 
--

ALTER TABLE ONLY db_userprofile
    ADD CONSTRAINT db_userprofile_user_id_key UNIQUE (user_id);


--
-- Name: django_admin_log_pkey; Type: CONSTRAINT; Schema: public; Owner: infantiumdba; Tablespace: 
--

ALTER TABLE ONLY django_admin_log
    ADD CONSTRAINT django_admin_log_pkey PRIMARY KEY (id);


--
-- Name: django_comment_flags_pkey; Type: CONSTRAINT; Schema: public; Owner: infantiumdba; Tablespace: 
--

ALTER TABLE ONLY django_comment_flags
    ADD CONSTRAINT django_comment_flags_pkey PRIMARY KEY (id);


--
-- Name: django_comment_flags_user_id_comment_id_flag_key; Type: CONSTRAINT; Schema: public; Owner: infantiumdba; Tablespace: 
--

ALTER TABLE ONLY django_comment_flags
    ADD CONSTRAINT django_comment_flags_user_id_comment_id_flag_key UNIQUE (user_id, comment_id, flag);


--
-- Name: django_comments_pkey; Type: CONSTRAINT; Schema: public; Owner: infantiumdba; Tablespace: 
--

ALTER TABLE ONLY django_comments
    ADD CONSTRAINT django_comments_pkey PRIMARY KEY (id);


--
-- Name: django_content_type_app_label_model_key; Type: CONSTRAINT; Schema: public; Owner: infantiumdba; Tablespace: 
--

ALTER TABLE ONLY django_content_type
    ADD CONSTRAINT django_content_type_app_label_model_key UNIQUE (app_label, model);


--
-- Name: django_content_type_pkey; Type: CONSTRAINT; Schema: public; Owner: infantiumdba; Tablespace: 
--

ALTER TABLE ONLY django_content_type
    ADD CONSTRAINT django_content_type_pkey PRIMARY KEY (id);


--
-- Name: django_session_pkey; Type: CONSTRAINT; Schema: public; Owner: infantiumdba; Tablespace: 
--

ALTER TABLE ONLY django_session
    ADD CONSTRAINT django_session_pkey PRIMARY KEY (session_key);


--
-- Name: django_site_pkey; Type: CONSTRAINT; Schema: public; Owner: infantiumdba; Tablespace: 
--

ALTER TABLE ONLY django_site
    ADD CONSTRAINT django_site_pkey PRIMARY KEY (id);


--
-- Name: menus_cachekey_pkey; Type: CONSTRAINT; Schema: public; Owner: infantiumdba; Tablespace: 
--

ALTER TABLE ONLY menus_cachekey
    ADD CONSTRAINT menus_cachekey_pkey PRIMARY KEY (id);


--
-- Name: newsletter_article_pkey; Type: CONSTRAINT; Schema: public; Owner: infantiumdba; Tablespace: 
--

ALTER TABLE ONLY newsletter_article
    ADD CONSTRAINT newsletter_article_pkey PRIMARY KEY (id);


--
-- Name: newsletter_emailtemplate_pkey; Type: CONSTRAINT; Schema: public; Owner: infantiumdba; Tablespace: 
--

ALTER TABLE ONLY newsletter_emailtemplate
    ADD CONSTRAINT newsletter_emailtemplate_pkey PRIMARY KEY (id);


--
-- Name: newsletter_emailtemplate_title_action_key; Type: CONSTRAINT; Schema: public; Owner: infantiumdba; Tablespace: 
--

ALTER TABLE ONLY newsletter_emailtemplate
    ADD CONSTRAINT newsletter_emailtemplate_title_action_key UNIQUE (title, action);


--
-- Name: newsletter_message_pkey; Type: CONSTRAINT; Schema: public; Owner: infantiumdba; Tablespace: 
--

ALTER TABLE ONLY newsletter_message
    ADD CONSTRAINT newsletter_message_pkey PRIMARY KEY (id);


--
-- Name: newsletter_message_slug_newsletter_id_key; Type: CONSTRAINT; Schema: public; Owner: infantiumdba; Tablespace: 
--

ALTER TABLE ONLY newsletter_message
    ADD CONSTRAINT newsletter_message_slug_newsletter_id_key UNIQUE (slug, newsletter_id);


--
-- Name: newsletter_newsletter_pkey; Type: CONSTRAINT; Schema: public; Owner: infantiumdba; Tablespace: 
--

ALTER TABLE ONLY newsletter_newsletter
    ADD CONSTRAINT newsletter_newsletter_pkey PRIMARY KEY (id);


--
-- Name: newsletter_newsletter_site_newsletter_id_site_id_key; Type: CONSTRAINT; Schema: public; Owner: infantiumdba; Tablespace: 
--

ALTER TABLE ONLY newsletter_newsletter_site
    ADD CONSTRAINT newsletter_newsletter_site_newsletter_id_site_id_key UNIQUE (newsletter_id, site_id);


--
-- Name: newsletter_newsletter_site_pkey; Type: CONSTRAINT; Schema: public; Owner: infantiumdba; Tablespace: 
--

ALTER TABLE ONLY newsletter_newsletter_site
    ADD CONSTRAINT newsletter_newsletter_site_pkey PRIMARY KEY (id);


--
-- Name: newsletter_newsletter_slug_key; Type: CONSTRAINT; Schema: public; Owner: infantiumdba; Tablespace: 
--

ALTER TABLE ONLY newsletter_newsletter
    ADD CONSTRAINT newsletter_newsletter_slug_key UNIQUE (slug);


--
-- Name: newsletter_submission_pkey; Type: CONSTRAINT; Schema: public; Owner: infantiumdba; Tablespace: 
--

ALTER TABLE ONLY newsletter_submission
    ADD CONSTRAINT newsletter_submission_pkey PRIMARY KEY (id);


--
-- Name: newsletter_submission_subscri_submission_id_subscription_id_key; Type: CONSTRAINT; Schema: public; Owner: infantiumdba; Tablespace: 
--

ALTER TABLE ONLY newsletter_submission_subscriptions
    ADD CONSTRAINT newsletter_submission_subscri_submission_id_subscription_id_key UNIQUE (submission_id, subscription_id);


--
-- Name: newsletter_submission_subscriptions_pkey; Type: CONSTRAINT; Schema: public; Owner: infantiumdba; Tablespace: 
--

ALTER TABLE ONLY newsletter_submission_subscriptions
    ADD CONSTRAINT newsletter_submission_subscriptions_pkey PRIMARY KEY (id);


--
-- Name: newsletter_subscription_pkey; Type: CONSTRAINT; Schema: public; Owner: infantiumdba; Tablespace: 
--

ALTER TABLE ONLY newsletter_subscription
    ADD CONSTRAINT newsletter_subscription_pkey PRIMARY KEY (id);


--
-- Name: newsletter_subscription_user_id_email_newsletter_id_key; Type: CONSTRAINT; Schema: public; Owner: infantiumdba; Tablespace: 
--

ALTER TABLE ONLY newsletter_subscription
    ADD CONSTRAINT newsletter_subscription_user_id_email_newsletter_id_key UNIQUE (user_id, email, newsletter_id);


--
-- Name: south_migrationhistory_pkey; Type: CONSTRAINT; Schema: public; Owner: infantiumdba; Tablespace: 
--

ALTER TABLE ONLY south_migrationhistory
    ADD CONSTRAINT south_migrationhistory_pkey PRIMARY KEY (id);


--
-- Name: tagging_tag_name_key; Type: CONSTRAINT; Schema: public; Owner: infantiumdba; Tablespace: 
--

ALTER TABLE ONLY tagging_tag
    ADD CONSTRAINT tagging_tag_name_key UNIQUE (name);


--
-- Name: tagging_tag_pkey; Type: CONSTRAINT; Schema: public; Owner: infantiumdba; Tablespace: 
--

ALTER TABLE ONLY tagging_tag
    ADD CONSTRAINT tagging_tag_pkey PRIMARY KEY (id);


--
-- Name: tagging_taggeditem_pkey; Type: CONSTRAINT; Schema: public; Owner: infantiumdba; Tablespace: 
--

ALTER TABLE ONLY tagging_taggeditem
    ADD CONSTRAINT tagging_taggeditem_pkey PRIMARY KEY (id);


--
-- Name: tagging_taggeditem_tag_id_content_type_id_object_id_key; Type: CONSTRAINT; Schema: public; Owner: infantiumdba; Tablespace: 
--

ALTER TABLE ONLY tagging_taggeditem
    ADD CONSTRAINT tagging_taggeditem_tag_id_content_type_id_object_id_key UNIQUE (tag_id, content_type_id, object_id);


--
-- Name: tastypie_apiaccess_pkey; Type: CONSTRAINT; Schema: public; Owner: infantiumdba; Tablespace: 
--

ALTER TABLE ONLY tastypie_apiaccess
    ADD CONSTRAINT tastypie_apiaccess_pkey PRIMARY KEY (id);


--
-- Name: tastypie_apikey_pkey; Type: CONSTRAINT; Schema: public; Owner: infantiumdba; Tablespace: 
--

ALTER TABLE ONLY tastypie_apikey
    ADD CONSTRAINT tastypie_apikey_pkey PRIMARY KEY (id);


--
-- Name: tastypie_apikey_user_id_key; Type: CONSTRAINT; Schema: public; Owner: infantiumdba; Tablespace: 
--

ALTER TABLE ONLY tastypie_apikey
    ADD CONSTRAINT tastypie_apikey_user_id_key UNIQUE (user_id);


--
-- Name: zinnia_category_pkey; Type: CONSTRAINT; Schema: public; Owner: infantiumdba; Tablespace: 
--

ALTER TABLE ONLY zinnia_category
    ADD CONSTRAINT zinnia_category_pkey PRIMARY KEY (id);


--
-- Name: zinnia_category_slug_key; Type: CONSTRAINT; Schema: public; Owner: infantiumdba; Tablespace: 
--

ALTER TABLE ONLY zinnia_category
    ADD CONSTRAINT zinnia_category_slug_key UNIQUE (slug);


--
-- Name: zinnia_entry_authors_entry_id_user_id_key; Type: CONSTRAINT; Schema: public; Owner: infantiumdba; Tablespace: 
--

ALTER TABLE ONLY zinnia_entry_authors
    ADD CONSTRAINT zinnia_entry_authors_entry_id_user_id_key UNIQUE (entry_id, user_id);


--
-- Name: zinnia_entry_authors_pkey; Type: CONSTRAINT; Schema: public; Owner: infantiumdba; Tablespace: 
--

ALTER TABLE ONLY zinnia_entry_authors
    ADD CONSTRAINT zinnia_entry_authors_pkey PRIMARY KEY (id);


--
-- Name: zinnia_entry_categories_entry_id_category_id_key; Type: CONSTRAINT; Schema: public; Owner: infantiumdba; Tablespace: 
--

ALTER TABLE ONLY zinnia_entry_categories
    ADD CONSTRAINT zinnia_entry_categories_entry_id_category_id_key UNIQUE (entry_id, category_id);


--
-- Name: zinnia_entry_categories_pkey; Type: CONSTRAINT; Schema: public; Owner: infantiumdba; Tablespace: 
--

ALTER TABLE ONLY zinnia_entry_categories
    ADD CONSTRAINT zinnia_entry_categories_pkey PRIMARY KEY (id);


--
-- Name: zinnia_entry_pkey; Type: CONSTRAINT; Schema: public; Owner: infantiumdba; Tablespace: 
--

ALTER TABLE ONLY zinnia_entry
    ADD CONSTRAINT zinnia_entry_pkey PRIMARY KEY (id);


--
-- Name: zinnia_entry_related_from_entry_id_to_entry_id_key; Type: CONSTRAINT; Schema: public; Owner: infantiumdba; Tablespace: 
--

ALTER TABLE ONLY zinnia_entry_related
    ADD CONSTRAINT zinnia_entry_related_from_entry_id_to_entry_id_key UNIQUE (from_entry_id, to_entry_id);


--
-- Name: zinnia_entry_related_pkey; Type: CONSTRAINT; Schema: public; Owner: infantiumdba; Tablespace: 
--

ALTER TABLE ONLY zinnia_entry_related
    ADD CONSTRAINT zinnia_entry_related_pkey PRIMARY KEY (id);


--
-- Name: zinnia_entry_sites_entry_id_site_id_key; Type: CONSTRAINT; Schema: public; Owner: infantiumdba; Tablespace: 
--

ALTER TABLE ONLY zinnia_entry_sites
    ADD CONSTRAINT zinnia_entry_sites_entry_id_site_id_key UNIQUE (entry_id, site_id);


--
-- Name: zinnia_entry_sites_pkey; Type: CONSTRAINT; Schema: public; Owner: infantiumdba; Tablespace: 
--

ALTER TABLE ONLY zinnia_entry_sites
    ADD CONSTRAINT zinnia_entry_sites_pkey PRIMARY KEY (id);


--
-- Name: auth_group_permissions_group_id; Type: INDEX; Schema: public; Owner: infantiumdba; Tablespace: 
--

CREATE INDEX auth_group_permissions_group_id ON auth_group_permissions USING btree (group_id);


--
-- Name: auth_group_permissions_permission_id; Type: INDEX; Schema: public; Owner: infantiumdba; Tablespace: 
--

CREATE INDEX auth_group_permissions_permission_id ON auth_group_permissions USING btree (permission_id);


--
-- Name: auth_permission_content_type_id; Type: INDEX; Schema: public; Owner: infantiumdba; Tablespace: 
--

CREATE INDEX auth_permission_content_type_id ON auth_permission USING btree (content_type_id);


--
-- Name: auth_user_groups_group_id; Type: INDEX; Schema: public; Owner: infantiumdba; Tablespace: 
--

CREATE INDEX auth_user_groups_group_id ON auth_user_groups USING btree (group_id);


--
-- Name: auth_user_groups_user_id; Type: INDEX; Schema: public; Owner: infantiumdba; Tablespace: 
--

CREATE INDEX auth_user_groups_user_id ON auth_user_groups USING btree (user_id);


--
-- Name: auth_user_user_permissions_permission_id; Type: INDEX; Schema: public; Owner: infantiumdba; Tablespace: 
--

CREATE INDEX auth_user_user_permissions_permission_id ON auth_user_user_permissions USING btree (permission_id);


--
-- Name: auth_user_user_permissions_user_id; Type: INDEX; Schema: public; Owner: infantiumdba; Tablespace: 
--

CREATE INDEX auth_user_user_permissions_user_id ON auth_user_user_permissions USING btree (user_id);


--
-- Name: cms_cmsplugin_language; Type: INDEX; Schema: public; Owner: infantiumdba; Tablespace: 
--

CREATE INDEX cms_cmsplugin_language ON cms_cmsplugin USING btree (language);


--
-- Name: cms_cmsplugin_language_like; Type: INDEX; Schema: public; Owner: infantiumdba; Tablespace: 
--

CREATE INDEX cms_cmsplugin_language_like ON cms_cmsplugin USING btree (language varchar_pattern_ops);


--
-- Name: cms_cmsplugin_level; Type: INDEX; Schema: public; Owner: infantiumdba; Tablespace: 
--

CREATE INDEX cms_cmsplugin_level ON cms_cmsplugin USING btree (level);


--
-- Name: cms_cmsplugin_lft; Type: INDEX; Schema: public; Owner: infantiumdba; Tablespace: 
--

CREATE INDEX cms_cmsplugin_lft ON cms_cmsplugin USING btree (lft);


--
-- Name: cms_cmsplugin_parent_id; Type: INDEX; Schema: public; Owner: infantiumdba; Tablespace: 
--

CREATE INDEX cms_cmsplugin_parent_id ON cms_cmsplugin USING btree (parent_id);


--
-- Name: cms_cmsplugin_placeholder_id; Type: INDEX; Schema: public; Owner: infantiumdba; Tablespace: 
--

CREATE INDEX cms_cmsplugin_placeholder_id ON cms_cmsplugin USING btree (placeholder_id);


--
-- Name: cms_cmsplugin_plugin_type; Type: INDEX; Schema: public; Owner: infantiumdba; Tablespace: 
--

CREATE INDEX cms_cmsplugin_plugin_type ON cms_cmsplugin USING btree (plugin_type);


--
-- Name: cms_cmsplugin_plugin_type_like; Type: INDEX; Schema: public; Owner: infantiumdba; Tablespace: 
--

CREATE INDEX cms_cmsplugin_plugin_type_like ON cms_cmsplugin USING btree (plugin_type varchar_pattern_ops);


--
-- Name: cms_cmsplugin_rght; Type: INDEX; Schema: public; Owner: infantiumdba; Tablespace: 
--

CREATE INDEX cms_cmsplugin_rght ON cms_cmsplugin USING btree (rght);


--
-- Name: cms_cmsplugin_tree_id; Type: INDEX; Schema: public; Owner: infantiumdba; Tablespace: 
--

CREATE INDEX cms_cmsplugin_tree_id ON cms_cmsplugin USING btree (tree_id);


--
-- Name: cms_globalpagepermission_group_id; Type: INDEX; Schema: public; Owner: infantiumdba; Tablespace: 
--

CREATE INDEX cms_globalpagepermission_group_id ON cms_globalpagepermission USING btree (group_id);


--
-- Name: cms_globalpagepermission_sites_globalpagepermission_id; Type: INDEX; Schema: public; Owner: infantiumdba; Tablespace: 
--

CREATE INDEX cms_globalpagepermission_sites_globalpagepermission_id ON cms_globalpagepermission_sites USING btree (globalpagepermission_id);


--
-- Name: cms_globalpagepermission_sites_site_id; Type: INDEX; Schema: public; Owner: infantiumdba; Tablespace: 
--

CREATE INDEX cms_globalpagepermission_sites_site_id ON cms_globalpagepermission_sites USING btree (site_id);


--
-- Name: cms_globalpagepermission_user_id; Type: INDEX; Schema: public; Owner: infantiumdba; Tablespace: 
--

CREATE INDEX cms_globalpagepermission_user_id ON cms_globalpagepermission USING btree (user_id);


--
-- Name: cms_page_in_navigation; Type: INDEX; Schema: public; Owner: infantiumdba; Tablespace: 
--

CREATE INDEX cms_page_in_navigation ON cms_page USING btree (in_navigation);


--
-- Name: cms_page_level; Type: INDEX; Schema: public; Owner: infantiumdba; Tablespace: 
--

CREATE INDEX cms_page_level ON cms_page USING btree (level);


--
-- Name: cms_page_lft; Type: INDEX; Schema: public; Owner: infantiumdba; Tablespace: 
--

CREATE INDEX cms_page_lft ON cms_page USING btree (lft);


--
-- Name: cms_page_limit_visibility_in_menu; Type: INDEX; Schema: public; Owner: infantiumdba; Tablespace: 
--

CREATE INDEX cms_page_limit_visibility_in_menu ON cms_page USING btree (limit_visibility_in_menu);


--
-- Name: cms_page_navigation_extenders; Type: INDEX; Schema: public; Owner: infantiumdba; Tablespace: 
--

CREATE INDEX cms_page_navigation_extenders ON cms_page USING btree (navigation_extenders);


--
-- Name: cms_page_navigation_extenders_like; Type: INDEX; Schema: public; Owner: infantiumdba; Tablespace: 
--

CREATE INDEX cms_page_navigation_extenders_like ON cms_page USING btree (navigation_extenders varchar_pattern_ops);


--
-- Name: cms_page_parent_id; Type: INDEX; Schema: public; Owner: infantiumdba; Tablespace: 
--

CREATE INDEX cms_page_parent_id ON cms_page USING btree (parent_id);


--
-- Name: cms_page_placeholders_page_id; Type: INDEX; Schema: public; Owner: infantiumdba; Tablespace: 
--

CREATE INDEX cms_page_placeholders_page_id ON cms_page_placeholders USING btree (page_id);


--
-- Name: cms_page_placeholders_placeholder_id; Type: INDEX; Schema: public; Owner: infantiumdba; Tablespace: 
--

CREATE INDEX cms_page_placeholders_placeholder_id ON cms_page_placeholders USING btree (placeholder_id);


--
-- Name: cms_page_publication_date; Type: INDEX; Schema: public; Owner: infantiumdba; Tablespace: 
--

CREATE INDEX cms_page_publication_date ON cms_page USING btree (publication_date);


--
-- Name: cms_page_publication_end_date; Type: INDEX; Schema: public; Owner: infantiumdba; Tablespace: 
--

CREATE INDEX cms_page_publication_end_date ON cms_page USING btree (publication_end_date);


--
-- Name: cms_page_publisher_is_draft; Type: INDEX; Schema: public; Owner: infantiumdba; Tablespace: 
--

CREATE INDEX cms_page_publisher_is_draft ON cms_page USING btree (publisher_is_draft);


--
-- Name: cms_page_publisher_state; Type: INDEX; Schema: public; Owner: infantiumdba; Tablespace: 
--

CREATE INDEX cms_page_publisher_state ON cms_page USING btree (publisher_state);


--
-- Name: cms_page_reverse_id; Type: INDEX; Schema: public; Owner: infantiumdba; Tablespace: 
--

CREATE INDEX cms_page_reverse_id ON cms_page USING btree (reverse_id);


--
-- Name: cms_page_reverse_id_like; Type: INDEX; Schema: public; Owner: infantiumdba; Tablespace: 
--

CREATE INDEX cms_page_reverse_id_like ON cms_page USING btree (reverse_id varchar_pattern_ops);


--
-- Name: cms_page_rght; Type: INDEX; Schema: public; Owner: infantiumdba; Tablespace: 
--

CREATE INDEX cms_page_rght ON cms_page USING btree (rght);


--
-- Name: cms_page_site_id; Type: INDEX; Schema: public; Owner: infantiumdba; Tablespace: 
--

CREATE INDEX cms_page_site_id ON cms_page USING btree (site_id);


--
-- Name: cms_page_soft_root; Type: INDEX; Schema: public; Owner: infantiumdba; Tablespace: 
--

CREATE INDEX cms_page_soft_root ON cms_page USING btree (soft_root);


--
-- Name: cms_page_tree_id; Type: INDEX; Schema: public; Owner: infantiumdba; Tablespace: 
--

CREATE INDEX cms_page_tree_id ON cms_page USING btree (tree_id);


--
-- Name: cms_pagemoderator_page_id; Type: INDEX; Schema: public; Owner: infantiumdba; Tablespace: 
--

CREATE INDEX cms_pagemoderator_page_id ON cms_pagemoderator USING btree (page_id);


--
-- Name: cms_pagemoderator_user_id; Type: INDEX; Schema: public; Owner: infantiumdba; Tablespace: 
--

CREATE INDEX cms_pagemoderator_user_id ON cms_pagemoderator USING btree (user_id);


--
-- Name: cms_pagemoderatorstate_page_id; Type: INDEX; Schema: public; Owner: infantiumdba; Tablespace: 
--

CREATE INDEX cms_pagemoderatorstate_page_id ON cms_pagemoderatorstate USING btree (page_id);


--
-- Name: cms_pagemoderatorstate_user_id; Type: INDEX; Schema: public; Owner: infantiumdba; Tablespace: 
--

CREATE INDEX cms_pagemoderatorstate_user_id ON cms_pagemoderatorstate USING btree (user_id);


--
-- Name: cms_pagepermission_group_id; Type: INDEX; Schema: public; Owner: infantiumdba; Tablespace: 
--

CREATE INDEX cms_pagepermission_group_id ON cms_pagepermission USING btree (group_id);


--
-- Name: cms_pagepermission_page_id; Type: INDEX; Schema: public; Owner: infantiumdba; Tablespace: 
--

CREATE INDEX cms_pagepermission_page_id ON cms_pagepermission USING btree (page_id);


--
-- Name: cms_pagepermission_user_id; Type: INDEX; Schema: public; Owner: infantiumdba; Tablespace: 
--

CREATE INDEX cms_pagepermission_user_id ON cms_pagepermission USING btree (user_id);


--
-- Name: cms_pageuser_created_by_id; Type: INDEX; Schema: public; Owner: infantiumdba; Tablespace: 
--

CREATE INDEX cms_pageuser_created_by_id ON cms_pageuser USING btree (created_by_id);


--
-- Name: cms_pageusergroup_created_by_id; Type: INDEX; Schema: public; Owner: infantiumdba; Tablespace: 
--

CREATE INDEX cms_pageusergroup_created_by_id ON cms_pageusergroup USING btree (created_by_id);


--
-- Name: cms_placeholder_slot; Type: INDEX; Schema: public; Owner: infantiumdba; Tablespace: 
--

CREATE INDEX cms_placeholder_slot ON cms_placeholder USING btree (slot);


--
-- Name: cms_placeholder_slot_like; Type: INDEX; Schema: public; Owner: infantiumdba; Tablespace: 
--

CREATE INDEX cms_placeholder_slot_like ON cms_placeholder USING btree (slot varchar_pattern_ops);


--
-- Name: cms_title_application_urls; Type: INDEX; Schema: public; Owner: infantiumdba; Tablespace: 
--

CREATE INDEX cms_title_application_urls ON cms_title USING btree (application_urls);


--
-- Name: cms_title_application_urls_like; Type: INDEX; Schema: public; Owner: infantiumdba; Tablespace: 
--

CREATE INDEX cms_title_application_urls_like ON cms_title USING btree (application_urls varchar_pattern_ops);


--
-- Name: cms_title_has_url_overwrite; Type: INDEX; Schema: public; Owner: infantiumdba; Tablespace: 
--

CREATE INDEX cms_title_has_url_overwrite ON cms_title USING btree (has_url_overwrite);


--
-- Name: cms_title_language; Type: INDEX; Schema: public; Owner: infantiumdba; Tablespace: 
--

CREATE INDEX cms_title_language ON cms_title USING btree (language);


--
-- Name: cms_title_language_like; Type: INDEX; Schema: public; Owner: infantiumdba; Tablespace: 
--

CREATE INDEX cms_title_language_like ON cms_title USING btree (language varchar_pattern_ops);


--
-- Name: cms_title_page_id; Type: INDEX; Schema: public; Owner: infantiumdba; Tablespace: 
--

CREATE INDEX cms_title_page_id ON cms_title USING btree (page_id);


--
-- Name: cms_title_path; Type: INDEX; Schema: public; Owner: infantiumdba; Tablespace: 
--

CREATE INDEX cms_title_path ON cms_title USING btree (path);


--
-- Name: cms_title_path_like; Type: INDEX; Schema: public; Owner: infantiumdba; Tablespace: 
--

CREATE INDEX cms_title_path_like ON cms_title USING btree (path varchar_pattern_ops);


--
-- Name: cms_title_slug; Type: INDEX; Schema: public; Owner: infantiumdba; Tablespace: 
--

CREATE INDEX cms_title_slug ON cms_title USING btree (slug);


--
-- Name: cms_title_slug_like; Type: INDEX; Schema: public; Owner: infantiumdba; Tablespace: 
--

CREATE INDEX cms_title_slug_like ON cms_title USING btree (slug varchar_pattern_ops);


--
-- Name: cmsplugin_link_page_link_id; Type: INDEX; Schema: public; Owner: infantiumdba; Tablespace: 
--

CREATE INDEX cmsplugin_link_page_link_id ON cmsplugin_link USING btree (page_link_id);


--
-- Name: cmsplugin_picture_page_link_id; Type: INDEX; Schema: public; Owner: infantiumdba; Tablespace: 
--

CREATE INDEX cmsplugin_picture_page_link_id ON cmsplugin_picture USING btree (page_link_id);


--
-- Name: db_chart_indicators_chart_id; Type: INDEX; Schema: public; Owner: infantiumdba; Tablespace: 
--

CREATE INDEX db_chart_indicators_chart_id ON db_chart_indicators USING btree (chart_id);


--
-- Name: db_chart_indicators_indicator_id; Type: INDEX; Schema: public; Owner: infantiumdba; Tablespace: 
--

CREATE INDEX db_chart_indicators_indicator_id ON db_chart_indicators USING btree (indicator_id);


--
-- Name: db_chart_player_id; Type: INDEX; Schema: public; Owner: infantiumdba; Tablespace: 
--

CREATE INDEX db_chart_player_id ON db_chart USING btree (player_id);


--
-- Name: db_chart_title; Type: INDEX; Schema: public; Owner: infantiumdba; Tablespace: 
--

CREATE INDEX db_chart_title ON db_chart USING btree (title);


--
-- Name: db_chart_title_like; Type: INDEX; Schema: public; Owner: infantiumdba; Tablespace: 
--

CREATE INDEX db_chart_title_like ON db_chart USING btree (title varchar_pattern_ops);


--
-- Name: db_chart_type; Type: INDEX; Schema: public; Owner: infantiumdba; Tablespace: 
--

CREATE INDEX db_chart_type ON db_chart USING btree (type);


--
-- Name: db_chart_type_like; Type: INDEX; Schema: public; Owner: infantiumdba; Tablespace: 
--

CREATE INDEX db_chart_type_like ON db_chart USING btree (type varchar_pattern_ops);


--
-- Name: db_cognitivearea_multiple_intelligences_cognitivearea_id; Type: INDEX; Schema: public; Owner: infantiumdba; Tablespace: 
--

CREATE INDEX db_cognitivearea_multiple_intelligences_cognitivearea_id ON db_cognitivearea_multiple_intelligences USING btree (cognitivearea_id);


--
-- Name: db_cognitivearea_multiple_intelligences_multipleintelligence_id; Type: INDEX; Schema: public; Owner: infantiumdba; Tablespace: 
--

CREATE INDEX db_cognitivearea_multiple_intelligences_multipleintelligence_id ON db_cognitivearea_multiple_intelligences USING btree (multipleintelligence_id);


--
-- Name: db_cognitivearea_name; Type: INDEX; Schema: public; Owner: infantiumdba; Tablespace: 
--

CREATE INDEX db_cognitivearea_name ON db_cognitivearea USING btree (name);


--
-- Name: db_cognitivearea_name_like; Type: INDEX; Schema: public; Owner: infantiumdba; Tablespace: 
--

CREATE INDEX db_cognitivearea_name_like ON db_cognitivearea USING btree (name varchar_pattern_ops);


--
-- Name: db_gameplay_game_id; Type: INDEX; Schema: public; Owner: infantiumdba; Tablespace: 
--

CREATE INDEX db_gameplay_game_id ON db_gameplay USING btree (game_id);


--
-- Name: db_gameplay_player_id; Type: INDEX; Schema: public; Owner: infantiumdba; Tablespace: 
--

CREATE INDEX db_gameplay_player_id ON db_gameplay USING btree (player_id);


--
-- Name: db_gameroute_game_play_id; Type: INDEX; Schema: public; Owner: infantiumdba; Tablespace: 
--

CREATE INDEX db_gameroute_game_play_id ON db_gameroute USING btree (game_play_id);


--
-- Name: db_gameroute_order; Type: INDEX; Schema: public; Owner: infantiumdba; Tablespace: 
--

CREATE INDEX db_gameroute_order ON db_gameroute USING btree ("order");


--
-- Name: db_indicator_cognitive_areas_cognitivearea_id; Type: INDEX; Schema: public; Owner: infantiumdba; Tablespace: 
--

CREATE INDEX db_indicator_cognitive_areas_cognitivearea_id ON db_indicator_cognitive_areas USING btree (cognitivearea_id);


--
-- Name: db_indicator_cognitive_areas_indicator_id; Type: INDEX; Schema: public; Owner: infantiumdba; Tablespace: 
--

CREATE INDEX db_indicator_cognitive_areas_indicator_id ON db_indicator_cognitive_areas USING btree (indicator_id);


--
-- Name: db_indicator_name; Type: INDEX; Schema: public; Owner: infantiumdba; Tablespace: 
--

CREATE INDEX db_indicator_name ON db_indicator USING btree (name);


--
-- Name: db_indicator_name_like; Type: INDEX; Schema: public; Owner: infantiumdba; Tablespace: 
--

CREATE INDEX db_indicator_name_like ON db_indicator USING btree (name varchar_pattern_ops);


--
-- Name: db_level_name; Type: INDEX; Schema: public; Owner: infantiumdba; Tablespace: 
--

CREATE INDEX db_level_name ON db_level USING btree (name);


--
-- Name: db_level_name_like; Type: INDEX; Schema: public; Owner: infantiumdba; Tablespace: 
--

CREATE INDEX db_level_name_like ON db_level USING btree (name varchar_pattern_ops);


--
-- Name: db_level_number; Type: INDEX; Schema: public; Owner: infantiumdba; Tablespace: 
--

CREATE INDEX db_level_number ON db_level USING btree (number);


--
-- Name: db_multipleintelligence_name; Type: INDEX; Schema: public; Owner: infantiumdba; Tablespace: 
--

CREATE INDEX db_multipleintelligence_name ON db_multipleintelligence USING btree (name);


--
-- Name: db_multipleintelligence_name_like; Type: INDEX; Schema: public; Owner: infantiumdba; Tablespace: 
--

CREATE INDEX db_multipleintelligence_name_like ON db_multipleintelligence USING btree (name varchar_pattern_ops);


--
-- Name: db_player_user_profile_id; Type: INDEX; Schema: public; Owner: infantiumdba; Tablespace: 
--

CREATE INDEX db_player_user_profile_id ON db_player USING btree (user_profile_id);


--
-- Name: db_route_node_game_route_id; Type: INDEX; Schema: public; Owner: infantiumdba; Tablespace: 
--

CREATE INDEX db_route_node_game_route_id ON db_route_node USING btree (game_route_id);


--
-- Name: db_route_node_scene_id; Type: INDEX; Schema: public; Owner: infantiumdba; Tablespace: 
--

CREATE INDEX db_route_node_scene_id ON db_route_node USING btree (scene_id);


--
-- Name: db_scene_level_id; Type: INDEX; Schema: public; Owner: infantiumdba; Tablespace: 
--

CREATE INDEX db_scene_level_id ON db_scene USING btree (level_id);


--
-- Name: db_scene_name; Type: INDEX; Schema: public; Owner: infantiumdba; Tablespace: 
--

CREATE INDEX db_scene_name ON db_scene USING btree (name);


--
-- Name: db_scene_name_like; Type: INDEX; Schema: public; Owner: infantiumdba; Tablespace: 
--

CREATE INDEX db_scene_name_like ON db_scene USING btree (name varchar_pattern_ops);


--
-- Name: db_score_game_route_id; Type: INDEX; Schema: public; Owner: infantiumdba; Tablespace: 
--

CREATE INDEX db_score_game_route_id ON db_score USING btree (game_route_id);


--
-- Name: db_score_indicator_id; Type: INDEX; Schema: public; Owner: infantiumdba; Tablespace: 
--

CREATE INDEX db_score_indicator_id ON db_score USING btree (indicator_id);


--
-- Name: django_admin_log_content_type_id; Type: INDEX; Schema: public; Owner: infantiumdba; Tablespace: 
--

CREATE INDEX django_admin_log_content_type_id ON django_admin_log USING btree (content_type_id);


--
-- Name: django_admin_log_user_id; Type: INDEX; Schema: public; Owner: infantiumdba; Tablespace: 
--

CREATE INDEX django_admin_log_user_id ON django_admin_log USING btree (user_id);


--
-- Name: django_comment_flags_comment_id; Type: INDEX; Schema: public; Owner: infantiumdba; Tablespace: 
--

CREATE INDEX django_comment_flags_comment_id ON django_comment_flags USING btree (comment_id);


--
-- Name: django_comment_flags_flag; Type: INDEX; Schema: public; Owner: infantiumdba; Tablespace: 
--

CREATE INDEX django_comment_flags_flag ON django_comment_flags USING btree (flag);


--
-- Name: django_comment_flags_flag_like; Type: INDEX; Schema: public; Owner: infantiumdba; Tablespace: 
--

CREATE INDEX django_comment_flags_flag_like ON django_comment_flags USING btree (flag varchar_pattern_ops);


--
-- Name: django_comment_flags_user_id; Type: INDEX; Schema: public; Owner: infantiumdba; Tablespace: 
--

CREATE INDEX django_comment_flags_user_id ON django_comment_flags USING btree (user_id);


--
-- Name: django_comments_content_type_id; Type: INDEX; Schema: public; Owner: infantiumdba; Tablespace: 
--

CREATE INDEX django_comments_content_type_id ON django_comments USING btree (content_type_id);


--
-- Name: django_comments_site_id; Type: INDEX; Schema: public; Owner: infantiumdba; Tablespace: 
--

CREATE INDEX django_comments_site_id ON django_comments USING btree (site_id);


--
-- Name: django_comments_user_id; Type: INDEX; Schema: public; Owner: infantiumdba; Tablespace: 
--

CREATE INDEX django_comments_user_id ON django_comments USING btree (user_id);


--
-- Name: django_session_expire_date; Type: INDEX; Schema: public; Owner: infantiumdba; Tablespace: 
--

CREATE INDEX django_session_expire_date ON django_session USING btree (expire_date);


--
-- Name: newsletter_article_post_id; Type: INDEX; Schema: public; Owner: infantiumdba; Tablespace: 
--

CREATE INDEX newsletter_article_post_id ON newsletter_article USING btree (post_id);


--
-- Name: newsletter_article_sortorder; Type: INDEX; Schema: public; Owner: infantiumdba; Tablespace: 
--

CREATE INDEX newsletter_article_sortorder ON newsletter_article USING btree (sortorder);


--
-- Name: newsletter_emailtemplate_action; Type: INDEX; Schema: public; Owner: infantiumdba; Tablespace: 
--

CREATE INDEX newsletter_emailtemplate_action ON newsletter_emailtemplate USING btree (action);


--
-- Name: newsletter_emailtemplate_action_like; Type: INDEX; Schema: public; Owner: infantiumdba; Tablespace: 
--

CREATE INDEX newsletter_emailtemplate_action_like ON newsletter_emailtemplate USING btree (action varchar_pattern_ops);


--
-- Name: newsletter_message_newsletter_id; Type: INDEX; Schema: public; Owner: infantiumdba; Tablespace: 
--

CREATE INDEX newsletter_message_newsletter_id ON newsletter_message USING btree (newsletter_id);


--
-- Name: newsletter_message_slug; Type: INDEX; Schema: public; Owner: infantiumdba; Tablespace: 
--

CREATE INDEX newsletter_message_slug ON newsletter_message USING btree (slug);


--
-- Name: newsletter_message_slug_like; Type: INDEX; Schema: public; Owner: infantiumdba; Tablespace: 
--

CREATE INDEX newsletter_message_slug_like ON newsletter_message USING btree (slug varchar_pattern_ops);


--
-- Name: newsletter_newsletter_message_template_id; Type: INDEX; Schema: public; Owner: infantiumdba; Tablespace: 
--

CREATE INDEX newsletter_newsletter_message_template_id ON newsletter_newsletter USING btree (message_template_id);


--
-- Name: newsletter_newsletter_site_newsletter_id; Type: INDEX; Schema: public; Owner: infantiumdba; Tablespace: 
--

CREATE INDEX newsletter_newsletter_site_newsletter_id ON newsletter_newsletter_site USING btree (newsletter_id);


--
-- Name: newsletter_newsletter_site_site_id; Type: INDEX; Schema: public; Owner: infantiumdba; Tablespace: 
--

CREATE INDEX newsletter_newsletter_site_site_id ON newsletter_newsletter_site USING btree (site_id);


--
-- Name: newsletter_newsletter_subscribe_template_id; Type: INDEX; Schema: public; Owner: infantiumdba; Tablespace: 
--

CREATE INDEX newsletter_newsletter_subscribe_template_id ON newsletter_newsletter USING btree (subscribe_template_id);


--
-- Name: newsletter_newsletter_unsubscribe_template_id; Type: INDEX; Schema: public; Owner: infantiumdba; Tablespace: 
--

CREATE INDEX newsletter_newsletter_unsubscribe_template_id ON newsletter_newsletter USING btree (unsubscribe_template_id);


--
-- Name: newsletter_newsletter_update_template_id; Type: INDEX; Schema: public; Owner: infantiumdba; Tablespace: 
--

CREATE INDEX newsletter_newsletter_update_template_id ON newsletter_newsletter USING btree (update_template_id);


--
-- Name: newsletter_newsletter_visible; Type: INDEX; Schema: public; Owner: infantiumdba; Tablespace: 
--

CREATE INDEX newsletter_newsletter_visible ON newsletter_newsletter USING btree (visible);


--
-- Name: newsletter_submission_message_id; Type: INDEX; Schema: public; Owner: infantiumdba; Tablespace: 
--

CREATE INDEX newsletter_submission_message_id ON newsletter_submission USING btree (message_id);


--
-- Name: newsletter_submission_newsletter_id; Type: INDEX; Schema: public; Owner: infantiumdba; Tablespace: 
--

CREATE INDEX newsletter_submission_newsletter_id ON newsletter_submission USING btree (newsletter_id);


--
-- Name: newsletter_submission_prepared; Type: INDEX; Schema: public; Owner: infantiumdba; Tablespace: 
--

CREATE INDEX newsletter_submission_prepared ON newsletter_submission USING btree (prepared);


--
-- Name: newsletter_submission_publish; Type: INDEX; Schema: public; Owner: infantiumdba; Tablespace: 
--

CREATE INDEX newsletter_submission_publish ON newsletter_submission USING btree (publish);


--
-- Name: newsletter_submission_publish_date; Type: INDEX; Schema: public; Owner: infantiumdba; Tablespace: 
--

CREATE INDEX newsletter_submission_publish_date ON newsletter_submission USING btree (publish_date);


--
-- Name: newsletter_submission_sending; Type: INDEX; Schema: public; Owner: infantiumdba; Tablespace: 
--

CREATE INDEX newsletter_submission_sending ON newsletter_submission USING btree (sending);


--
-- Name: newsletter_submission_sent; Type: INDEX; Schema: public; Owner: infantiumdba; Tablespace: 
--

CREATE INDEX newsletter_submission_sent ON newsletter_submission USING btree (sent);


--
-- Name: newsletter_submission_subscriptions_submission_id; Type: INDEX; Schema: public; Owner: infantiumdba; Tablespace: 
--

CREATE INDEX newsletter_submission_subscriptions_submission_id ON newsletter_submission_subscriptions USING btree (submission_id);


--
-- Name: newsletter_submission_subscriptions_subscription_id; Type: INDEX; Schema: public; Owner: infantiumdba; Tablespace: 
--

CREATE INDEX newsletter_submission_subscriptions_subscription_id ON newsletter_submission_subscriptions USING btree (subscription_id);


--
-- Name: newsletter_subscription_email; Type: INDEX; Schema: public; Owner: infantiumdba; Tablespace: 
--

CREATE INDEX newsletter_subscription_email ON newsletter_subscription USING btree (email);


--
-- Name: newsletter_subscription_email_like; Type: INDEX; Schema: public; Owner: infantiumdba; Tablespace: 
--

CREATE INDEX newsletter_subscription_email_like ON newsletter_subscription USING btree (email varchar_pattern_ops);


--
-- Name: newsletter_subscription_newsletter_id; Type: INDEX; Schema: public; Owner: infantiumdba; Tablespace: 
--

CREATE INDEX newsletter_subscription_newsletter_id ON newsletter_subscription USING btree (newsletter_id);


--
-- Name: newsletter_subscription_subscribed; Type: INDEX; Schema: public; Owner: infantiumdba; Tablespace: 
--

CREATE INDEX newsletter_subscription_subscribed ON newsletter_subscription USING btree (subscribed);


--
-- Name: newsletter_subscription_unsubscribed; Type: INDEX; Schema: public; Owner: infantiumdba; Tablespace: 
--

CREATE INDEX newsletter_subscription_unsubscribed ON newsletter_subscription USING btree (unsubscribed);


--
-- Name: newsletter_subscription_user_id; Type: INDEX; Schema: public; Owner: infantiumdba; Tablespace: 
--

CREATE INDEX newsletter_subscription_user_id ON newsletter_subscription USING btree (user_id);


--
-- Name: tagging_taggeditem_content_type_id; Type: INDEX; Schema: public; Owner: infantiumdba; Tablespace: 
--

CREATE INDEX tagging_taggeditem_content_type_id ON tagging_taggeditem USING btree (content_type_id);


--
-- Name: tagging_taggeditem_object_id; Type: INDEX; Schema: public; Owner: infantiumdba; Tablespace: 
--

CREATE INDEX tagging_taggeditem_object_id ON tagging_taggeditem USING btree (object_id);


--
-- Name: tagging_taggeditem_tag_id; Type: INDEX; Schema: public; Owner: infantiumdba; Tablespace: 
--

CREATE INDEX tagging_taggeditem_tag_id ON tagging_taggeditem USING btree (tag_id);


--
-- Name: zinnia_category_level; Type: INDEX; Schema: public; Owner: infantiumdba; Tablespace: 
--

CREATE INDEX zinnia_category_level ON zinnia_category USING btree (level);


--
-- Name: zinnia_category_lft; Type: INDEX; Schema: public; Owner: infantiumdba; Tablespace: 
--

CREATE INDEX zinnia_category_lft ON zinnia_category USING btree (lft);


--
-- Name: zinnia_category_parent_id; Type: INDEX; Schema: public; Owner: infantiumdba; Tablespace: 
--

CREATE INDEX zinnia_category_parent_id ON zinnia_category USING btree (parent_id);


--
-- Name: zinnia_category_rght; Type: INDEX; Schema: public; Owner: infantiumdba; Tablespace: 
--

CREATE INDEX zinnia_category_rght ON zinnia_category USING btree (rght);


--
-- Name: zinnia_category_tree_id; Type: INDEX; Schema: public; Owner: infantiumdba; Tablespace: 
--

CREATE INDEX zinnia_category_tree_id ON zinnia_category USING btree (tree_id);


--
-- Name: zinnia_entry_authors_entry_id; Type: INDEX; Schema: public; Owner: infantiumdba; Tablespace: 
--

CREATE INDEX zinnia_entry_authors_entry_id ON zinnia_entry_authors USING btree (entry_id);


--
-- Name: zinnia_entry_authors_user_id; Type: INDEX; Schema: public; Owner: infantiumdba; Tablespace: 
--

CREATE INDEX zinnia_entry_authors_user_id ON zinnia_entry_authors USING btree (user_id);


--
-- Name: zinnia_entry_categories_category_id; Type: INDEX; Schema: public; Owner: infantiumdba; Tablespace: 
--

CREATE INDEX zinnia_entry_categories_category_id ON zinnia_entry_categories USING btree (category_id);


--
-- Name: zinnia_entry_categories_entry_id; Type: INDEX; Schema: public; Owner: infantiumdba; Tablespace: 
--

CREATE INDEX zinnia_entry_categories_entry_id ON zinnia_entry_categories USING btree (entry_id);


--
-- Name: zinnia_entry_related_from_entry_id; Type: INDEX; Schema: public; Owner: infantiumdba; Tablespace: 
--

CREATE INDEX zinnia_entry_related_from_entry_id ON zinnia_entry_related USING btree (from_entry_id);


--
-- Name: zinnia_entry_related_to_entry_id; Type: INDEX; Schema: public; Owner: infantiumdba; Tablespace: 
--

CREATE INDEX zinnia_entry_related_to_entry_id ON zinnia_entry_related USING btree (to_entry_id);


--
-- Name: zinnia_entry_sites_entry_id; Type: INDEX; Schema: public; Owner: infantiumdba; Tablespace: 
--

CREATE INDEX zinnia_entry_sites_entry_id ON zinnia_entry_sites USING btree (entry_id);


--
-- Name: zinnia_entry_sites_site_id; Type: INDEX; Schema: public; Owner: infantiumdba; Tablespace: 
--

CREATE INDEX zinnia_entry_sites_site_id ON zinnia_entry_sites USING btree (site_id);


--
-- Name: zinnia_entry_slug; Type: INDEX; Schema: public; Owner: infantiumdba; Tablespace: 
--

CREATE INDEX zinnia_entry_slug ON zinnia_entry USING btree (slug);


--
-- Name: zinnia_entry_slug_like; Type: INDEX; Schema: public; Owner: infantiumdba; Tablespace: 
--

CREATE INDEX zinnia_entry_slug_like ON zinnia_entry USING btree (slug varchar_pattern_ops);


--
-- Name: auth_group_permissions_permission_id_fkey; Type: FK CONSTRAINT; Schema: public; Owner: infantiumdba
--

ALTER TABLE ONLY auth_group_permissions
    ADD CONSTRAINT auth_group_permissions_permission_id_fkey FOREIGN KEY (permission_id) REFERENCES auth_permission(id) DEFERRABLE INITIALLY DEFERRED;


--
-- Name: auth_user_groups_group_id_fkey; Type: FK CONSTRAINT; Schema: public; Owner: infantiumdba
--

ALTER TABLE ONLY auth_user_groups
    ADD CONSTRAINT auth_user_groups_group_id_fkey FOREIGN KEY (group_id) REFERENCES auth_group(id) DEFERRABLE INITIALLY DEFERRED;


--
-- Name: auth_user_user_permissions_permission_id_fkey; Type: FK CONSTRAINT; Schema: public; Owner: infantiumdba
--

ALTER TABLE ONLY auth_user_user_permissions
    ADD CONSTRAINT auth_user_user_permissions_permission_id_fkey FOREIGN KEY (permission_id) REFERENCES auth_permission(id) DEFERRABLE INITIALLY DEFERRED;


--
-- Name: chart_id_refs_id_d6d6c649; Type: FK CONSTRAINT; Schema: public; Owner: infantiumdba
--

ALTER TABLE ONLY db_chart_indicators
    ADD CONSTRAINT chart_id_refs_id_d6d6c649 FOREIGN KEY (chart_id) REFERENCES db_chart(id) DEFERRABLE INITIALLY DEFERRED;


--
-- Name: cms_cmsplugin_placeholder_id_fkey; Type: FK CONSTRAINT; Schema: public; Owner: infantiumdba
--

ALTER TABLE ONLY cms_cmsplugin
    ADD CONSTRAINT cms_cmsplugin_placeholder_id_fkey FOREIGN KEY (placeholder_id) REFERENCES cms_placeholder(id) DEFERRABLE INITIALLY DEFERRED;


--
-- Name: cms_globalpagepermission_group_id_fkey; Type: FK CONSTRAINT; Schema: public; Owner: infantiumdba
--

ALTER TABLE ONLY cms_globalpagepermission
    ADD CONSTRAINT cms_globalpagepermission_group_id_fkey FOREIGN KEY (group_id) REFERENCES auth_group(id) DEFERRABLE INITIALLY DEFERRED;


--
-- Name: cms_globalpagepermission_sites_site_id_fkey; Type: FK CONSTRAINT; Schema: public; Owner: infantiumdba
--

ALTER TABLE ONLY cms_globalpagepermission_sites
    ADD CONSTRAINT cms_globalpagepermission_sites_site_id_fkey FOREIGN KEY (site_id) REFERENCES django_site(id) DEFERRABLE INITIALLY DEFERRED;


--
-- Name: cms_globalpagepermission_user_id_fkey; Type: FK CONSTRAINT; Schema: public; Owner: infantiumdba
--

ALTER TABLE ONLY cms_globalpagepermission
    ADD CONSTRAINT cms_globalpagepermission_user_id_fkey FOREIGN KEY (user_id) REFERENCES auth_user(id) DEFERRABLE INITIALLY DEFERRED;


--
-- Name: cms_page_placeholders_placeholder_id_fkey; Type: FK CONSTRAINT; Schema: public; Owner: infantiumdba
--

ALTER TABLE ONLY cms_page_placeholders
    ADD CONSTRAINT cms_page_placeholders_placeholder_id_fkey FOREIGN KEY (placeholder_id) REFERENCES cms_placeholder(id) DEFERRABLE INITIALLY DEFERRED;


--
-- Name: cms_page_site_id_fkey; Type: FK CONSTRAINT; Schema: public; Owner: infantiumdba
--

ALTER TABLE ONLY cms_page
    ADD CONSTRAINT cms_page_site_id_fkey FOREIGN KEY (site_id) REFERENCES django_site(id) DEFERRABLE INITIALLY DEFERRED;


--
-- Name: cms_pagemoderator_page_id_fkey; Type: FK CONSTRAINT; Schema: public; Owner: infantiumdba
--

ALTER TABLE ONLY cms_pagemoderator
    ADD CONSTRAINT cms_pagemoderator_page_id_fkey FOREIGN KEY (page_id) REFERENCES cms_page(id) DEFERRABLE INITIALLY DEFERRED;


--
-- Name: cms_pagemoderator_user_id_fkey; Type: FK CONSTRAINT; Schema: public; Owner: infantiumdba
--

ALTER TABLE ONLY cms_pagemoderator
    ADD CONSTRAINT cms_pagemoderator_user_id_fkey FOREIGN KEY (user_id) REFERENCES auth_user(id) DEFERRABLE INITIALLY DEFERRED;


--
-- Name: cms_pagemoderatorstate_page_id_fkey; Type: FK CONSTRAINT; Schema: public; Owner: infantiumdba
--

ALTER TABLE ONLY cms_pagemoderatorstate
    ADD CONSTRAINT cms_pagemoderatorstate_page_id_fkey FOREIGN KEY (page_id) REFERENCES cms_page(id) DEFERRABLE INITIALLY DEFERRED;


--
-- Name: cms_pagemoderatorstate_user_id_fkey; Type: FK CONSTRAINT; Schema: public; Owner: infantiumdba
--

ALTER TABLE ONLY cms_pagemoderatorstate
    ADD CONSTRAINT cms_pagemoderatorstate_user_id_fkey FOREIGN KEY (user_id) REFERENCES auth_user(id) DEFERRABLE INITIALLY DEFERRED;


--
-- Name: cms_pagepermission_group_id_fkey; Type: FK CONSTRAINT; Schema: public; Owner: infantiumdba
--

ALTER TABLE ONLY cms_pagepermission
    ADD CONSTRAINT cms_pagepermission_group_id_fkey FOREIGN KEY (group_id) REFERENCES auth_group(id) DEFERRABLE INITIALLY DEFERRED;


--
-- Name: cms_pagepermission_page_id_fkey; Type: FK CONSTRAINT; Schema: public; Owner: infantiumdba
--

ALTER TABLE ONLY cms_pagepermission
    ADD CONSTRAINT cms_pagepermission_page_id_fkey FOREIGN KEY (page_id) REFERENCES cms_page(id) DEFERRABLE INITIALLY DEFERRED;


--
-- Name: cms_pagepermission_user_id_fkey; Type: FK CONSTRAINT; Schema: public; Owner: infantiumdba
--

ALTER TABLE ONLY cms_pagepermission
    ADD CONSTRAINT cms_pagepermission_user_id_fkey FOREIGN KEY (user_id) REFERENCES auth_user(id) DEFERRABLE INITIALLY DEFERRED;


--
-- Name: cms_pageuser_created_by_id_fkey; Type: FK CONSTRAINT; Schema: public; Owner: infantiumdba
--

ALTER TABLE ONLY cms_pageuser
    ADD CONSTRAINT cms_pageuser_created_by_id_fkey FOREIGN KEY (created_by_id) REFERENCES auth_user(id) DEFERRABLE INITIALLY DEFERRED;


--
-- Name: cms_pageuser_user_ptr_id_fkey; Type: FK CONSTRAINT; Schema: public; Owner: infantiumdba
--

ALTER TABLE ONLY cms_pageuser
    ADD CONSTRAINT cms_pageuser_user_ptr_id_fkey FOREIGN KEY (user_ptr_id) REFERENCES auth_user(id) DEFERRABLE INITIALLY DEFERRED;


--
-- Name: cms_pageusergroup_created_by_id_fkey; Type: FK CONSTRAINT; Schema: public; Owner: infantiumdba
--

ALTER TABLE ONLY cms_pageusergroup
    ADD CONSTRAINT cms_pageusergroup_created_by_id_fkey FOREIGN KEY (created_by_id) REFERENCES auth_user(id) DEFERRABLE INITIALLY DEFERRED;


--
-- Name: cms_pageusergroup_group_ptr_id_fkey; Type: FK CONSTRAINT; Schema: public; Owner: infantiumdba
--

ALTER TABLE ONLY cms_pageusergroup
    ADD CONSTRAINT cms_pageusergroup_group_ptr_id_fkey FOREIGN KEY (group_ptr_id) REFERENCES auth_group(id) DEFERRABLE INITIALLY DEFERRED;


--
-- Name: cms_title_page_id_fkey; Type: FK CONSTRAINT; Schema: public; Owner: infantiumdba
--

ALTER TABLE ONLY cms_title
    ADD CONSTRAINT cms_title_page_id_fkey FOREIGN KEY (page_id) REFERENCES cms_page(id) DEFERRABLE INITIALLY DEFERRED;


--
-- Name: cmsplugin_file_cmsplugin_ptr_id_fkey; Type: FK CONSTRAINT; Schema: public; Owner: infantiumdba
--

ALTER TABLE ONLY cmsplugin_file
    ADD CONSTRAINT cmsplugin_file_cmsplugin_ptr_id_fkey FOREIGN KEY (cmsplugin_ptr_id) REFERENCES cms_cmsplugin(id) DEFERRABLE INITIALLY DEFERRED;


--
-- Name: cmsplugin_link_cmsplugin_ptr_id_fkey; Type: FK CONSTRAINT; Schema: public; Owner: infantiumdba
--

ALTER TABLE ONLY cmsplugin_link
    ADD CONSTRAINT cmsplugin_link_cmsplugin_ptr_id_fkey FOREIGN KEY (cmsplugin_ptr_id) REFERENCES cms_cmsplugin(id) DEFERRABLE INITIALLY DEFERRED;


--
-- Name: cmsplugin_link_page_link_id_fkey; Type: FK CONSTRAINT; Schema: public; Owner: infantiumdba
--

ALTER TABLE ONLY cmsplugin_link
    ADD CONSTRAINT cmsplugin_link_page_link_id_fkey FOREIGN KEY (page_link_id) REFERENCES cms_page(id) DEFERRABLE INITIALLY DEFERRED;


--
-- Name: cmsplugin_picture_cmsplugin_ptr_id_fkey; Type: FK CONSTRAINT; Schema: public; Owner: infantiumdba
--

ALTER TABLE ONLY cmsplugin_picture
    ADD CONSTRAINT cmsplugin_picture_cmsplugin_ptr_id_fkey FOREIGN KEY (cmsplugin_ptr_id) REFERENCES cms_cmsplugin(id) DEFERRABLE INITIALLY DEFERRED;


--
-- Name: cmsplugin_picture_page_link_id_fkey; Type: FK CONSTRAINT; Schema: public; Owner: infantiumdba
--

ALTER TABLE ONLY cmsplugin_picture
    ADD CONSTRAINT cmsplugin_picture_page_link_id_fkey FOREIGN KEY (page_link_id) REFERENCES cms_page(id) DEFERRABLE INITIALLY DEFERRED;


--
-- Name: cmsplugin_text_cmsplugin_ptr_id_fkey; Type: FK CONSTRAINT; Schema: public; Owner: infantiumdba
--

ALTER TABLE ONLY cmsplugin_text
    ADD CONSTRAINT cmsplugin_text_cmsplugin_ptr_id_fkey FOREIGN KEY (cmsplugin_ptr_id) REFERENCES cms_cmsplugin(id) DEFERRABLE INITIALLY DEFERRED;


--
-- Name: cmsplugin_twitterrecententries_cmsplugin_ptr_id_fkey; Type: FK CONSTRAINT; Schema: public; Owner: infantiumdba
--

ALTER TABLE ONLY cmsplugin_twitterrecententries
    ADD CONSTRAINT cmsplugin_twitterrecententries_cmsplugin_ptr_id_fkey FOREIGN KEY (cmsplugin_ptr_id) REFERENCES cms_cmsplugin(id) DEFERRABLE INITIALLY DEFERRED;


--
-- Name: cmsplugin_twittersearch_cmsplugin_ptr_id_fkey; Type: FK CONSTRAINT; Schema: public; Owner: infantiumdba
--

ALTER TABLE ONLY cmsplugin_twittersearch
    ADD CONSTRAINT cmsplugin_twittersearch_cmsplugin_ptr_id_fkey FOREIGN KEY (cmsplugin_ptr_id) REFERENCES cms_cmsplugin(id) DEFERRABLE INITIALLY DEFERRED;


--
-- Name: cmsplugin_video_cmsplugin_ptr_id_fkey; Type: FK CONSTRAINT; Schema: public; Owner: infantiumdba
--

ALTER TABLE ONLY cmsplugin_video
    ADD CONSTRAINT cmsplugin_video_cmsplugin_ptr_id_fkey FOREIGN KEY (cmsplugin_ptr_id) REFERENCES cms_cmsplugin(id) DEFERRABLE INITIALLY DEFERRED;


--
-- Name: cognitivearea_id_refs_id_2aaae3e2; Type: FK CONSTRAINT; Schema: public; Owner: infantiumdba
--

ALTER TABLE ONLY db_cognitivearea_multiple_intelligences
    ADD CONSTRAINT cognitivearea_id_refs_id_2aaae3e2 FOREIGN KEY (cognitivearea_id) REFERENCES db_cognitivearea(id) DEFERRABLE INITIALLY DEFERRED;


--
-- Name: content_type_id_refs_id_728de91f; Type: FK CONSTRAINT; Schema: public; Owner: infantiumdba
--

ALTER TABLE ONLY auth_permission
    ADD CONSTRAINT content_type_id_refs_id_728de91f FOREIGN KEY (content_type_id) REFERENCES django_content_type(id) DEFERRABLE INITIALLY DEFERRED;


--
-- Name: db_chart_indicators_indicator_id_fkey; Type: FK CONSTRAINT; Schema: public; Owner: infantiumdba
--

ALTER TABLE ONLY db_chart_indicators
    ADD CONSTRAINT db_chart_indicators_indicator_id_fkey FOREIGN KEY (indicator_id) REFERENCES db_indicator(id) DEFERRABLE INITIALLY DEFERRED;


--
-- Name: db_chart_player_id_fkey; Type: FK CONSTRAINT; Schema: public; Owner: infantiumdba
--

ALTER TABLE ONLY db_chart
    ADD CONSTRAINT db_chart_player_id_fkey FOREIGN KEY (player_id) REFERENCES db_player(id) DEFERRABLE INITIALLY DEFERRED;


--
-- Name: db_cognitivearea_multiple_intellig_multipleintelligence_id_fkey; Type: FK CONSTRAINT; Schema: public; Owner: infantiumdba
--

ALTER TABLE ONLY db_cognitivearea_multiple_intelligences
    ADD CONSTRAINT db_cognitivearea_multiple_intellig_multipleintelligence_id_fkey FOREIGN KEY (multipleintelligence_id) REFERENCES db_multipleintelligence(id) DEFERRABLE INITIALLY DEFERRED;


--
-- Name: db_gameplay_game_id_fkey; Type: FK CONSTRAINT; Schema: public; Owner: infantiumdba
--

ALTER TABLE ONLY db_gameplay
    ADD CONSTRAINT db_gameplay_game_id_fkey FOREIGN KEY (game_id) REFERENCES db_game(id) DEFERRABLE INITIALLY DEFERRED;


--
-- Name: db_gameplay_player_id_fkey; Type: FK CONSTRAINT; Schema: public; Owner: infantiumdba
--

ALTER TABLE ONLY db_gameplay
    ADD CONSTRAINT db_gameplay_player_id_fkey FOREIGN KEY (player_id) REFERENCES db_player(id) DEFERRABLE INITIALLY DEFERRED;


--
-- Name: db_gameroute_game_play_id_fkey; Type: FK CONSTRAINT; Schema: public; Owner: infantiumdba
--

ALTER TABLE ONLY db_gameroute
    ADD CONSTRAINT db_gameroute_game_play_id_fkey FOREIGN KEY (game_play_id) REFERENCES db_gameplay(id) DEFERRABLE INITIALLY DEFERRED;


--
-- Name: db_indicator_cognitive_areas_cognitivearea_id_fkey; Type: FK CONSTRAINT; Schema: public; Owner: infantiumdba
--

ALTER TABLE ONLY db_indicator_cognitive_areas
    ADD CONSTRAINT db_indicator_cognitive_areas_cognitivearea_id_fkey FOREIGN KEY (cognitivearea_id) REFERENCES db_cognitivearea(id) DEFERRABLE INITIALLY DEFERRED;


--
-- Name: db_player_user_profile_id_fkey; Type: FK CONSTRAINT; Schema: public; Owner: infantiumdba
--

ALTER TABLE ONLY db_player
    ADD CONSTRAINT db_player_user_profile_id_fkey FOREIGN KEY (user_profile_id) REFERENCES db_userprofile(id) DEFERRABLE INITIALLY DEFERRED;


--
-- Name: db_route_node_game_route_id_fkey; Type: FK CONSTRAINT; Schema: public; Owner: infantiumdba
--

ALTER TABLE ONLY db_route_node
    ADD CONSTRAINT db_route_node_game_route_id_fkey FOREIGN KEY (game_route_id) REFERENCES db_gameroute(id) DEFERRABLE INITIALLY DEFERRED;


--
-- Name: db_route_node_scene_id_fkey; Type: FK CONSTRAINT; Schema: public; Owner: infantiumdba
--

ALTER TABLE ONLY db_route_node
    ADD CONSTRAINT db_route_node_scene_id_fkey FOREIGN KEY (scene_id) REFERENCES db_scene(id) DEFERRABLE INITIALLY DEFERRED;


--
-- Name: db_scene_level_id_fkey; Type: FK CONSTRAINT; Schema: public; Owner: infantiumdba
--

ALTER TABLE ONLY db_scene
    ADD CONSTRAINT db_scene_level_id_fkey FOREIGN KEY (level_id) REFERENCES db_level(id) DEFERRABLE INITIALLY DEFERRED;


--
-- Name: db_score_game_route_id_fkey; Type: FK CONSTRAINT; Schema: public; Owner: infantiumdba
--

ALTER TABLE ONLY db_score
    ADD CONSTRAINT db_score_game_route_id_fkey FOREIGN KEY (game_route_id) REFERENCES db_gameroute(id) DEFERRABLE INITIALLY DEFERRED;


--
-- Name: db_score_indicator_id_fkey; Type: FK CONSTRAINT; Schema: public; Owner: infantiumdba
--

ALTER TABLE ONLY db_score
    ADD CONSTRAINT db_score_indicator_id_fkey FOREIGN KEY (indicator_id) REFERENCES db_indicator(id) DEFERRABLE INITIALLY DEFERRED;


--
-- Name: db_userprofile_user_id_fkey; Type: FK CONSTRAINT; Schema: public; Owner: infantiumdba
--

ALTER TABLE ONLY db_userprofile
    ADD CONSTRAINT db_userprofile_user_id_fkey FOREIGN KEY (user_id) REFERENCES auth_user(id) DEFERRABLE INITIALLY DEFERRED;


--
-- Name: django_admin_log_content_type_id_fkey; Type: FK CONSTRAINT; Schema: public; Owner: infantiumdba
--

ALTER TABLE ONLY django_admin_log
    ADD CONSTRAINT django_admin_log_content_type_id_fkey FOREIGN KEY (content_type_id) REFERENCES django_content_type(id) DEFERRABLE INITIALLY DEFERRED;


--
-- Name: django_admin_log_user_id_fkey; Type: FK CONSTRAINT; Schema: public; Owner: infantiumdba
--

ALTER TABLE ONLY django_admin_log
    ADD CONSTRAINT django_admin_log_user_id_fkey FOREIGN KEY (user_id) REFERENCES auth_user(id) DEFERRABLE INITIALLY DEFERRED;


--
-- Name: django_comment_flags_comment_id_fkey; Type: FK CONSTRAINT; Schema: public; Owner: infantiumdba
--

ALTER TABLE ONLY django_comment_flags
    ADD CONSTRAINT django_comment_flags_comment_id_fkey FOREIGN KEY (comment_id) REFERENCES django_comments(id) DEFERRABLE INITIALLY DEFERRED;


--
-- Name: django_comment_flags_user_id_fkey; Type: FK CONSTRAINT; Schema: public; Owner: infantiumdba
--

ALTER TABLE ONLY django_comment_flags
    ADD CONSTRAINT django_comment_flags_user_id_fkey FOREIGN KEY (user_id) REFERENCES auth_user(id) DEFERRABLE INITIALLY DEFERRED;


--
-- Name: django_comments_content_type_id_fkey; Type: FK CONSTRAINT; Schema: public; Owner: infantiumdba
--

ALTER TABLE ONLY django_comments
    ADD CONSTRAINT django_comments_content_type_id_fkey FOREIGN KEY (content_type_id) REFERENCES django_content_type(id) DEFERRABLE INITIALLY DEFERRED;


--
-- Name: django_comments_site_id_fkey; Type: FK CONSTRAINT; Schema: public; Owner: infantiumdba
--

ALTER TABLE ONLY django_comments
    ADD CONSTRAINT django_comments_site_id_fkey FOREIGN KEY (site_id) REFERENCES django_site(id) DEFERRABLE INITIALLY DEFERRED;


--
-- Name: django_comments_user_id_fkey; Type: FK CONSTRAINT; Schema: public; Owner: infantiumdba
--

ALTER TABLE ONLY django_comments
    ADD CONSTRAINT django_comments_user_id_fkey FOREIGN KEY (user_id) REFERENCES auth_user(id) DEFERRABLE INITIALLY DEFERRED;


--
-- Name: entry_id_refs_id_350895b0; Type: FK CONSTRAINT; Schema: public; Owner: infantiumdba
--

ALTER TABLE ONLY zinnia_entry_sites
    ADD CONSTRAINT entry_id_refs_id_350895b0 FOREIGN KEY (entry_id) REFERENCES zinnia_entry(id) DEFERRABLE INITIALLY DEFERRED;


--
-- Name: entry_id_refs_id_6fb6ebd9; Type: FK CONSTRAINT; Schema: public; Owner: infantiumdba
--

ALTER TABLE ONLY zinnia_entry_categories
    ADD CONSTRAINT entry_id_refs_id_6fb6ebd9 FOREIGN KEY (entry_id) REFERENCES zinnia_entry(id) DEFERRABLE INITIALLY DEFERRED;


--
-- Name: entry_id_refs_id_da51dea2; Type: FK CONSTRAINT; Schema: public; Owner: infantiumdba
--

ALTER TABLE ONLY zinnia_entry_authors
    ADD CONSTRAINT entry_id_refs_id_da51dea2 FOREIGN KEY (entry_id) REFERENCES zinnia_entry(id) DEFERRABLE INITIALLY DEFERRED;


--
-- Name: from_entry_id_refs_id_4d833995; Type: FK CONSTRAINT; Schema: public; Owner: infantiumdba
--

ALTER TABLE ONLY zinnia_entry_related
    ADD CONSTRAINT from_entry_id_refs_id_4d833995 FOREIGN KEY (from_entry_id) REFERENCES zinnia_entry(id) DEFERRABLE INITIALLY DEFERRED;


--
-- Name: globalpagepermission_id_refs_id_2c730e06; Type: FK CONSTRAINT; Schema: public; Owner: infantiumdba
--

ALTER TABLE ONLY cms_globalpagepermission_sites
    ADD CONSTRAINT globalpagepermission_id_refs_id_2c730e06 FOREIGN KEY (globalpagepermission_id) REFERENCES cms_globalpagepermission(id) DEFERRABLE INITIALLY DEFERRED;


--
-- Name: group_id_refs_id_3cea63fe; Type: FK CONSTRAINT; Schema: public; Owner: infantiumdba
--

ALTER TABLE ONLY auth_group_permissions
    ADD CONSTRAINT group_id_refs_id_3cea63fe FOREIGN KEY (group_id) REFERENCES auth_group(id) DEFERRABLE INITIALLY DEFERRED;


--
-- Name: indicator_id_refs_id_cebb9c7b; Type: FK CONSTRAINT; Schema: public; Owner: infantiumdba
--

ALTER TABLE ONLY db_indicator_cognitive_areas
    ADD CONSTRAINT indicator_id_refs_id_cebb9c7b FOREIGN KEY (indicator_id) REFERENCES db_indicator(id) DEFERRABLE INITIALLY DEFERRED;


--
-- Name: newsletter_id_refs_id_84794b78; Type: FK CONSTRAINT; Schema: public; Owner: infantiumdba
--

ALTER TABLE ONLY newsletter_newsletter_site
    ADD CONSTRAINT newsletter_id_refs_id_84794b78 FOREIGN KEY (newsletter_id) REFERENCES newsletter_newsletter(id) DEFERRABLE INITIALLY DEFERRED;


--
-- Name: newsletter_message_newsletter_id_fkey; Type: FK CONSTRAINT; Schema: public; Owner: infantiumdba
--

ALTER TABLE ONLY newsletter_message
    ADD CONSTRAINT newsletter_message_newsletter_id_fkey FOREIGN KEY (newsletter_id) REFERENCES newsletter_newsletter(id) DEFERRABLE INITIALLY DEFERRED;


--
-- Name: newsletter_newsletter_message_template_id_fkey; Type: FK CONSTRAINT; Schema: public; Owner: infantiumdba
--

ALTER TABLE ONLY newsletter_newsletter
    ADD CONSTRAINT newsletter_newsletter_message_template_id_fkey FOREIGN KEY (message_template_id) REFERENCES newsletter_emailtemplate(id) DEFERRABLE INITIALLY DEFERRED;


--
-- Name: newsletter_newsletter_site_site_id_fkey; Type: FK CONSTRAINT; Schema: public; Owner: infantiumdba
--

ALTER TABLE ONLY newsletter_newsletter_site
    ADD CONSTRAINT newsletter_newsletter_site_site_id_fkey FOREIGN KEY (site_id) REFERENCES django_site(id) DEFERRABLE INITIALLY DEFERRED;


--
-- Name: newsletter_newsletter_subscribe_template_id_fkey; Type: FK CONSTRAINT; Schema: public; Owner: infantiumdba
--

ALTER TABLE ONLY newsletter_newsletter
    ADD CONSTRAINT newsletter_newsletter_subscribe_template_id_fkey FOREIGN KEY (subscribe_template_id) REFERENCES newsletter_emailtemplate(id) DEFERRABLE INITIALLY DEFERRED;


--
-- Name: newsletter_newsletter_unsubscribe_template_id_fkey; Type: FK CONSTRAINT; Schema: public; Owner: infantiumdba
--

ALTER TABLE ONLY newsletter_newsletter
    ADD CONSTRAINT newsletter_newsletter_unsubscribe_template_id_fkey FOREIGN KEY (unsubscribe_template_id) REFERENCES newsletter_emailtemplate(id) DEFERRABLE INITIALLY DEFERRED;


--
-- Name: newsletter_newsletter_update_template_id_fkey; Type: FK CONSTRAINT; Schema: public; Owner: infantiumdba
--

ALTER TABLE ONLY newsletter_newsletter
    ADD CONSTRAINT newsletter_newsletter_update_template_id_fkey FOREIGN KEY (update_template_id) REFERENCES newsletter_emailtemplate(id) DEFERRABLE INITIALLY DEFERRED;


--
-- Name: newsletter_submission_message_id_fkey; Type: FK CONSTRAINT; Schema: public; Owner: infantiumdba
--

ALTER TABLE ONLY newsletter_submission
    ADD CONSTRAINT newsletter_submission_message_id_fkey FOREIGN KEY (message_id) REFERENCES newsletter_message(id) DEFERRABLE INITIALLY DEFERRED;


--
-- Name: newsletter_submission_newsletter_id_fkey; Type: FK CONSTRAINT; Schema: public; Owner: infantiumdba
--

ALTER TABLE ONLY newsletter_submission
    ADD CONSTRAINT newsletter_submission_newsletter_id_fkey FOREIGN KEY (newsletter_id) REFERENCES newsletter_newsletter(id) DEFERRABLE INITIALLY DEFERRED;


--
-- Name: newsletter_submission_subscriptions_subscription_id_fkey; Type: FK CONSTRAINT; Schema: public; Owner: infantiumdba
--

ALTER TABLE ONLY newsletter_submission_subscriptions
    ADD CONSTRAINT newsletter_submission_subscriptions_subscription_id_fkey FOREIGN KEY (subscription_id) REFERENCES newsletter_subscription(id) DEFERRABLE INITIALLY DEFERRED;


--
-- Name: newsletter_subscription_newsletter_id_fkey; Type: FK CONSTRAINT; Schema: public; Owner: infantiumdba
--

ALTER TABLE ONLY newsletter_subscription
    ADD CONSTRAINT newsletter_subscription_newsletter_id_fkey FOREIGN KEY (newsletter_id) REFERENCES newsletter_newsletter(id) DEFERRABLE INITIALLY DEFERRED;


--
-- Name: newsletter_subscription_user_id_fkey; Type: FK CONSTRAINT; Schema: public; Owner: infantiumdba
--

ALTER TABLE ONLY newsletter_subscription
    ADD CONSTRAINT newsletter_subscription_user_id_fkey FOREIGN KEY (user_id) REFERENCES auth_user(id) DEFERRABLE INITIALLY DEFERRED;


--
-- Name: page_id_refs_id_b22baae5; Type: FK CONSTRAINT; Schema: public; Owner: infantiumdba
--

ALTER TABLE ONLY cms_page_placeholders
    ADD CONSTRAINT page_id_refs_id_b22baae5 FOREIGN KEY (page_id) REFERENCES cms_page(id) DEFERRABLE INITIALLY DEFERRED;


--
-- Name: parent_id_refs_id_653a773; Type: FK CONSTRAINT; Schema: public; Owner: infantiumdba
--

ALTER TABLE ONLY cms_page
    ADD CONSTRAINT parent_id_refs_id_653a773 FOREIGN KEY (parent_id) REFERENCES cms_page(id) DEFERRABLE INITIALLY DEFERRED;


--
-- Name: parent_id_refs_id_ce18ab03; Type: FK CONSTRAINT; Schema: public; Owner: infantiumdba
--

ALTER TABLE ONLY zinnia_category
    ADD CONSTRAINT parent_id_refs_id_ce18ab03 FOREIGN KEY (parent_id) REFERENCES zinnia_category(id) DEFERRABLE INITIALLY DEFERRED;


--
-- Name: parent_id_refs_id_e0b32a03; Type: FK CONSTRAINT; Schema: public; Owner: infantiumdba
--

ALTER TABLE ONLY cms_cmsplugin
    ADD CONSTRAINT parent_id_refs_id_e0b32a03 FOREIGN KEY (parent_id) REFERENCES cms_cmsplugin(id) DEFERRABLE INITIALLY DEFERRED;


--
-- Name: post_id_refs_id_f4af84a2; Type: FK CONSTRAINT; Schema: public; Owner: infantiumdba
--

ALTER TABLE ONLY newsletter_article
    ADD CONSTRAINT post_id_refs_id_f4af84a2 FOREIGN KEY (post_id) REFERENCES newsletter_message(id) DEFERRABLE INITIALLY DEFERRED;


--
-- Name: publisher_public_id_refs_id_653a773; Type: FK CONSTRAINT; Schema: public; Owner: infantiumdba
--

ALTER TABLE ONLY cms_page
    ADD CONSTRAINT publisher_public_id_refs_id_653a773 FOREIGN KEY (publisher_public_id) REFERENCES cms_page(id) DEFERRABLE INITIALLY DEFERRED;


--
-- Name: submission_id_refs_id_dc024220; Type: FK CONSTRAINT; Schema: public; Owner: infantiumdba
--

ALTER TABLE ONLY newsletter_submission_subscriptions
    ADD CONSTRAINT submission_id_refs_id_dc024220 FOREIGN KEY (submission_id) REFERENCES newsletter_submission(id) DEFERRABLE INITIALLY DEFERRED;


--
-- Name: tagging_taggeditem_content_type_id_fkey; Type: FK CONSTRAINT; Schema: public; Owner: infantiumdba
--

ALTER TABLE ONLY tagging_taggeditem
    ADD CONSTRAINT tagging_taggeditem_content_type_id_fkey FOREIGN KEY (content_type_id) REFERENCES django_content_type(id) DEFERRABLE INITIALLY DEFERRED;


--
-- Name: tagging_taggeditem_tag_id_fkey; Type: FK CONSTRAINT; Schema: public; Owner: infantiumdba
--

ALTER TABLE ONLY tagging_taggeditem
    ADD CONSTRAINT tagging_taggeditem_tag_id_fkey FOREIGN KEY (tag_id) REFERENCES tagging_tag(id) DEFERRABLE INITIALLY DEFERRED;


--
-- Name: tastypie_apikey_user_id_fkey; Type: FK CONSTRAINT; Schema: public; Owner: infantiumdba
--

ALTER TABLE ONLY tastypie_apikey
    ADD CONSTRAINT tastypie_apikey_user_id_fkey FOREIGN KEY (user_id) REFERENCES auth_user(id) DEFERRABLE INITIALLY DEFERRED;


--
-- Name: to_entry_id_refs_id_4d833995; Type: FK CONSTRAINT; Schema: public; Owner: infantiumdba
--

ALTER TABLE ONLY zinnia_entry_related
    ADD CONSTRAINT to_entry_id_refs_id_4d833995 FOREIGN KEY (to_entry_id) REFERENCES zinnia_entry(id) DEFERRABLE INITIALLY DEFERRED;


--
-- Name: user_id_refs_id_831107f1; Type: FK CONSTRAINT; Schema: public; Owner: infantiumdba
--

ALTER TABLE ONLY auth_user_groups
    ADD CONSTRAINT user_id_refs_id_831107f1 FOREIGN KEY (user_id) REFERENCES auth_user(id) DEFERRABLE INITIALLY DEFERRED;


--
-- Name: user_id_refs_id_f2045483; Type: FK CONSTRAINT; Schema: public; Owner: infantiumdba
--

ALTER TABLE ONLY auth_user_user_permissions
    ADD CONSTRAINT user_id_refs_id_f2045483 FOREIGN KEY (user_id) REFERENCES auth_user(id) DEFERRABLE INITIALLY DEFERRED;


--
-- Name: zinnia_entry_authors_user_id_fkey; Type: FK CONSTRAINT; Schema: public; Owner: infantiumdba
--

ALTER TABLE ONLY zinnia_entry_authors
    ADD CONSTRAINT zinnia_entry_authors_user_id_fkey FOREIGN KEY (user_id) REFERENCES auth_user(id) DEFERRABLE INITIALLY DEFERRED;


--
-- Name: zinnia_entry_categories_category_id_fkey; Type: FK CONSTRAINT; Schema: public; Owner: infantiumdba
--

ALTER TABLE ONLY zinnia_entry_categories
    ADD CONSTRAINT zinnia_entry_categories_category_id_fkey FOREIGN KEY (category_id) REFERENCES zinnia_category(id) DEFERRABLE INITIALLY DEFERRED;


--
-- Name: zinnia_entry_sites_site_id_fkey; Type: FK CONSTRAINT; Schema: public; Owner: infantiumdba
--

ALTER TABLE ONLY zinnia_entry_sites
    ADD CONSTRAINT zinnia_entry_sites_site_id_fkey FOREIGN KEY (site_id) REFERENCES django_site(id) DEFERRABLE INITIALLY DEFERRED;


--
-- Name: public; Type: ACL; Schema: -; Owner: postgres
--

REVOKE ALL ON SCHEMA public FROM PUBLIC;
REVOKE ALL ON SCHEMA public FROM postgres;
GRANT ALL ON SCHEMA public TO postgres;
GRANT ALL ON SCHEMA public TO PUBLIC;


--
-- PostgreSQL database dump complete
--

