--
-- PostgreSQL database dump
--

SET statement_timeout = 0;
SET client_encoding = 'UTF8';
SET standard_conforming_strings = on;
SET check_function_bodies = false;
SET client_min_messages = warning;

--
-- Name: plpgsql; Type: EXTENSION; Schema: -; Owner: -
--

CREATE EXTENSION IF NOT EXISTS plpgsql WITH SCHEMA pg_catalog;


--
-- Name: EXTENSION plpgsql; Type: COMMENT; Schema: -; Owner: -
--

COMMENT ON EXTENSION plpgsql IS 'PL/pgSQL procedural language';


SET search_path = public, pg_catalog;

SET default_tablespace = '';

SET default_with_oids = false;

--
-- Name: auth_group; Type: TABLE; Schema: public; Owner: -; Tablespace: 
--

CREATE TABLE auth_group (
    id integer NOT NULL,
    name character varying(80) NOT NULL
);


--
-- Name: auth_group_id_seq; Type: SEQUENCE; Schema: public; Owner: -
--

CREATE SEQUENCE auth_group_id_seq
    START WITH 1
    INCREMENT BY 1
    NO MINVALUE
    NO MAXVALUE
    CACHE 1;


--
-- Name: auth_group_id_seq; Type: SEQUENCE OWNED BY; Schema: public; Owner: -
--

ALTER SEQUENCE auth_group_id_seq OWNED BY auth_group.id;


--
-- Name: auth_group_id_seq; Type: SEQUENCE SET; Schema: public; Owner: -
--

SELECT pg_catalog.setval('auth_group_id_seq', 1, false);


--
-- Name: auth_group_permissions; Type: TABLE; Schema: public; Owner: -; Tablespace: 
--

CREATE TABLE auth_group_permissions (
    id integer NOT NULL,
    group_id integer NOT NULL,
    permission_id integer NOT NULL
);


--
-- Name: auth_group_permissions_id_seq; Type: SEQUENCE; Schema: public; Owner: -
--

CREATE SEQUENCE auth_group_permissions_id_seq
    START WITH 1
    INCREMENT BY 1
    NO MINVALUE
    NO MAXVALUE
    CACHE 1;


--
-- Name: auth_group_permissions_id_seq; Type: SEQUENCE OWNED BY; Schema: public; Owner: -
--

ALTER SEQUENCE auth_group_permissions_id_seq OWNED BY auth_group_permissions.id;


--
-- Name: auth_group_permissions_id_seq; Type: SEQUENCE SET; Schema: public; Owner: -
--

SELECT pg_catalog.setval('auth_group_permissions_id_seq', 1, false);


--
-- Name: auth_permission; Type: TABLE; Schema: public; Owner: -; Tablespace: 
--

CREATE TABLE auth_permission (
    id integer NOT NULL,
    name character varying(50) NOT NULL,
    content_type_id integer NOT NULL,
    codename character varying(100) NOT NULL
);


--
-- Name: auth_permission_id_seq; Type: SEQUENCE; Schema: public; Owner: -
--

CREATE SEQUENCE auth_permission_id_seq
    START WITH 1
    INCREMENT BY 1
    NO MINVALUE
    NO MAXVALUE
    CACHE 1;


--
-- Name: auth_permission_id_seq; Type: SEQUENCE OWNED BY; Schema: public; Owner: -
--

ALTER SEQUENCE auth_permission_id_seq OWNED BY auth_permission.id;


--
-- Name: auth_permission_id_seq; Type: SEQUENCE SET; Schema: public; Owner: -
--

SELECT pg_catalog.setval('auth_permission_id_seq', 216, true);


--
-- Name: auth_user; Type: TABLE; Schema: public; Owner: -; Tablespace: 
--

CREATE TABLE auth_user (
    id integer NOT NULL,
    username character varying(30) NOT NULL,
    first_name character varying(30) NOT NULL,
    last_name character varying(30) NOT NULL,
    email character varying(75) NOT NULL,
    password character varying(128) NOT NULL,
    is_staff boolean NOT NULL,
    is_active boolean NOT NULL,
    is_superuser boolean NOT NULL,
    last_login timestamp with time zone NOT NULL,
    date_joined timestamp with time zone NOT NULL
);


--
-- Name: auth_user_groups; Type: TABLE; Schema: public; Owner: -; Tablespace: 
--

CREATE TABLE auth_user_groups (
    id integer NOT NULL,
    user_id integer NOT NULL,
    group_id integer NOT NULL
);


--
-- Name: auth_user_groups_id_seq; Type: SEQUENCE; Schema: public; Owner: -
--

CREATE SEQUENCE auth_user_groups_id_seq
    START WITH 1
    INCREMENT BY 1
    NO MINVALUE
    NO MAXVALUE
    CACHE 1;


--
-- Name: auth_user_groups_id_seq; Type: SEQUENCE OWNED BY; Schema: public; Owner: -
--

ALTER SEQUENCE auth_user_groups_id_seq OWNED BY auth_user_groups.id;


--
-- Name: auth_user_groups_id_seq; Type: SEQUENCE SET; Schema: public; Owner: -
--

SELECT pg_catalog.setval('auth_user_groups_id_seq', 1, false);


--
-- Name: auth_user_id_seq; Type: SEQUENCE; Schema: public; Owner: -
--

CREATE SEQUENCE auth_user_id_seq
    START WITH 1
    INCREMENT BY 1
    NO MINVALUE
    NO MAXVALUE
    CACHE 1;


--
-- Name: auth_user_id_seq; Type: SEQUENCE OWNED BY; Schema: public; Owner: -
--

ALTER SEQUENCE auth_user_id_seq OWNED BY auth_user.id;


--
-- Name: auth_user_id_seq; Type: SEQUENCE SET; Schema: public; Owner: -
--

SELECT pg_catalog.setval('auth_user_id_seq', 3, true);


--
-- Name: auth_user_user_permissions; Type: TABLE; Schema: public; Owner: -; Tablespace: 
--

CREATE TABLE auth_user_user_permissions (
    id integer NOT NULL,
    user_id integer NOT NULL,
    permission_id integer NOT NULL
);


--
-- Name: auth_user_user_permissions_id_seq; Type: SEQUENCE; Schema: public; Owner: -
--

CREATE SEQUENCE auth_user_user_permissions_id_seq
    START WITH 1
    INCREMENT BY 1
    NO MINVALUE
    NO MAXVALUE
    CACHE 1;


--
-- Name: auth_user_user_permissions_id_seq; Type: SEQUENCE OWNED BY; Schema: public; Owner: -
--

ALTER SEQUENCE auth_user_user_permissions_id_seq OWNED BY auth_user_user_permissions.id;


--
-- Name: auth_user_user_permissions_id_seq; Type: SEQUENCE SET; Schema: public; Owner: -
--

SELECT pg_catalog.setval('auth_user_user_permissions_id_seq', 1, false);


--
-- Name: cms_cmsplugin; Type: TABLE; Schema: public; Owner: -; Tablespace: 
--

CREATE TABLE cms_cmsplugin (
    id integer NOT NULL,
    placeholder_id integer,
    parent_id integer,
    "position" smallint,
    language character varying(15) NOT NULL,
    plugin_type character varying(50) NOT NULL,
    creation_date timestamp with time zone NOT NULL,
    level integer NOT NULL,
    lft integer NOT NULL,
    rght integer NOT NULL,
    tree_id integer NOT NULL,
    CONSTRAINT cms_cmsplugin_level_check CHECK ((level >= 0)),
    CONSTRAINT cms_cmsplugin_lft_check CHECK ((lft >= 0)),
    CONSTRAINT cms_cmsplugin_position_check CHECK (("position" >= 0)),
    CONSTRAINT cms_cmsplugin_rght_check CHECK ((rght >= 0)),
    CONSTRAINT cms_cmsplugin_tree_id_check CHECK ((tree_id >= 0))
);


--
-- Name: cms_cmsplugin_id_seq; Type: SEQUENCE; Schema: public; Owner: -
--

CREATE SEQUENCE cms_cmsplugin_id_seq
    START WITH 1
    INCREMENT BY 1
    NO MINVALUE
    NO MAXVALUE
    CACHE 1;


--
-- Name: cms_cmsplugin_id_seq; Type: SEQUENCE OWNED BY; Schema: public; Owner: -
--

ALTER SEQUENCE cms_cmsplugin_id_seq OWNED BY cms_cmsplugin.id;


--
-- Name: cms_cmsplugin_id_seq; Type: SEQUENCE SET; Schema: public; Owner: -
--

SELECT pg_catalog.setval('cms_cmsplugin_id_seq', 55, true);


--
-- Name: cms_globalpagepermission; Type: TABLE; Schema: public; Owner: -; Tablespace: 
--

CREATE TABLE cms_globalpagepermission (
    id integer NOT NULL,
    user_id integer,
    group_id integer,
    can_change boolean NOT NULL,
    can_add boolean NOT NULL,
    can_delete boolean NOT NULL,
    can_change_advanced_settings boolean NOT NULL,
    can_publish boolean NOT NULL,
    can_change_permissions boolean NOT NULL,
    can_move_page boolean NOT NULL,
    can_moderate boolean NOT NULL,
    can_view boolean NOT NULL,
    can_recover_page boolean NOT NULL
);


--
-- Name: cms_globalpagepermission_id_seq; Type: SEQUENCE; Schema: public; Owner: -
--

CREATE SEQUENCE cms_globalpagepermission_id_seq
    START WITH 1
    INCREMENT BY 1
    NO MINVALUE
    NO MAXVALUE
    CACHE 1;


--
-- Name: cms_globalpagepermission_id_seq; Type: SEQUENCE OWNED BY; Schema: public; Owner: -
--

ALTER SEQUENCE cms_globalpagepermission_id_seq OWNED BY cms_globalpagepermission.id;


--
-- Name: cms_globalpagepermission_id_seq; Type: SEQUENCE SET; Schema: public; Owner: -
--

SELECT pg_catalog.setval('cms_globalpagepermission_id_seq', 1, false);


--
-- Name: cms_globalpagepermission_sites; Type: TABLE; Schema: public; Owner: -; Tablespace: 
--

CREATE TABLE cms_globalpagepermission_sites (
    id integer NOT NULL,
    globalpagepermission_id integer NOT NULL,
    site_id integer NOT NULL
);


--
-- Name: cms_globalpagepermission_sites_id_seq; Type: SEQUENCE; Schema: public; Owner: -
--

CREATE SEQUENCE cms_globalpagepermission_sites_id_seq
    START WITH 1
    INCREMENT BY 1
    NO MINVALUE
    NO MAXVALUE
    CACHE 1;


--
-- Name: cms_globalpagepermission_sites_id_seq; Type: SEQUENCE OWNED BY; Schema: public; Owner: -
--

ALTER SEQUENCE cms_globalpagepermission_sites_id_seq OWNED BY cms_globalpagepermission_sites.id;


--
-- Name: cms_globalpagepermission_sites_id_seq; Type: SEQUENCE SET; Schema: public; Owner: -
--

SELECT pg_catalog.setval('cms_globalpagepermission_sites_id_seq', 1, false);


--
-- Name: cms_page; Type: TABLE; Schema: public; Owner: -; Tablespace: 
--

CREATE TABLE cms_page (
    id integer NOT NULL,
    created_by character varying(70) NOT NULL,
    changed_by character varying(70) NOT NULL,
    parent_id integer,
    creation_date timestamp with time zone NOT NULL,
    changed_date timestamp with time zone NOT NULL,
    publication_date timestamp with time zone,
    publication_end_date timestamp with time zone,
    in_navigation boolean NOT NULL,
    soft_root boolean NOT NULL,
    reverse_id character varying(40),
    navigation_extenders character varying(80),
    published boolean NOT NULL,
    template character varying(100) NOT NULL,
    site_id integer NOT NULL,
    moderator_state smallint NOT NULL,
    level integer NOT NULL,
    lft integer NOT NULL,
    rght integer NOT NULL,
    tree_id integer NOT NULL,
    login_required boolean NOT NULL,
    limit_visibility_in_menu smallint,
    publisher_is_draft boolean NOT NULL,
    publisher_public_id integer,
    publisher_state smallint NOT NULL,
    CONSTRAINT cms_page_level_check CHECK ((level >= 0)),
    CONSTRAINT cms_page_lft_check CHECK ((lft >= 0)),
    CONSTRAINT cms_page_rght_check CHECK ((rght >= 0)),
    CONSTRAINT cms_page_tree_id_check CHECK ((tree_id >= 0))
);


--
-- Name: cms_page_id_seq; Type: SEQUENCE; Schema: public; Owner: -
--

CREATE SEQUENCE cms_page_id_seq
    START WITH 1
    INCREMENT BY 1
    NO MINVALUE
    NO MAXVALUE
    CACHE 1;


--
-- Name: cms_page_id_seq; Type: SEQUENCE OWNED BY; Schema: public; Owner: -
--

ALTER SEQUENCE cms_page_id_seq OWNED BY cms_page.id;


--
-- Name: cms_page_id_seq; Type: SEQUENCE SET; Schema: public; Owner: -
--

SELECT pg_catalog.setval('cms_page_id_seq', 8, true);


--
-- Name: cms_page_placeholders; Type: TABLE; Schema: public; Owner: -; Tablespace: 
--

CREATE TABLE cms_page_placeholders (
    id integer NOT NULL,
    page_id integer NOT NULL,
    placeholder_id integer NOT NULL
);


--
-- Name: cms_page_placeholders_id_seq; Type: SEQUENCE; Schema: public; Owner: -
--

CREATE SEQUENCE cms_page_placeholders_id_seq
    START WITH 1
    INCREMENT BY 1
    NO MINVALUE
    NO MAXVALUE
    CACHE 1;


--
-- Name: cms_page_placeholders_id_seq; Type: SEQUENCE OWNED BY; Schema: public; Owner: -
--

ALTER SEQUENCE cms_page_placeholders_id_seq OWNED BY cms_page_placeholders.id;


--
-- Name: cms_page_placeholders_id_seq; Type: SEQUENCE SET; Schema: public; Owner: -
--

SELECT pg_catalog.setval('cms_page_placeholders_id_seq', 29, true);


--
-- Name: cms_pagemoderator; Type: TABLE; Schema: public; Owner: -; Tablespace: 
--

CREATE TABLE cms_pagemoderator (
    id integer NOT NULL,
    page_id integer NOT NULL,
    user_id integer NOT NULL,
    moderate_page boolean NOT NULL,
    moderate_children boolean NOT NULL,
    moderate_descendants boolean NOT NULL
);


--
-- Name: cms_pagemoderator_id_seq; Type: SEQUENCE; Schema: public; Owner: -
--

CREATE SEQUENCE cms_pagemoderator_id_seq
    START WITH 1
    INCREMENT BY 1
    NO MINVALUE
    NO MAXVALUE
    CACHE 1;


--
-- Name: cms_pagemoderator_id_seq; Type: SEQUENCE OWNED BY; Schema: public; Owner: -
--

ALTER SEQUENCE cms_pagemoderator_id_seq OWNED BY cms_pagemoderator.id;


--
-- Name: cms_pagemoderator_id_seq; Type: SEQUENCE SET; Schema: public; Owner: -
--

SELECT pg_catalog.setval('cms_pagemoderator_id_seq', 1, false);


--
-- Name: cms_pagemoderatorstate; Type: TABLE; Schema: public; Owner: -; Tablespace: 
--

CREATE TABLE cms_pagemoderatorstate (
    id integer NOT NULL,
    page_id integer NOT NULL,
    user_id integer,
    created timestamp with time zone NOT NULL,
    action character varying(3),
    message text NOT NULL
);


--
-- Name: cms_pagemoderatorstate_id_seq; Type: SEQUENCE; Schema: public; Owner: -
--

CREATE SEQUENCE cms_pagemoderatorstate_id_seq
    START WITH 1
    INCREMENT BY 1
    NO MINVALUE
    NO MAXVALUE
    CACHE 1;


--
-- Name: cms_pagemoderatorstate_id_seq; Type: SEQUENCE OWNED BY; Schema: public; Owner: -
--

ALTER SEQUENCE cms_pagemoderatorstate_id_seq OWNED BY cms_pagemoderatorstate.id;


--
-- Name: cms_pagemoderatorstate_id_seq; Type: SEQUENCE SET; Schema: public; Owner: -
--

SELECT pg_catalog.setval('cms_pagemoderatorstate_id_seq', 1, false);


--
-- Name: cms_pagepermission; Type: TABLE; Schema: public; Owner: -; Tablespace: 
--

CREATE TABLE cms_pagepermission (
    id integer NOT NULL,
    user_id integer,
    group_id integer,
    can_change boolean NOT NULL,
    can_add boolean NOT NULL,
    can_delete boolean NOT NULL,
    can_change_advanced_settings boolean NOT NULL,
    can_publish boolean NOT NULL,
    can_change_permissions boolean NOT NULL,
    can_move_page boolean NOT NULL,
    can_moderate boolean NOT NULL,
    can_view boolean NOT NULL,
    grant_on integer NOT NULL,
    page_id integer
);


--
-- Name: cms_pagepermission_id_seq; Type: SEQUENCE; Schema: public; Owner: -
--

CREATE SEQUENCE cms_pagepermission_id_seq
    START WITH 1
    INCREMENT BY 1
    NO MINVALUE
    NO MAXVALUE
    CACHE 1;


--
-- Name: cms_pagepermission_id_seq; Type: SEQUENCE OWNED BY; Schema: public; Owner: -
--

ALTER SEQUENCE cms_pagepermission_id_seq OWNED BY cms_pagepermission.id;


--
-- Name: cms_pagepermission_id_seq; Type: SEQUENCE SET; Schema: public; Owner: -
--

SELECT pg_catalog.setval('cms_pagepermission_id_seq', 1, false);


--
-- Name: cms_pageuser; Type: TABLE; Schema: public; Owner: -; Tablespace: 
--

CREATE TABLE cms_pageuser (
    user_ptr_id integer NOT NULL,
    created_by_id integer NOT NULL
);


--
-- Name: cms_pageusergroup; Type: TABLE; Schema: public; Owner: -; Tablespace: 
--

CREATE TABLE cms_pageusergroup (
    group_ptr_id integer NOT NULL,
    created_by_id integer NOT NULL
);


--
-- Name: cms_placeholder; Type: TABLE; Schema: public; Owner: -; Tablespace: 
--

CREATE TABLE cms_placeholder (
    id integer NOT NULL,
    slot character varying(50) NOT NULL,
    default_width smallint,
    CONSTRAINT cms_placeholder_default_width_check CHECK ((default_width >= 0))
);


--
-- Name: cms_placeholder_id_seq; Type: SEQUENCE; Schema: public; Owner: -
--

CREATE SEQUENCE cms_placeholder_id_seq
    START WITH 1
    INCREMENT BY 1
    NO MINVALUE
    NO MAXVALUE
    CACHE 1;


--
-- Name: cms_placeholder_id_seq; Type: SEQUENCE OWNED BY; Schema: public; Owner: -
--

ALTER SEQUENCE cms_placeholder_id_seq OWNED BY cms_placeholder.id;


--
-- Name: cms_placeholder_id_seq; Type: SEQUENCE SET; Schema: public; Owner: -
--

SELECT pg_catalog.setval('cms_placeholder_id_seq', 30, true);


--
-- Name: cms_title; Type: TABLE; Schema: public; Owner: -; Tablespace: 
--

CREATE TABLE cms_title (
    id integer NOT NULL,
    language character varying(15) NOT NULL,
    title character varying(255) NOT NULL,
    menu_title character varying(255),
    slug character varying(255) NOT NULL,
    path character varying(255) NOT NULL,
    has_url_overwrite boolean NOT NULL,
    application_urls character varying(200),
    redirect character varying(255),
    meta_description text,
    meta_keywords character varying(255),
    page_title character varying(255),
    page_id integer NOT NULL,
    creation_date timestamp with time zone NOT NULL
);


--
-- Name: cms_title_id_seq; Type: SEQUENCE; Schema: public; Owner: -
--

CREATE SEQUENCE cms_title_id_seq
    START WITH 1
    INCREMENT BY 1
    NO MINVALUE
    NO MAXVALUE
    CACHE 1;


--
-- Name: cms_title_id_seq; Type: SEQUENCE OWNED BY; Schema: public; Owner: -
--

ALTER SEQUENCE cms_title_id_seq OWNED BY cms_title.id;


--
-- Name: cms_title_id_seq; Type: SEQUENCE SET; Schema: public; Owner: -
--

SELECT pg_catalog.setval('cms_title_id_seq', 15, true);


--
-- Name: cmsplugin_file; Type: TABLE; Schema: public; Owner: -; Tablespace: 
--

CREATE TABLE cmsplugin_file (
    cmsplugin_ptr_id integer NOT NULL,
    file character varying(100) NOT NULL,
    title character varying(255)
);


--
-- Name: cmsplugin_link; Type: TABLE; Schema: public; Owner: -; Tablespace: 
--

CREATE TABLE cmsplugin_link (
    cmsplugin_ptr_id integer NOT NULL,
    name character varying(256) NOT NULL,
    url character varying(200),
    page_link_id integer,
    mailto character varying(75)
);


--
-- Name: cmsplugin_picture; Type: TABLE; Schema: public; Owner: -; Tablespace: 
--

CREATE TABLE cmsplugin_picture (
    cmsplugin_ptr_id integer NOT NULL,
    image character varying(100) NOT NULL,
    url character varying(255),
    page_link_id integer,
    alt character varying(255),
    longdesc character varying(255),
    "float" character varying(10)
);


--
-- Name: cmsplugin_text; Type: TABLE; Schema: public; Owner: -; Tablespace: 
--

CREATE TABLE cmsplugin_text (
    cmsplugin_ptr_id integer NOT NULL,
    body text NOT NULL
);


--
-- Name: cmsplugin_twitterrecententries; Type: TABLE; Schema: public; Owner: -; Tablespace: 
--

CREATE TABLE cmsplugin_twitterrecententries (
    cmsplugin_ptr_id integer NOT NULL,
    title character varying(75) NOT NULL,
    twitter_user character varying(75) NOT NULL,
    count smallint NOT NULL,
    link_hint character varying(75) NOT NULL,
    CONSTRAINT cmsplugin_twitterrecententries_count_check CHECK ((count >= 0))
);


--
-- Name: cmsplugin_twittersearch; Type: TABLE; Schema: public; Owner: -; Tablespace: 
--

CREATE TABLE cmsplugin_twittersearch (
    cmsplugin_ptr_id integer NOT NULL,
    title character varying(75) NOT NULL,
    query character varying(200) NOT NULL,
    count smallint NOT NULL,
    CONSTRAINT cmsplugin_twittersearch_count_check CHECK ((count >= 0))
);


--
-- Name: cmsplugin_video; Type: TABLE; Schema: public; Owner: -; Tablespace: 
--

CREATE TABLE cmsplugin_video (
    cmsplugin_ptr_id integer NOT NULL,
    movie character varying(100),
    movie_url character varying(255),
    image character varying(100),
    width smallint NOT NULL,
    height smallint NOT NULL,
    auto_play boolean NOT NULL,
    auto_hide boolean NOT NULL,
    fullscreen boolean NOT NULL,
    loop boolean NOT NULL,
    bgcolor character varying(6) NOT NULL,
    textcolor character varying(6) NOT NULL,
    seekbarcolor character varying(6) NOT NULL,
    seekbarbgcolor character varying(6) NOT NULL,
    loadingbarcolor character varying(6) NOT NULL,
    buttonoutcolor character varying(6) NOT NULL,
    buttonovercolor character varying(6) NOT NULL,
    buttonhighlightcolor character varying(6) NOT NULL,
    CONSTRAINT cmsplugin_video_height_check CHECK ((height >= 0)),
    CONSTRAINT cmsplugin_video_width_check CHECK ((width >= 0))
);


--
-- Name: db_chart; Type: TABLE; Schema: public; Owner: -; Tablespace: 
--

CREATE TABLE db_chart (
    id integer NOT NULL,
    meta text,
    deleted boolean NOT NULL,
    "dtCreationDateTime" timestamp with time zone NOT NULL,
    "dtModificationDateTime" timestamp with time zone NOT NULL,
    title character varying(200) NOT NULL,
    summary text NOT NULL,
    type character varying(20) NOT NULL,
    player_id integer NOT NULL
);


--
-- Name: db_chart_id_seq; Type: SEQUENCE; Schema: public; Owner: -
--

CREATE SEQUENCE db_chart_id_seq
    START WITH 1
    INCREMENT BY 1
    NO MINVALUE
    NO MAXVALUE
    CACHE 1;


--
-- Name: db_chart_id_seq; Type: SEQUENCE OWNED BY; Schema: public; Owner: -
--

ALTER SEQUENCE db_chart_id_seq OWNED BY db_chart.id;


--
-- Name: db_chart_id_seq; Type: SEQUENCE SET; Schema: public; Owner: -
--

SELECT pg_catalog.setval('db_chart_id_seq', 1, false);


--
-- Name: db_chart_indicators; Type: TABLE; Schema: public; Owner: -; Tablespace: 
--

CREATE TABLE db_chart_indicators (
    id integer NOT NULL,
    chart_id integer NOT NULL,
    indicator_id integer NOT NULL
);


--
-- Name: db_chart_indicators_id_seq; Type: SEQUENCE; Schema: public; Owner: -
--

CREATE SEQUENCE db_chart_indicators_id_seq
    START WITH 1
    INCREMENT BY 1
    NO MINVALUE
    NO MAXVALUE
    CACHE 1;


--
-- Name: db_chart_indicators_id_seq; Type: SEQUENCE OWNED BY; Schema: public; Owner: -
--

ALTER SEQUENCE db_chart_indicators_id_seq OWNED BY db_chart_indicators.id;


--
-- Name: db_chart_indicators_id_seq; Type: SEQUENCE SET; Schema: public; Owner: -
--

SELECT pg_catalog.setval('db_chart_indicators_id_seq', 1, false);


--
-- Name: db_cognitivearea; Type: TABLE; Schema: public; Owner: -; Tablespace: 
--

CREATE TABLE db_cognitivearea (
    id integer NOT NULL,
    meta text,
    deleted boolean NOT NULL,
    "dtCreationDateTime" timestamp with time zone NOT NULL,
    "dtModificationDateTime" timestamp with time zone NOT NULL,
    name character varying(200) NOT NULL,
    active boolean NOT NULL
);


--
-- Name: db_cognitivearea_id_seq; Type: SEQUENCE; Schema: public; Owner: -
--

CREATE SEQUENCE db_cognitivearea_id_seq
    START WITH 1
    INCREMENT BY 1
    NO MINVALUE
    NO MAXVALUE
    CACHE 1;


--
-- Name: db_cognitivearea_id_seq; Type: SEQUENCE OWNED BY; Schema: public; Owner: -
--

ALTER SEQUENCE db_cognitivearea_id_seq OWNED BY db_cognitivearea.id;


--
-- Name: db_cognitivearea_id_seq; Type: SEQUENCE SET; Schema: public; Owner: -
--

SELECT pg_catalog.setval('db_cognitivearea_id_seq', 1, false);


--
-- Name: db_cognitivearea_multiple_intelligences; Type: TABLE; Schema: public; Owner: -; Tablespace: 
--

CREATE TABLE db_cognitivearea_multiple_intelligences (
    id integer NOT NULL,
    cognitivearea_id integer NOT NULL,
    multipleintelligence_id integer NOT NULL
);


--
-- Name: db_cognitivearea_multiple_intelligences_id_seq; Type: SEQUENCE; Schema: public; Owner: -
--

CREATE SEQUENCE db_cognitivearea_multiple_intelligences_id_seq
    START WITH 1
    INCREMENT BY 1
    NO MINVALUE
    NO MAXVALUE
    CACHE 1;


--
-- Name: db_cognitivearea_multiple_intelligences_id_seq; Type: SEQUENCE OWNED BY; Schema: public; Owner: -
--

ALTER SEQUENCE db_cognitivearea_multiple_intelligences_id_seq OWNED BY db_cognitivearea_multiple_intelligences.id;


--
-- Name: db_cognitivearea_multiple_intelligences_id_seq; Type: SEQUENCE SET; Schema: public; Owner: -
--

SELECT pg_catalog.setval('db_cognitivearea_multiple_intelligences_id_seq', 1, false);


--
-- Name: db_game; Type: TABLE; Schema: public; Owner: -; Tablespace: 
--

CREATE TABLE db_game (
    id integer NOT NULL,
    meta text,
    deleted boolean NOT NULL,
    "dtCreationDateTime" timestamp with time zone NOT NULL,
    "dtModificationDateTime" timestamp with time zone NOT NULL,
    name character varying(200) NOT NULL,
    min_age_months smallint NOT NULL,
    max_age_months smallint NOT NULL,
    short_desc character varying(2000),
    long_desc text
);


--
-- Name: db_game_id_seq; Type: SEQUENCE; Schema: public; Owner: -
--

CREATE SEQUENCE db_game_id_seq
    START WITH 1
    INCREMENT BY 1
    NO MINVALUE
    NO MAXVALUE
    CACHE 1;


--
-- Name: db_game_id_seq; Type: SEQUENCE OWNED BY; Schema: public; Owner: -
--

ALTER SEQUENCE db_game_id_seq OWNED BY db_game.id;


--
-- Name: db_game_id_seq; Type: SEQUENCE SET; Schema: public; Owner: -
--

SELECT pg_catalog.setval('db_game_id_seq', 1, true);


--
-- Name: db_gameplay; Type: TABLE; Schema: public; Owner: -; Tablespace: 
--

CREATE TABLE db_gameplay (
    id integer NOT NULL,
    meta text,
    deleted boolean NOT NULL,
    "dtCreationDateTime" timestamp with time zone NOT NULL,
    "dtModificationDateTime" timestamp with time zone NOT NULL,
    is_playing boolean NOT NULL,
    start_play timestamp with time zone NOT NULL,
    end_play timestamp with time zone,
    player_id integer NOT NULL,
    game_id integer NOT NULL
);


--
-- Name: db_gameplay_id_seq; Type: SEQUENCE; Schema: public; Owner: -
--

CREATE SEQUENCE db_gameplay_id_seq
    START WITH 1
    INCREMENT BY 1
    NO MINVALUE
    NO MAXVALUE
    CACHE 1;


--
-- Name: db_gameplay_id_seq; Type: SEQUENCE OWNED BY; Schema: public; Owner: -
--

ALTER SEQUENCE db_gameplay_id_seq OWNED BY db_gameplay.id;


--
-- Name: db_gameplay_id_seq; Type: SEQUENCE SET; Schema: public; Owner: -
--

SELECT pg_catalog.setval('db_gameplay_id_seq', 1, false);


--
-- Name: db_gameroute; Type: TABLE; Schema: public; Owner: -; Tablespace: 
--

CREATE TABLE db_gameroute (
    id integer NOT NULL,
    meta text,
    deleted boolean NOT NULL,
    "dtCreationDateTime" timestamp with time zone NOT NULL,
    "dtModificationDateTime" timestamp with time zone NOT NULL,
    elapsed_time integer NOT NULL,
    "order" integer NOT NULL,
    game_play_id integer NOT NULL
);


--
-- Name: db_gameroute_id_seq; Type: SEQUENCE; Schema: public; Owner: -
--

CREATE SEQUENCE db_gameroute_id_seq
    START WITH 1
    INCREMENT BY 1
    NO MINVALUE
    NO MAXVALUE
    CACHE 1;


--
-- Name: db_gameroute_id_seq; Type: SEQUENCE OWNED BY; Schema: public; Owner: -
--

ALTER SEQUENCE db_gameroute_id_seq OWNED BY db_gameroute.id;


--
-- Name: db_gameroute_id_seq; Type: SEQUENCE SET; Schema: public; Owner: -
--

SELECT pg_catalog.setval('db_gameroute_id_seq', 1, false);


--
-- Name: db_indicator; Type: TABLE; Schema: public; Owner: -; Tablespace: 
--

CREATE TABLE db_indicator (
    id integer NOT NULL,
    meta text,
    deleted boolean NOT NULL,
    "dtCreationDateTime" timestamp with time zone NOT NULL,
    "dtModificationDateTime" timestamp with time zone NOT NULL,
    name character varying(50) NOT NULL,
    value double precision NOT NULL
);


--
-- Name: db_indicator_cognitive_areas; Type: TABLE; Schema: public; Owner: -; Tablespace: 
--

CREATE TABLE db_indicator_cognitive_areas (
    id integer NOT NULL,
    indicator_id integer NOT NULL,
    cognitivearea_id integer NOT NULL
);


--
-- Name: db_indicator_cognitive_areas_id_seq; Type: SEQUENCE; Schema: public; Owner: -
--

CREATE SEQUENCE db_indicator_cognitive_areas_id_seq
    START WITH 1
    INCREMENT BY 1
    NO MINVALUE
    NO MAXVALUE
    CACHE 1;


--
-- Name: db_indicator_cognitive_areas_id_seq; Type: SEQUENCE OWNED BY; Schema: public; Owner: -
--

ALTER SEQUENCE db_indicator_cognitive_areas_id_seq OWNED BY db_indicator_cognitive_areas.id;


--
-- Name: db_indicator_cognitive_areas_id_seq; Type: SEQUENCE SET; Schema: public; Owner: -
--

SELECT pg_catalog.setval('db_indicator_cognitive_areas_id_seq', 1, false);


--
-- Name: db_indicator_id_seq; Type: SEQUENCE; Schema: public; Owner: -
--

CREATE SEQUENCE db_indicator_id_seq
    START WITH 1
    INCREMENT BY 1
    NO MINVALUE
    NO MAXVALUE
    CACHE 1;


--
-- Name: db_indicator_id_seq; Type: SEQUENCE OWNED BY; Schema: public; Owner: -
--

ALTER SEQUENCE db_indicator_id_seq OWNED BY db_indicator.id;


--
-- Name: db_indicator_id_seq; Type: SEQUENCE SET; Schema: public; Owner: -
--

SELECT pg_catalog.setval('db_indicator_id_seq', 1, false);


--
-- Name: db_level; Type: TABLE; Schema: public; Owner: -; Tablespace: 
--

CREATE TABLE db_level (
    id integer NOT NULL,
    meta text,
    deleted boolean NOT NULL,
    "dtCreationDateTime" timestamp with time zone NOT NULL,
    "dtModificationDateTime" timestamp with time zone NOT NULL,
    name character varying(150) NOT NULL,
    number smallint NOT NULL
);


--
-- Name: db_level_id_seq; Type: SEQUENCE; Schema: public; Owner: -
--

CREATE SEQUENCE db_level_id_seq
    START WITH 1
    INCREMENT BY 1
    NO MINVALUE
    NO MAXVALUE
    CACHE 1;


--
-- Name: db_level_id_seq; Type: SEQUENCE OWNED BY; Schema: public; Owner: -
--

ALTER SEQUENCE db_level_id_seq OWNED BY db_level.id;


--
-- Name: db_level_id_seq; Type: SEQUENCE SET; Schema: public; Owner: -
--

SELECT pg_catalog.setval('db_level_id_seq', 1, false);


--
-- Name: db_multipleintelligence; Type: TABLE; Schema: public; Owner: -; Tablespace: 
--

CREATE TABLE db_multipleintelligence (
    id integer NOT NULL,
    meta text,
    deleted boolean NOT NULL,
    "dtCreationDateTime" timestamp with time zone NOT NULL,
    "dtModificationDateTime" timestamp with time zone NOT NULL,
    name character varying(250) NOT NULL,
    "order" smallint NOT NULL,
    active boolean NOT NULL
);


--
-- Name: db_multipleintelligence_id_seq; Type: SEQUENCE; Schema: public; Owner: -
--

CREATE SEQUENCE db_multipleintelligence_id_seq
    START WITH 1
    INCREMENT BY 1
    NO MINVALUE
    NO MAXVALUE
    CACHE 1;


--
-- Name: db_multipleintelligence_id_seq; Type: SEQUENCE OWNED BY; Schema: public; Owner: -
--

ALTER SEQUENCE db_multipleintelligence_id_seq OWNED BY db_multipleintelligence.id;


--
-- Name: db_multipleintelligence_id_seq; Type: SEQUENCE SET; Schema: public; Owner: -
--

SELECT pg_catalog.setval('db_multipleintelligence_id_seq', 1, false);


--
-- Name: db_player; Type: TABLE; Schema: public; Owner: -; Tablespace: 
--

CREATE TABLE db_player (
    id integer NOT NULL,
    meta text,
    deleted boolean NOT NULL,
    "dtCreationDateTime" timestamp with time zone NOT NULL,
    "dtModificationDateTime" timestamp with time zone NOT NULL,
    nickname character varying(25) NOT NULL,
    months smallint NOT NULL,
    user_profile_id integer NOT NULL
);


--
-- Name: db_player_id_seq; Type: SEQUENCE; Schema: public; Owner: -
--

CREATE SEQUENCE db_player_id_seq
    START WITH 1
    INCREMENT BY 1
    NO MINVALUE
    NO MAXVALUE
    CACHE 1;


--
-- Name: db_player_id_seq; Type: SEQUENCE OWNED BY; Schema: public; Owner: -
--

ALTER SEQUENCE db_player_id_seq OWNED BY db_player.id;


--
-- Name: db_player_id_seq; Type: SEQUENCE SET; Schema: public; Owner: -
--

SELECT pg_catalog.setval('db_player_id_seq', 1, true);


--
-- Name: db_route_node; Type: TABLE; Schema: public; Owner: -; Tablespace: 
--

CREATE TABLE db_route_node (
    id integer NOT NULL,
    path character varying(1024) NOT NULL,
    depth integer NOT NULL,
    numchild integer NOT NULL,
    node_creation integer NOT NULL,
    meta text,
    scene_id integer NOT NULL,
    game_route_id integer NOT NULL,
    CONSTRAINT db_route_node_depth_check CHECK ((depth >= 0)),
    CONSTRAINT db_route_node_node_creation_check CHECK ((node_creation >= 0)),
    CONSTRAINT db_route_node_numchild_check CHECK ((numchild >= 0))
);


--
-- Name: db_route_node_id_seq; Type: SEQUENCE; Schema: public; Owner: -
--

CREATE SEQUENCE db_route_node_id_seq
    START WITH 1
    INCREMENT BY 1
    NO MINVALUE
    NO MAXVALUE
    CACHE 1;


--
-- Name: db_route_node_id_seq; Type: SEQUENCE OWNED BY; Schema: public; Owner: -
--

ALTER SEQUENCE db_route_node_id_seq OWNED BY db_route_node.id;


--
-- Name: db_route_node_id_seq; Type: SEQUENCE SET; Schema: public; Owner: -
--

SELECT pg_catalog.setval('db_route_node_id_seq', 1, false);


--
-- Name: db_scene; Type: TABLE; Schema: public; Owner: -; Tablespace: 
--

CREATE TABLE db_scene (
    id integer NOT NULL,
    meta text,
    deleted boolean NOT NULL,
    "dtCreationDateTime" timestamp with time zone NOT NULL,
    "dtModificationDateTime" timestamp with time zone NOT NULL,
    name character varying(200) NOT NULL,
    level_id integer NOT NULL
);


--
-- Name: db_scene_id_seq; Type: SEQUENCE; Schema: public; Owner: -
--

CREATE SEQUENCE db_scene_id_seq
    START WITH 1
    INCREMENT BY 1
    NO MINVALUE
    NO MAXVALUE
    CACHE 1;


--
-- Name: db_scene_id_seq; Type: SEQUENCE OWNED BY; Schema: public; Owner: -
--

ALTER SEQUENCE db_scene_id_seq OWNED BY db_scene.id;


--
-- Name: db_scene_id_seq; Type: SEQUENCE SET; Schema: public; Owner: -
--

SELECT pg_catalog.setval('db_scene_id_seq', 1, false);


--
-- Name: db_score; Type: TABLE; Schema: public; Owner: -; Tablespace: 
--

CREATE TABLE db_score (
    id integer NOT NULL,
    meta text,
    deleted boolean NOT NULL,
    "dtCreationDateTime" timestamp with time zone NOT NULL,
    "dtModificationDateTime" timestamp with time zone NOT NULL,
    results text,
    fields text,
    game_route_id integer NOT NULL,
    indicator_id integer NOT NULL
);


--
-- Name: db_score_id_seq; Type: SEQUENCE; Schema: public; Owner: -
--

CREATE SEQUENCE db_score_id_seq
    START WITH 1
    INCREMENT BY 1
    NO MINVALUE
    NO MAXVALUE
    CACHE 1;


--
-- Name: db_score_id_seq; Type: SEQUENCE OWNED BY; Schema: public; Owner: -
--

ALTER SEQUENCE db_score_id_seq OWNED BY db_score.id;


--
-- Name: db_score_id_seq; Type: SEQUENCE SET; Schema: public; Owner: -
--

SELECT pg_catalog.setval('db_score_id_seq', 1, false);


--
-- Name: db_userprofile; Type: TABLE; Schema: public; Owner: -; Tablespace: 
--

CREATE TABLE db_userprofile (
    id integer NOT NULL,
    meta text,
    deleted boolean NOT NULL,
    "dtCreationDateTime" timestamp with time zone NOT NULL,
    "dtModificationDateTime" timestamp with time zone NOT NULL,
    user_id integer NOT NULL,
    sex character varying(1) NOT NULL,
    country_code character varying(4) NOT NULL,
    image character varying(200) NOT NULL
);


--
-- Name: db_userprofile_id_seq; Type: SEQUENCE; Schema: public; Owner: -
--

CREATE SEQUENCE db_userprofile_id_seq
    START WITH 1
    INCREMENT BY 1
    NO MINVALUE
    NO MAXVALUE
    CACHE 1;


--
-- Name: db_userprofile_id_seq; Type: SEQUENCE OWNED BY; Schema: public; Owner: -
--

ALTER SEQUENCE db_userprofile_id_seq OWNED BY db_userprofile.id;


--
-- Name: db_userprofile_id_seq; Type: SEQUENCE SET; Schema: public; Owner: -
--

SELECT pg_catalog.setval('db_userprofile_id_seq', 1, true);


--
-- Name: django_admin_log; Type: TABLE; Schema: public; Owner: -; Tablespace: 
--

CREATE TABLE django_admin_log (
    id integer NOT NULL,
    action_time timestamp with time zone NOT NULL,
    user_id integer NOT NULL,
    content_type_id integer,
    object_id text,
    object_repr character varying(200) NOT NULL,
    action_flag smallint NOT NULL,
    change_message text NOT NULL,
    CONSTRAINT django_admin_log_action_flag_check CHECK ((action_flag >= 0))
);


--
-- Name: django_admin_log_id_seq; Type: SEQUENCE; Schema: public; Owner: -
--

CREATE SEQUENCE django_admin_log_id_seq
    START WITH 1
    INCREMENT BY 1
    NO MINVALUE
    NO MAXVALUE
    CACHE 1;


--
-- Name: django_admin_log_id_seq; Type: SEQUENCE OWNED BY; Schema: public; Owner: -
--

ALTER SEQUENCE django_admin_log_id_seq OWNED BY django_admin_log.id;


--
-- Name: django_admin_log_id_seq; Type: SEQUENCE SET; Schema: public; Owner: -
--

SELECT pg_catalog.setval('django_admin_log_id_seq', 77, true);


--
-- Name: django_comment_flags; Type: TABLE; Schema: public; Owner: -; Tablespace: 
--

CREATE TABLE django_comment_flags (
    id integer NOT NULL,
    user_id integer NOT NULL,
    comment_id integer NOT NULL,
    flag character varying(30) NOT NULL,
    flag_date timestamp with time zone NOT NULL
);


--
-- Name: django_comment_flags_id_seq; Type: SEQUENCE; Schema: public; Owner: -
--

CREATE SEQUENCE django_comment_flags_id_seq
    START WITH 1
    INCREMENT BY 1
    NO MINVALUE
    NO MAXVALUE
    CACHE 1;


--
-- Name: django_comment_flags_id_seq; Type: SEQUENCE OWNED BY; Schema: public; Owner: -
--

ALTER SEQUENCE django_comment_flags_id_seq OWNED BY django_comment_flags.id;


--
-- Name: django_comment_flags_id_seq; Type: SEQUENCE SET; Schema: public; Owner: -
--

SELECT pg_catalog.setval('django_comment_flags_id_seq', 1, false);


--
-- Name: django_comments; Type: TABLE; Schema: public; Owner: -; Tablespace: 
--

CREATE TABLE django_comments (
    id integer NOT NULL,
    content_type_id integer NOT NULL,
    object_pk text NOT NULL,
    site_id integer NOT NULL,
    user_id integer,
    user_name character varying(50) NOT NULL,
    user_email character varying(75) NOT NULL,
    user_url character varying(200) NOT NULL,
    comment text NOT NULL,
    submit_date timestamp with time zone NOT NULL,
    ip_address inet,
    is_public boolean NOT NULL,
    is_removed boolean NOT NULL
);


--
-- Name: django_comments_id_seq; Type: SEQUENCE; Schema: public; Owner: -
--

CREATE SEQUENCE django_comments_id_seq
    START WITH 1
    INCREMENT BY 1
    NO MINVALUE
    NO MAXVALUE
    CACHE 1;


--
-- Name: django_comments_id_seq; Type: SEQUENCE OWNED BY; Schema: public; Owner: -
--

ALTER SEQUENCE django_comments_id_seq OWNED BY django_comments.id;


--
-- Name: django_comments_id_seq; Type: SEQUENCE SET; Schema: public; Owner: -
--

SELECT pg_catalog.setval('django_comments_id_seq', 1, false);


--
-- Name: django_content_type; Type: TABLE; Schema: public; Owner: -; Tablespace: 
--

CREATE TABLE django_content_type (
    id integer NOT NULL,
    name character varying(100) NOT NULL,
    app_label character varying(100) NOT NULL,
    model character varying(100) NOT NULL
);


--
-- Name: django_content_type_id_seq; Type: SEQUENCE; Schema: public; Owner: -
--

CREATE SEQUENCE django_content_type_id_seq
    START WITH 1
    INCREMENT BY 1
    NO MINVALUE
    NO MAXVALUE
    CACHE 1;


--
-- Name: django_content_type_id_seq; Type: SEQUENCE OWNED BY; Schema: public; Owner: -
--

ALTER SEQUENCE django_content_type_id_seq OWNED BY django_content_type.id;


--
-- Name: django_content_type_id_seq; Type: SEQUENCE SET; Schema: public; Owner: -
--

SELECT pg_catalog.setval('django_content_type_id_seq', 70, true);


--
-- Name: django_session; Type: TABLE; Schema: public; Owner: -; Tablespace: 
--

CREATE TABLE django_session (
    session_key character varying(40) NOT NULL,
    session_data text NOT NULL,
    expire_date timestamp with time zone NOT NULL
);


--
-- Name: django_site; Type: TABLE; Schema: public; Owner: -; Tablespace: 
--

CREATE TABLE django_site (
    id integer NOT NULL,
    domain character varying(100) NOT NULL,
    name character varying(50) NOT NULL
);


--
-- Name: django_site_id_seq; Type: SEQUENCE; Schema: public; Owner: -
--

CREATE SEQUENCE django_site_id_seq
    START WITH 1
    INCREMENT BY 1
    NO MINVALUE
    NO MAXVALUE
    CACHE 1;


--
-- Name: django_site_id_seq; Type: SEQUENCE OWNED BY; Schema: public; Owner: -
--

ALTER SEQUENCE django_site_id_seq OWNED BY django_site.id;


--
-- Name: django_site_id_seq; Type: SEQUENCE SET; Schema: public; Owner: -
--

SELECT pg_catalog.setval('django_site_id_seq', 2, true);


--
-- Name: menus_cachekey; Type: TABLE; Schema: public; Owner: -; Tablespace: 
--

CREATE TABLE menus_cachekey (
    id integer NOT NULL,
    language character varying(255) NOT NULL,
    site integer NOT NULL,
    key character varying(255) NOT NULL,
    CONSTRAINT menus_cachekey_site_check CHECK ((site >= 0))
);


--
-- Name: menus_cachekey_id_seq; Type: SEQUENCE; Schema: public; Owner: -
--

CREATE SEQUENCE menus_cachekey_id_seq
    START WITH 1
    INCREMENT BY 1
    NO MINVALUE
    NO MAXVALUE
    CACHE 1;


--
-- Name: menus_cachekey_id_seq; Type: SEQUENCE OWNED BY; Schema: public; Owner: -
--

ALTER SEQUENCE menus_cachekey_id_seq OWNED BY menus_cachekey.id;


--
-- Name: menus_cachekey_id_seq; Type: SEQUENCE SET; Schema: public; Owner: -
--

SELECT pg_catalog.setval('menus_cachekey_id_seq', 1, false);


--
-- Name: newsletter_article; Type: TABLE; Schema: public; Owner: -; Tablespace: 
--

CREATE TABLE newsletter_article (
    id integer NOT NULL,
    sortorder integer NOT NULL,
    title character varying(200) NOT NULL,
    text text NOT NULL,
    url character varying(200),
    image character varying(100),
    thumb character varying(600),
    post_id integer NOT NULL,
    CONSTRAINT newsletter_article_sortorder_check CHECK ((sortorder >= 0))
);


--
-- Name: newsletter_article_id_seq; Type: SEQUENCE; Schema: public; Owner: -
--

CREATE SEQUENCE newsletter_article_id_seq
    START WITH 1
    INCREMENT BY 1
    NO MINVALUE
    NO MAXVALUE
    CACHE 1;


--
-- Name: newsletter_article_id_seq; Type: SEQUENCE OWNED BY; Schema: public; Owner: -
--

ALTER SEQUENCE newsletter_article_id_seq OWNED BY newsletter_article.id;


--
-- Name: newsletter_article_id_seq; Type: SEQUENCE SET; Schema: public; Owner: -
--

SELECT pg_catalog.setval('newsletter_article_id_seq', 1, false);


--
-- Name: newsletter_emailtemplate; Type: TABLE; Schema: public; Owner: -; Tablespace: 
--

CREATE TABLE newsletter_emailtemplate (
    id integer NOT NULL,
    title character varying(200) NOT NULL,
    action character varying(16) NOT NULL,
    subject character varying(255) NOT NULL,
    text text NOT NULL,
    html text
);


--
-- Name: newsletter_emailtemplate_id_seq; Type: SEQUENCE; Schema: public; Owner: -
--

CREATE SEQUENCE newsletter_emailtemplate_id_seq
    START WITH 1
    INCREMENT BY 1
    NO MINVALUE
    NO MAXVALUE
    CACHE 1;


--
-- Name: newsletter_emailtemplate_id_seq; Type: SEQUENCE OWNED BY; Schema: public; Owner: -
--

ALTER SEQUENCE newsletter_emailtemplate_id_seq OWNED BY newsletter_emailtemplate.id;


--
-- Name: newsletter_emailtemplate_id_seq; Type: SEQUENCE SET; Schema: public; Owner: -
--

SELECT pg_catalog.setval('newsletter_emailtemplate_id_seq', 5, true);


--
-- Name: newsletter_message; Type: TABLE; Schema: public; Owner: -; Tablespace: 
--

CREATE TABLE newsletter_message (
    id integer NOT NULL,
    title character varying(200) NOT NULL,
    slug character varying(50) NOT NULL,
    newsletter_id integer NOT NULL,
    date_create timestamp with time zone NOT NULL,
    date_modify timestamp with time zone NOT NULL
);


--
-- Name: newsletter_message_id_seq; Type: SEQUENCE; Schema: public; Owner: -
--

CREATE SEQUENCE newsletter_message_id_seq
    START WITH 1
    INCREMENT BY 1
    NO MINVALUE
    NO MAXVALUE
    CACHE 1;


--
-- Name: newsletter_message_id_seq; Type: SEQUENCE OWNED BY; Schema: public; Owner: -
--

ALTER SEQUENCE newsletter_message_id_seq OWNED BY newsletter_message.id;


--
-- Name: newsletter_message_id_seq; Type: SEQUENCE SET; Schema: public; Owner: -
--

SELECT pg_catalog.setval('newsletter_message_id_seq', 1, false);


--
-- Name: newsletter_newsletter; Type: TABLE; Schema: public; Owner: -; Tablespace: 
--

CREATE TABLE newsletter_newsletter (
    id integer NOT NULL,
    title character varying(200) NOT NULL,
    slug character varying(50) NOT NULL,
    email character varying(75) NOT NULL,
    sender character varying(200) NOT NULL,
    visible boolean NOT NULL,
    subscribe_template_id integer NOT NULL,
    unsubscribe_template_id integer NOT NULL,
    update_template_id integer NOT NULL,
    message_template_id integer NOT NULL
);


--
-- Name: newsletter_newsletter_id_seq; Type: SEQUENCE; Schema: public; Owner: -
--

CREATE SEQUENCE newsletter_newsletter_id_seq
    START WITH 1
    INCREMENT BY 1
    NO MINVALUE
    NO MAXVALUE
    CACHE 1;


--
-- Name: newsletter_newsletter_id_seq; Type: SEQUENCE OWNED BY; Schema: public; Owner: -
--

ALTER SEQUENCE newsletter_newsletter_id_seq OWNED BY newsletter_newsletter.id;


--
-- Name: newsletter_newsletter_id_seq; Type: SEQUENCE SET; Schema: public; Owner: -
--

SELECT pg_catalog.setval('newsletter_newsletter_id_seq', 1, true);


--
-- Name: newsletter_newsletter_site; Type: TABLE; Schema: public; Owner: -; Tablespace: 
--

CREATE TABLE newsletter_newsletter_site (
    id integer NOT NULL,
    newsletter_id integer NOT NULL,
    site_id integer NOT NULL
);


--
-- Name: newsletter_newsletter_site_id_seq; Type: SEQUENCE; Schema: public; Owner: -
--

CREATE SEQUENCE newsletter_newsletter_site_id_seq
    START WITH 1
    INCREMENT BY 1
    NO MINVALUE
    NO MAXVALUE
    CACHE 1;


--
-- Name: newsletter_newsletter_site_id_seq; Type: SEQUENCE OWNED BY; Schema: public; Owner: -
--

ALTER SEQUENCE newsletter_newsletter_site_id_seq OWNED BY newsletter_newsletter_site.id;


--
-- Name: newsletter_newsletter_site_id_seq; Type: SEQUENCE SET; Schema: public; Owner: -
--

SELECT pg_catalog.setval('newsletter_newsletter_site_id_seq', 3, true);


--
-- Name: newsletter_submission; Type: TABLE; Schema: public; Owner: -; Tablespace: 
--

CREATE TABLE newsletter_submission (
    id integer NOT NULL,
    newsletter_id integer NOT NULL,
    message_id integer NOT NULL,
    publish_date timestamp with time zone,
    publish boolean NOT NULL,
    prepared boolean NOT NULL,
    sent boolean NOT NULL,
    sending boolean NOT NULL
);


--
-- Name: newsletter_submission_id_seq; Type: SEQUENCE; Schema: public; Owner: -
--

CREATE SEQUENCE newsletter_submission_id_seq
    START WITH 1
    INCREMENT BY 1
    NO MINVALUE
    NO MAXVALUE
    CACHE 1;


--
-- Name: newsletter_submission_id_seq; Type: SEQUENCE OWNED BY; Schema: public; Owner: -
--

ALTER SEQUENCE newsletter_submission_id_seq OWNED BY newsletter_submission.id;


--
-- Name: newsletter_submission_id_seq; Type: SEQUENCE SET; Schema: public; Owner: -
--

SELECT pg_catalog.setval('newsletter_submission_id_seq', 1, false);


--
-- Name: newsletter_submission_subscriptions; Type: TABLE; Schema: public; Owner: -; Tablespace: 
--

CREATE TABLE newsletter_submission_subscriptions (
    id integer NOT NULL,
    submission_id integer NOT NULL,
    subscription_id integer NOT NULL
);


--
-- Name: newsletter_submission_subscriptions_id_seq; Type: SEQUENCE; Schema: public; Owner: -
--

CREATE SEQUENCE newsletter_submission_subscriptions_id_seq
    START WITH 1
    INCREMENT BY 1
    NO MINVALUE
    NO MAXVALUE
    CACHE 1;


--
-- Name: newsletter_submission_subscriptions_id_seq; Type: SEQUENCE OWNED BY; Schema: public; Owner: -
--

ALTER SEQUENCE newsletter_submission_subscriptions_id_seq OWNED BY newsletter_submission_subscriptions.id;


--
-- Name: newsletter_submission_subscriptions_id_seq; Type: SEQUENCE SET; Schema: public; Owner: -
--

SELECT pg_catalog.setval('newsletter_submission_subscriptions_id_seq', 1, false);


--
-- Name: newsletter_subscription; Type: TABLE; Schema: public; Owner: -; Tablespace: 
--

CREATE TABLE newsletter_subscription (
    id integer NOT NULL,
    user_id integer,
    name character varying(30),
    email character varying(75),
    ip inet,
    newsletter_id integer NOT NULL,
    create_date timestamp with time zone NOT NULL,
    activation_code character varying(40) NOT NULL,
    subscribed boolean NOT NULL,
    subscribe_date timestamp with time zone,
    unsubscribed boolean NOT NULL,
    unsubscribe_date timestamp with time zone
);


--
-- Name: newsletter_subscription_id_seq; Type: SEQUENCE; Schema: public; Owner: -
--

CREATE SEQUENCE newsletter_subscription_id_seq
    START WITH 1
    INCREMENT BY 1
    NO MINVALUE
    NO MAXVALUE
    CACHE 1;


--
-- Name: newsletter_subscription_id_seq; Type: SEQUENCE OWNED BY; Schema: public; Owner: -
--

ALTER SEQUENCE newsletter_subscription_id_seq OWNED BY newsletter_subscription.id;


--
-- Name: newsletter_subscription_id_seq; Type: SEQUENCE SET; Schema: public; Owner: -
--

SELECT pg_catalog.setval('newsletter_subscription_id_seq', 2, true);


--
-- Name: south_migrationhistory; Type: TABLE; Schema: public; Owner: -; Tablespace: 
--

CREATE TABLE south_migrationhistory (
    id integer NOT NULL,
    app_name character varying(255) NOT NULL,
    migration character varying(255) NOT NULL,
    applied timestamp with time zone NOT NULL
);


--
-- Name: south_migrationhistory_id_seq; Type: SEQUENCE; Schema: public; Owner: -
--

CREATE SEQUENCE south_migrationhistory_id_seq
    START WITH 1
    INCREMENT BY 1
    NO MINVALUE
    NO MAXVALUE
    CACHE 1;


--
-- Name: south_migrationhistory_id_seq; Type: SEQUENCE OWNED BY; Schema: public; Owner: -
--

ALTER SEQUENCE south_migrationhistory_id_seq OWNED BY south_migrationhistory.id;


--
-- Name: south_migrationhistory_id_seq; Type: SEQUENCE SET; Schema: public; Owner: -
--

SELECT pg_catalog.setval('south_migrationhistory_id_seq', 83, true);


--
-- Name: tagging_tag; Type: TABLE; Schema: public; Owner: -; Tablespace: 
--

CREATE TABLE tagging_tag (
    id integer NOT NULL,
    name character varying(50) NOT NULL
);


--
-- Name: tagging_tag_id_seq; Type: SEQUENCE; Schema: public; Owner: -
--

CREATE SEQUENCE tagging_tag_id_seq
    START WITH 1
    INCREMENT BY 1
    NO MINVALUE
    NO MAXVALUE
    CACHE 1;


--
-- Name: tagging_tag_id_seq; Type: SEQUENCE OWNED BY; Schema: public; Owner: -
--

ALTER SEQUENCE tagging_tag_id_seq OWNED BY tagging_tag.id;


--
-- Name: tagging_tag_id_seq; Type: SEQUENCE SET; Schema: public; Owner: -
--

SELECT pg_catalog.setval('tagging_tag_id_seq', 1, false);


--
-- Name: tagging_taggeditem; Type: TABLE; Schema: public; Owner: -; Tablespace: 
--

CREATE TABLE tagging_taggeditem (
    id integer NOT NULL,
    tag_id integer NOT NULL,
    content_type_id integer NOT NULL,
    object_id integer NOT NULL,
    CONSTRAINT tagging_taggeditem_object_id_check CHECK ((object_id >= 0))
);


--
-- Name: tagging_taggeditem_id_seq; Type: SEQUENCE; Schema: public; Owner: -
--

CREATE SEQUENCE tagging_taggeditem_id_seq
    START WITH 1
    INCREMENT BY 1
    NO MINVALUE
    NO MAXVALUE
    CACHE 1;


--
-- Name: tagging_taggeditem_id_seq; Type: SEQUENCE OWNED BY; Schema: public; Owner: -
--

ALTER SEQUENCE tagging_taggeditem_id_seq OWNED BY tagging_taggeditem.id;


--
-- Name: tagging_taggeditem_id_seq; Type: SEQUENCE SET; Schema: public; Owner: -
--

SELECT pg_catalog.setval('tagging_taggeditem_id_seq', 1, false);


--
-- Name: tastypie_apiaccess; Type: TABLE; Schema: public; Owner: -; Tablespace: 
--

CREATE TABLE tastypie_apiaccess (
    id integer NOT NULL,
    identifier character varying(255) NOT NULL,
    url character varying(255) NOT NULL,
    request_method character varying(10) NOT NULL,
    accessed integer NOT NULL,
    CONSTRAINT tastypie_apiaccess_accessed_check CHECK ((accessed >= 0))
);


--
-- Name: tastypie_apiaccess_id_seq; Type: SEQUENCE; Schema: public; Owner: -
--

CREATE SEQUENCE tastypie_apiaccess_id_seq
    START WITH 1
    INCREMENT BY 1
    NO MINVALUE
    NO MAXVALUE
    CACHE 1;


--
-- Name: tastypie_apiaccess_id_seq; Type: SEQUENCE OWNED BY; Schema: public; Owner: -
--

ALTER SEQUENCE tastypie_apiaccess_id_seq OWNED BY tastypie_apiaccess.id;


--
-- Name: tastypie_apiaccess_id_seq; Type: SEQUENCE SET; Schema: public; Owner: -
--

SELECT pg_catalog.setval('tastypie_apiaccess_id_seq', 1, false);


--
-- Name: tastypie_apikey; Type: TABLE; Schema: public; Owner: -; Tablespace: 
--

CREATE TABLE tastypie_apikey (
    id integer NOT NULL,
    user_id integer NOT NULL,
    key character varying(256) NOT NULL,
    created timestamp with time zone NOT NULL
);


--
-- Name: tastypie_apikey_id_seq; Type: SEQUENCE; Schema: public; Owner: -
--

CREATE SEQUENCE tastypie_apikey_id_seq
    START WITH 1
    INCREMENT BY 1
    NO MINVALUE
    NO MAXVALUE
    CACHE 1;


--
-- Name: tastypie_apikey_id_seq; Type: SEQUENCE OWNED BY; Schema: public; Owner: -
--

ALTER SEQUENCE tastypie_apikey_id_seq OWNED BY tastypie_apikey.id;


--
-- Name: tastypie_apikey_id_seq; Type: SEQUENCE SET; Schema: public; Owner: -
--

SELECT pg_catalog.setval('tastypie_apikey_id_seq', 1, true);


--
-- Name: zinnia_category; Type: TABLE; Schema: public; Owner: -; Tablespace: 
--

CREATE TABLE zinnia_category (
    id integer NOT NULL,
    title character varying(255) NOT NULL,
    slug character varying(255) NOT NULL,
    description text NOT NULL,
    parent_id integer,
    lft integer NOT NULL,
    rght integer NOT NULL,
    tree_id integer NOT NULL,
    level integer NOT NULL,
    CONSTRAINT zinnia_category_level_check CHECK ((level >= 0)),
    CONSTRAINT zinnia_category_lft_check CHECK ((lft >= 0)),
    CONSTRAINT zinnia_category_rght_check CHECK ((rght >= 0)),
    CONSTRAINT zinnia_category_tree_id_check CHECK ((tree_id >= 0))
);


--
-- Name: zinnia_category_id_seq; Type: SEQUENCE; Schema: public; Owner: -
--

CREATE SEQUENCE zinnia_category_id_seq
    START WITH 1
    INCREMENT BY 1
    NO MINVALUE
    NO MAXVALUE
    CACHE 1;


--
-- Name: zinnia_category_id_seq; Type: SEQUENCE OWNED BY; Schema: public; Owner: -
--

ALTER SEQUENCE zinnia_category_id_seq OWNED BY zinnia_category.id;


--
-- Name: zinnia_category_id_seq; Type: SEQUENCE SET; Schema: public; Owner: -
--

SELECT pg_catalog.setval('zinnia_category_id_seq', 1, false);


--
-- Name: zinnia_entry; Type: TABLE; Schema: public; Owner: -; Tablespace: 
--

CREATE TABLE zinnia_entry (
    id integer NOT NULL,
    title character varying(255) NOT NULL,
    image character varying(100) NOT NULL,
    content text NOT NULL,
    excerpt text NOT NULL,
    tags character varying(255) NOT NULL,
    slug character varying(255) NOT NULL,
    status integer NOT NULL,
    featured boolean NOT NULL,
    comment_enabled boolean NOT NULL,
    pingback_enabled boolean NOT NULL,
    creation_date timestamp with time zone NOT NULL,
    last_update timestamp with time zone NOT NULL,
    start_publication timestamp with time zone,
    end_publication timestamp with time zone,
    login_required boolean NOT NULL,
    password character varying(50) NOT NULL,
    template character varying(250) NOT NULL
);


--
-- Name: zinnia_entry_authors; Type: TABLE; Schema: public; Owner: -; Tablespace: 
--

CREATE TABLE zinnia_entry_authors (
    id integer NOT NULL,
    entry_id integer NOT NULL,
    user_id integer NOT NULL
);


--
-- Name: zinnia_entry_authors_id_seq; Type: SEQUENCE; Schema: public; Owner: -
--

CREATE SEQUENCE zinnia_entry_authors_id_seq
    START WITH 1
    INCREMENT BY 1
    NO MINVALUE
    NO MAXVALUE
    CACHE 1;


--
-- Name: zinnia_entry_authors_id_seq; Type: SEQUENCE OWNED BY; Schema: public; Owner: -
--

ALTER SEQUENCE zinnia_entry_authors_id_seq OWNED BY zinnia_entry_authors.id;


--
-- Name: zinnia_entry_authors_id_seq; Type: SEQUENCE SET; Schema: public; Owner: -
--

SELECT pg_catalog.setval('zinnia_entry_authors_id_seq', 4, true);


--
-- Name: zinnia_entry_categories; Type: TABLE; Schema: public; Owner: -; Tablespace: 
--

CREATE TABLE zinnia_entry_categories (
    id integer NOT NULL,
    entry_id integer NOT NULL,
    category_id integer NOT NULL
);


--
-- Name: zinnia_entry_categories_id_seq; Type: SEQUENCE; Schema: public; Owner: -
--

CREATE SEQUENCE zinnia_entry_categories_id_seq
    START WITH 1
    INCREMENT BY 1
    NO MINVALUE
    NO MAXVALUE
    CACHE 1;


--
-- Name: zinnia_entry_categories_id_seq; Type: SEQUENCE OWNED BY; Schema: public; Owner: -
--

ALTER SEQUENCE zinnia_entry_categories_id_seq OWNED BY zinnia_entry_categories.id;


--
-- Name: zinnia_entry_categories_id_seq; Type: SEQUENCE SET; Schema: public; Owner: -
--

SELECT pg_catalog.setval('zinnia_entry_categories_id_seq', 1, false);


--
-- Name: zinnia_entry_id_seq; Type: SEQUENCE; Schema: public; Owner: -
--

CREATE SEQUENCE zinnia_entry_id_seq
    START WITH 1
    INCREMENT BY 1
    NO MINVALUE
    NO MAXVALUE
    CACHE 1;


--
-- Name: zinnia_entry_id_seq; Type: SEQUENCE OWNED BY; Schema: public; Owner: -
--

ALTER SEQUENCE zinnia_entry_id_seq OWNED BY zinnia_entry.id;


--
-- Name: zinnia_entry_id_seq; Type: SEQUENCE SET; Schema: public; Owner: -
--

SELECT pg_catalog.setval('zinnia_entry_id_seq', 1, true);


--
-- Name: zinnia_entry_related; Type: TABLE; Schema: public; Owner: -; Tablespace: 
--

CREATE TABLE zinnia_entry_related (
    id integer NOT NULL,
    from_entry_id integer NOT NULL,
    to_entry_id integer NOT NULL
);


--
-- Name: zinnia_entry_related_id_seq; Type: SEQUENCE; Schema: public; Owner: -
--

CREATE SEQUENCE zinnia_entry_related_id_seq
    START WITH 1
    INCREMENT BY 1
    NO MINVALUE
    NO MAXVALUE
    CACHE 1;


--
-- Name: zinnia_entry_related_id_seq; Type: SEQUENCE OWNED BY; Schema: public; Owner: -
--

ALTER SEQUENCE zinnia_entry_related_id_seq OWNED BY zinnia_entry_related.id;


--
-- Name: zinnia_entry_related_id_seq; Type: SEQUENCE SET; Schema: public; Owner: -
--

SELECT pg_catalog.setval('zinnia_entry_related_id_seq', 1, false);


--
-- Name: zinnia_entry_sites; Type: TABLE; Schema: public; Owner: -; Tablespace: 
--

CREATE TABLE zinnia_entry_sites (
    id integer NOT NULL,
    entry_id integer NOT NULL,
    site_id integer NOT NULL
);


--
-- Name: zinnia_entry_sites_id_seq; Type: SEQUENCE; Schema: public; Owner: -
--

CREATE SEQUENCE zinnia_entry_sites_id_seq
    START WITH 1
    INCREMENT BY 1
    NO MINVALUE
    NO MAXVALUE
    CACHE 1;


--
-- Name: zinnia_entry_sites_id_seq; Type: SEQUENCE OWNED BY; Schema: public; Owner: -
--

ALTER SEQUENCE zinnia_entry_sites_id_seq OWNED BY zinnia_entry_sites.id;


--
-- Name: zinnia_entry_sites_id_seq; Type: SEQUENCE SET; Schema: public; Owner: -
--

SELECT pg_catalog.setval('zinnia_entry_sites_id_seq', 4, true);


--
-- Name: id; Type: DEFAULT; Schema: public; Owner: -
--

ALTER TABLE ONLY auth_group ALTER COLUMN id SET DEFAULT nextval('auth_group_id_seq'::regclass);


--
-- Name: id; Type: DEFAULT; Schema: public; Owner: -
--

ALTER TABLE ONLY auth_group_permissions ALTER COLUMN id SET DEFAULT nextval('auth_group_permissions_id_seq'::regclass);


--
-- Name: id; Type: DEFAULT; Schema: public; Owner: -
--

ALTER TABLE ONLY auth_permission ALTER COLUMN id SET DEFAULT nextval('auth_permission_id_seq'::regclass);


--
-- Name: id; Type: DEFAULT; Schema: public; Owner: -
--

ALTER TABLE ONLY auth_user ALTER COLUMN id SET DEFAULT nextval('auth_user_id_seq'::regclass);


--
-- Name: id; Type: DEFAULT; Schema: public; Owner: -
--

ALTER TABLE ONLY auth_user_groups ALTER COLUMN id SET DEFAULT nextval('auth_user_groups_id_seq'::regclass);


--
-- Name: id; Type: DEFAULT; Schema: public; Owner: -
--

ALTER TABLE ONLY auth_user_user_permissions ALTER COLUMN id SET DEFAULT nextval('auth_user_user_permissions_id_seq'::regclass);


--
-- Name: id; Type: DEFAULT; Schema: public; Owner: -
--

ALTER TABLE ONLY cms_cmsplugin ALTER COLUMN id SET DEFAULT nextval('cms_cmsplugin_id_seq'::regclass);


--
-- Name: id; Type: DEFAULT; Schema: public; Owner: -
--

ALTER TABLE ONLY cms_globalpagepermission ALTER COLUMN id SET DEFAULT nextval('cms_globalpagepermission_id_seq'::regclass);


--
-- Name: id; Type: DEFAULT; Schema: public; Owner: -
--

ALTER TABLE ONLY cms_globalpagepermission_sites ALTER COLUMN id SET DEFAULT nextval('cms_globalpagepermission_sites_id_seq'::regclass);


--
-- Name: id; Type: DEFAULT; Schema: public; Owner: -
--

ALTER TABLE ONLY cms_page ALTER COLUMN id SET DEFAULT nextval('cms_page_id_seq'::regclass);


--
-- Name: id; Type: DEFAULT; Schema: public; Owner: -
--

ALTER TABLE ONLY cms_page_placeholders ALTER COLUMN id SET DEFAULT nextval('cms_page_placeholders_id_seq'::regclass);


--
-- Name: id; Type: DEFAULT; Schema: public; Owner: -
--

ALTER TABLE ONLY cms_pagemoderator ALTER COLUMN id SET DEFAULT nextval('cms_pagemoderator_id_seq'::regclass);


--
-- Name: id; Type: DEFAULT; Schema: public; Owner: -
--

ALTER TABLE ONLY cms_pagemoderatorstate ALTER COLUMN id SET DEFAULT nextval('cms_pagemoderatorstate_id_seq'::regclass);


--
-- Name: id; Type: DEFAULT; Schema: public; Owner: -
--

ALTER TABLE ONLY cms_pagepermission ALTER COLUMN id SET DEFAULT nextval('cms_pagepermission_id_seq'::regclass);


--
-- Name: id; Type: DEFAULT; Schema: public; Owner: -
--

ALTER TABLE ONLY cms_placeholder ALTER COLUMN id SET DEFAULT nextval('cms_placeholder_id_seq'::regclass);


--
-- Name: id; Type: DEFAULT; Schema: public; Owner: -
--

ALTER TABLE ONLY cms_title ALTER COLUMN id SET DEFAULT nextval('cms_title_id_seq'::regclass);


--
-- Name: id; Type: DEFAULT; Schema: public; Owner: -
--

ALTER TABLE ONLY db_chart ALTER COLUMN id SET DEFAULT nextval('db_chart_id_seq'::regclass);


--
-- Name: id; Type: DEFAULT; Schema: public; Owner: -
--

ALTER TABLE ONLY db_chart_indicators ALTER COLUMN id SET DEFAULT nextval('db_chart_indicators_id_seq'::regclass);


--
-- Name: id; Type: DEFAULT; Schema: public; Owner: -
--

ALTER TABLE ONLY db_cognitivearea ALTER COLUMN id SET DEFAULT nextval('db_cognitivearea_id_seq'::regclass);


--
-- Name: id; Type: DEFAULT; Schema: public; Owner: -
--

ALTER TABLE ONLY db_cognitivearea_multiple_intelligences ALTER COLUMN id SET DEFAULT nextval('db_cognitivearea_multiple_intelligences_id_seq'::regclass);


--
-- Name: id; Type: DEFAULT; Schema: public; Owner: -
--

ALTER TABLE ONLY db_game ALTER COLUMN id SET DEFAULT nextval('db_game_id_seq'::regclass);


--
-- Name: id; Type: DEFAULT; Schema: public; Owner: -
--

ALTER TABLE ONLY db_gameplay ALTER COLUMN id SET DEFAULT nextval('db_gameplay_id_seq'::regclass);


--
-- Name: id; Type: DEFAULT; Schema: public; Owner: -
--

ALTER TABLE ONLY db_gameroute ALTER COLUMN id SET DEFAULT nextval('db_gameroute_id_seq'::regclass);


--
-- Name: id; Type: DEFAULT; Schema: public; Owner: -
--

ALTER TABLE ONLY db_indicator ALTER COLUMN id SET DEFAULT nextval('db_indicator_id_seq'::regclass);


--
-- Name: id; Type: DEFAULT; Schema: public; Owner: -
--

ALTER TABLE ONLY db_indicator_cognitive_areas ALTER COLUMN id SET DEFAULT nextval('db_indicator_cognitive_areas_id_seq'::regclass);


--
-- Name: id; Type: DEFAULT; Schema: public; Owner: -
--

ALTER TABLE ONLY db_level ALTER COLUMN id SET DEFAULT nextval('db_level_id_seq'::regclass);


--
-- Name: id; Type: DEFAULT; Schema: public; Owner: -
--

ALTER TABLE ONLY db_multipleintelligence ALTER COLUMN id SET DEFAULT nextval('db_multipleintelligence_id_seq'::regclass);


--
-- Name: id; Type: DEFAULT; Schema: public; Owner: -
--

ALTER TABLE ONLY db_player ALTER COLUMN id SET DEFAULT nextval('db_player_id_seq'::regclass);


--
-- Name: id; Type: DEFAULT; Schema: public; Owner: -
--

ALTER TABLE ONLY db_route_node ALTER COLUMN id SET DEFAULT nextval('db_route_node_id_seq'::regclass);


--
-- Name: id; Type: DEFAULT; Schema: public; Owner: -
--

ALTER TABLE ONLY db_scene ALTER COLUMN id SET DEFAULT nextval('db_scene_id_seq'::regclass);


--
-- Name: id; Type: DEFAULT; Schema: public; Owner: -
--

ALTER TABLE ONLY db_score ALTER COLUMN id SET DEFAULT nextval('db_score_id_seq'::regclass);


--
-- Name: id; Type: DEFAULT; Schema: public; Owner: -
--

ALTER TABLE ONLY db_userprofile ALTER COLUMN id SET DEFAULT nextval('db_userprofile_id_seq'::regclass);


--
-- Name: id; Type: DEFAULT; Schema: public; Owner: -
--

ALTER TABLE ONLY django_admin_log ALTER COLUMN id SET DEFAULT nextval('django_admin_log_id_seq'::regclass);


--
-- Name: id; Type: DEFAULT; Schema: public; Owner: -
--

ALTER TABLE ONLY django_comment_flags ALTER COLUMN id SET DEFAULT nextval('django_comment_flags_id_seq'::regclass);


--
-- Name: id; Type: DEFAULT; Schema: public; Owner: -
--

ALTER TABLE ONLY django_comments ALTER COLUMN id SET DEFAULT nextval('django_comments_id_seq'::regclass);


--
-- Name: id; Type: DEFAULT; Schema: public; Owner: -
--

ALTER TABLE ONLY django_content_type ALTER COLUMN id SET DEFAULT nextval('django_content_type_id_seq'::regclass);


--
-- Name: id; Type: DEFAULT; Schema: public; Owner: -
--

ALTER TABLE ONLY django_site ALTER COLUMN id SET DEFAULT nextval('django_site_id_seq'::regclass);


--
-- Name: id; Type: DEFAULT; Schema: public; Owner: -
--

ALTER TABLE ONLY menus_cachekey ALTER COLUMN id SET DEFAULT nextval('menus_cachekey_id_seq'::regclass);


--
-- Name: id; Type: DEFAULT; Schema: public; Owner: -
--

ALTER TABLE ONLY newsletter_article ALTER COLUMN id SET DEFAULT nextval('newsletter_article_id_seq'::regclass);


--
-- Name: id; Type: DEFAULT; Schema: public; Owner: -
--

ALTER TABLE ONLY newsletter_emailtemplate ALTER COLUMN id SET DEFAULT nextval('newsletter_emailtemplate_id_seq'::regclass);


--
-- Name: id; Type: DEFAULT; Schema: public; Owner: -
--

ALTER TABLE ONLY newsletter_message ALTER COLUMN id SET DEFAULT nextval('newsletter_message_id_seq'::regclass);


--
-- Name: id; Type: DEFAULT; Schema: public; Owner: -
--

ALTER TABLE ONLY newsletter_newsletter ALTER COLUMN id SET DEFAULT nextval('newsletter_newsletter_id_seq'::regclass);


--
-- Name: id; Type: DEFAULT; Schema: public; Owner: -
--

ALTER TABLE ONLY newsletter_newsletter_site ALTER COLUMN id SET DEFAULT nextval('newsletter_newsletter_site_id_seq'::regclass);


--
-- Name: id; Type: DEFAULT; Schema: public; Owner: -
--

ALTER TABLE ONLY newsletter_submission ALTER COLUMN id SET DEFAULT nextval('newsletter_submission_id_seq'::regclass);


--
-- Name: id; Type: DEFAULT; Schema: public; Owner: -
--

ALTER TABLE ONLY newsletter_submission_subscriptions ALTER COLUMN id SET DEFAULT nextval('newsletter_submission_subscriptions_id_seq'::regclass);


--
-- Name: id; Type: DEFAULT; Schema: public; Owner: -
--

ALTER TABLE ONLY newsletter_subscription ALTER COLUMN id SET DEFAULT nextval('newsletter_subscription_id_seq'::regclass);


--
-- Name: id; Type: DEFAULT; Schema: public; Owner: -
--

ALTER TABLE ONLY south_migrationhistory ALTER COLUMN id SET DEFAULT nextval('south_migrationhistory_id_seq'::regclass);


--
-- Name: id; Type: DEFAULT; Schema: public; Owner: -
--

ALTER TABLE ONLY tagging_tag ALTER COLUMN id SET DEFAULT nextval('tagging_tag_id_seq'::regclass);


--
-- Name: id; Type: DEFAULT; Schema: public; Owner: -
--

ALTER TABLE ONLY tagging_taggeditem ALTER COLUMN id SET DEFAULT nextval('tagging_taggeditem_id_seq'::regclass);


--
-- Name: id; Type: DEFAULT; Schema: public; Owner: -
--

ALTER TABLE ONLY tastypie_apiaccess ALTER COLUMN id SET DEFAULT nextval('tastypie_apiaccess_id_seq'::regclass);


--
-- Name: id; Type: DEFAULT; Schema: public; Owner: -
--

ALTER TABLE ONLY tastypie_apikey ALTER COLUMN id SET DEFAULT nextval('tastypie_apikey_id_seq'::regclass);


--
-- Name: id; Type: DEFAULT; Schema: public; Owner: -
--

ALTER TABLE ONLY zinnia_category ALTER COLUMN id SET DEFAULT nextval('zinnia_category_id_seq'::regclass);


--
-- Name: id; Type: DEFAULT; Schema: public; Owner: -
--

ALTER TABLE ONLY zinnia_entry ALTER COLUMN id SET DEFAULT nextval('zinnia_entry_id_seq'::regclass);


--
-- Name: id; Type: DEFAULT; Schema: public; Owner: -
--

ALTER TABLE ONLY zinnia_entry_authors ALTER COLUMN id SET DEFAULT nextval('zinnia_entry_authors_id_seq'::regclass);


--
-- Name: id; Type: DEFAULT; Schema: public; Owner: -
--

ALTER TABLE ONLY zinnia_entry_categories ALTER COLUMN id SET DEFAULT nextval('zinnia_entry_categories_id_seq'::regclass);


--
-- Name: id; Type: DEFAULT; Schema: public; Owner: -
--

ALTER TABLE ONLY zinnia_entry_related ALTER COLUMN id SET DEFAULT nextval('zinnia_entry_related_id_seq'::regclass);


--
-- Name: id; Type: DEFAULT; Schema: public; Owner: -
--

ALTER TABLE ONLY zinnia_entry_sites ALTER COLUMN id SET DEFAULT nextval('zinnia_entry_sites_id_seq'::regclass);


--
-- Data for Name: auth_group; Type: TABLE DATA; Schema: public; Owner: -
--

COPY auth_group (id, name) FROM stdin;
\.


--
-- Data for Name: auth_group_permissions; Type: TABLE DATA; Schema: public; Owner: -
--

COPY auth_group_permissions (id, group_id, permission_id) FROM stdin;
\.


--
-- Data for Name: auth_permission; Type: TABLE DATA; Schema: public; Owner: -
--

COPY auth_permission (id, name, content_type_id, codename) FROM stdin;
44	Can add permission	15	add_permission
45	Can change permission	15	change_permission
46	Can delete permission	15	delete_permission
47	Can add group	16	add_group
48	Can change group	16	change_group
49	Can delete group	16	delete_group
50	Can add user	17	add_user
51	Can change user	17	change_user
52	Can delete user	17	delete_user
53	Can add content type	18	add_contenttype
54	Can change content type	18	change_contenttype
55	Can delete content type	18	delete_contenttype
56	Can add session	19	add_session
57	Can change session	19	change_session
58	Can delete session	19	delete_session
59	Can add site	20	add_site
60	Can change site	20	change_site
61	Can delete site	20	delete_site
62	Can add comment	21	add_comment
63	Can change comment	21	change_comment
64	Can delete comment	21	delete_comment
65	Can moderate comments	21	can_moderate
66	Can add comment flag	22	add_commentflag
67	Can change comment flag	22	change_commentflag
68	Can delete comment flag	22	delete_commentflag
69	Can add log entry	23	add_logentry
70	Can change log entry	23	change_logentry
71	Can delete log entry	23	delete_logentry
72	Can add user profile	24	add_userprofile
73	Can change user profile	24	change_userprofile
74	Can delete user profile	24	delete_userprofile
75	Can add game	25	add_game
76	Can change game	25	change_game
77	Can delete game	25	delete_game
78	Can add tag	26	add_tag
79	Can change tag	26	change_tag
80	Can delete tag	26	delete_tag
81	Can add tagged item	27	add_taggeditem
82	Can change tagged item	27	change_taggeditem
83	Can delete tagged item	27	delete_taggeditem
84	Can add migration history	28	add_migrationhistory
85	Can change migration history	28	change_migrationhistory
86	Can delete migration history	28	delete_migrationhistory
87	Can add api access	29	add_apiaccess
88	Can change api access	29	change_apiaccess
89	Can delete api access	29	delete_apiaccess
90	Can add api key	30	add_apikey
91	Can change api key	30	change_apikey
92	Can delete api key	30	delete_apikey
93	Can add author	17	add_author
94	Can change author	17	change_author
95	Can delete author	17	delete_author
96	Can add category	31	add_category
97	Can change category	31	change_category
98	Can delete category	31	delete_category
99	Can add entry	32	add_entry
100	Can change entry	32	change_entry
101	Can delete entry	32	delete_entry
102	Can view all entries	32	can_view_all
103	Can change status	32	can_change_status
104	Can change author(s)	32	can_change_author
105	Can add placeholder	34	add_placeholder
106	Can change placeholder	34	change_placeholder
107	Can delete placeholder	34	delete_placeholder
108	Can add cms plugin	35	add_cmsplugin
109	Can change cms plugin	35	change_cmsplugin
110	Can delete cms plugin	35	delete_cmsplugin
111	Can add page	36	add_page
112	Can change page	36	change_page
113	Can delete page	36	delete_page
114	Can view page	36	view_page
115	Can add PageModerator	37	add_pagemoderator
116	Can change PageModerator	37	change_pagemoderator
117	Can delete PageModerator	37	delete_pagemoderator
118	Can add Page moderator state	38	add_pagemoderatorstate
119	Can change Page moderator state	38	change_pagemoderatorstate
120	Can delete Page moderator state	38	delete_pagemoderatorstate
121	Can add Page global permission	39	add_globalpagepermission
122	Can change Page global permission	39	change_globalpagepermission
123	Can delete Page global permission	39	delete_globalpagepermission
124	Can add Page permission	40	add_pagepermission
125	Can change Page permission	40	change_pagepermission
126	Can delete Page permission	40	delete_pagepermission
127	Can add User (page)	41	add_pageuser
128	Can change User (page)	41	change_pageuser
129	Can delete User (page)	41	delete_pageuser
130	Can add User group (page)	42	add_pageusergroup
131	Can change User group (page)	42	change_pageusergroup
132	Can delete User group (page)	42	delete_pageusergroup
133	Can add title	43	add_title
134	Can change title	43	change_title
135	Can delete title	43	delete_title
136	Can add cache key	44	add_cachekey
137	Can change cache key	44	change_cachekey
138	Can delete cache key	44	delete_cachekey
139	Can add text	45	add_text
140	Can change text	45	change_text
141	Can delete text	45	delete_text
142	Can add link	46	add_link
143	Can change link	46	change_link
144	Can delete link	46	delete_link
145	Can add picture	47	add_picture
146	Can change picture	47	change_picture
147	Can delete picture	47	delete_picture
148	Can add file	48	add_file
149	Can change file	48	change_file
150	Can delete file	48	delete_file
151	Can add video	49	add_video
152	Can change video	49	change_video
153	Can delete video	49	delete_video
154	Can add twitter recent entries	50	add_twitterrecententries
155	Can change twitter recent entries	50	change_twitterrecententries
156	Can delete twitter recent entries	50	delete_twitterrecententries
157	Can add twitter search	51	add_twittersearch
158	Can change twitter search	51	change_twittersearch
159	Can delete twitter search	51	delete_twittersearch
160	Can add e-mail template	52	add_emailtemplate
161	Can change e-mail template	52	change_emailtemplate
162	Can delete e-mail template	52	delete_emailtemplate
163	Can add newsletter	53	add_newsletter
164	Can change newsletter	53	change_newsletter
165	Can delete newsletter	53	delete_newsletter
166	Can add subscription	54	add_subscription
167	Can change subscription	54	change_subscription
168	Can delete subscription	54	delete_subscription
169	Can add article	55	add_article
170	Can change article	55	change_article
171	Can delete article	55	delete_article
172	Can add message	56	add_message
173	Can change message	56	change_message
174	Can delete message	56	delete_message
175	Can add submission	57	add_submission
176	Can change submission	57	change_submission
177	Can delete submission	57	delete_submission
178	Can add user profile	58	add_userprofile
179	Can change user profile	58	change_userprofile
180	Can delete user profile	58	delete_userprofile
181	Can add player	59	add_player
182	Can change player	59	change_player
183	Can delete player	59	delete_player
184	Can add game	60	add_game
185	Can change game	60	change_game
186	Can delete game	60	delete_game
187	Can add game play	61	add_gameplay
188	Can change game play	61	change_gameplay
189	Can delete game play	61	delete_gameplay
190	Can add level	62	add_level
191	Can change level	62	change_level
192	Can delete level	62	delete_level
193	Can add scene	63	add_scene
194	Can change scene	63	change_scene
195	Can delete scene	63	delete_scene
196	Can add game route	64	add_gameroute
197	Can change game route	64	change_gameroute
198	Can delete game route	64	delete_gameroute
199	Can add route_ node	65	add_route_node
200	Can change route_ node	65	change_route_node
201	Can delete route_ node	65	delete_route_node
202	Can add cognitive area	66	add_cognitivearea
203	Can change cognitive area	66	change_cognitivearea
204	Can delete cognitive area	66	delete_cognitivearea
205	Can add chart	67	add_chart
206	Can change chart	67	change_chart
207	Can delete chart	67	delete_chart
208	Can add indicator	68	add_indicator
209	Can change indicator	68	change_indicator
210	Can delete indicator	68	delete_indicator
211	Can add multiple intelligence	69	add_multipleintelligence
212	Can change multiple intelligence	69	change_multipleintelligence
213	Can delete multiple intelligence	69	delete_multipleintelligence
214	Can add score	70	add_score
215	Can change score	70	change_score
216	Can delete score	70	delete_score
\.


--
-- Data for Name: auth_user; Type: TABLE DATA; Schema: public; Owner: -
--

COPY auth_user (id, username, first_name, last_name, email, password, is_staff, is_active, is_superuser, last_login, date_joined) FROM stdin;
2	dani.gonzalez@infantium.com	Daniel	Gonzalez	dani.gonzalez@infantium.com	pbkdf2_sha256$10000$c9GYlA6JxcH7$fhsvlycmS5ErR0m31aeI5EqGAF+krOJv2/QEsSF31/I=	f	t	f	2012-08-30 16:26:52.551733+00	2012-08-24 15:48:28+00
3	testplayer@infantium.com	Test	Player	testplayer@infantium.com	pbkdf2_sha256$10000$tvBbxuz2mZZT$fIbbthhV6bsg5729I3L50889XXumIHaGXLs6fH9Tkv4=	f	t	f	2012-09-26 16:47:58.713224+00	2012-08-30 18:44:01+00
1	admin			dani.gonzalez@infantium.com	pbkdf2_sha256$10000$mOh2xV5IhEDu$xuyasxjU9TudXwBLjFllt6g5lK8A8AhFb/B+6hjcdfI=	t	t	t	2012-10-04 17:19:44.672456+00	2012-08-24 14:52:49.172034+00
\.


--
-- Data for Name: auth_user_groups; Type: TABLE DATA; Schema: public; Owner: -
--

COPY auth_user_groups (id, user_id, group_id) FROM stdin;
\.


--
-- Data for Name: auth_user_user_permissions; Type: TABLE DATA; Schema: public; Owner: -
--

COPY auth_user_user_permissions (id, user_id, permission_id) FROM stdin;
\.


--
-- Data for Name: cms_cmsplugin; Type: TABLE DATA; Schema: public; Owner: -
--

COPY cms_cmsplugin (id, placeholder_id, parent_id, "position", language, plugin_type, creation_date, level, lft, rght, tree_id) FROM stdin;
14	15	\N	0	en	TextPlugin	2012-08-30 15:10:53.475341+00	0	1	2	10
15	16	\N	0	en	TextPlugin	2012-08-30 15:11:21.444643+00	0	1	2	11
16	15	\N	0	es	TextPlugin	2012-08-30 15:10:53.475341+00	0	1	2	12
17	16	\N	0	es	TextPlugin	2012-08-30 15:11:21.444643+00	0	1	2	13
22	17	\N	0	en	TextPlugin	2012-08-30 15:31:54.730784+00	0	1	2	18
13	14	\N	0	es	TextPlugin	2012-08-30 15:06:38.79842+00	0	1	2	9
23	19	\N	0	es	TextPlugin	2012-08-30 15:16:46.639357+00	0	1	2	19
20	19	\N	0	en	TextPlugin	2012-08-30 15:16:46.639357+00	0	1	2	16
30	17	\N	0	es	TextPlugin	2012-09-14 19:08:23.420607+00	0	1	2	23
24	20	\N	0	es	TextPlugin	2012-08-30 15:21:17.603399+00	0	1	2	20
26	18	\N	0	es	TextPlugin	2012-08-30 15:14:40.323228+00	0	1	2	22
19	18	\N	0	en	TextPlugin	2012-08-30 15:14:40.323228+00	0	1	2	15
12	13	\N	0	es	TextPlugin	2012-08-30 15:06:08.206493+00	0	1	2	8
21	20	\N	0	en	TextPlugin	2012-08-30 15:21:17.603399+00	0	1	2	17
32	22	\N	0	en	TextPlugin	2012-09-18 14:59:31.409041+00	0	1	2	25
34	22	\N	0	es	TextPlugin	2012-09-18 14:59:31.409041+00	0	1	2	27
35	21	\N	0	es	TextPlugin	2012-09-18 14:58:13.3803+00	0	1	2	28
5	6	\N	0	es	TextPlugin	2012-08-02 20:08:57.464+00	0	1	2	4
36	10	\N	0	en	TextPlugin	2012-08-03 19:59:29.814+00	0	1	2	29
6	10	\N	0	es	TextPlugin	2012-08-03 19:59:29.814+00	0	1	2	5
37	14	8	\N	en	PicturePlugin	2012-09-20 17:26:41.329582+00	1	2	3	7
8	14	\N	0	en	TextPlugin	2012-08-30 15:06:38.79842+00	0	1	6	7
38	14	8	\N	en	PicturePlugin	2012-09-20 17:26:47.51401+00	1	4	5	7
7	13	\N	0	en	TextPlugin	2012-08-30 15:06:08.206493+00	0	1	2	6
31	21	\N	0	en	TextPlugin	2012-09-18 14:58:13.3803+00	0	1	4	24
39	21	31	\N	en	PicturePlugin	2012-09-21 10:56:41.265284+00	1	2	3	24
40	23	\N	0	en	TextPlugin	2012-10-04 17:19:57.717327+00	0	1	2	30
41	24	\N	0	en	TextPlugin	2012-10-04 17:20:23.57302+00	0	1	2	31
42	25	\N	0	en	TextPlugin	2012-10-04 17:28:17.771677+00	0	1	2	32
43	26	\N	0	en	TextPlugin	2012-10-04 17:42:36.638619+00	0	1	2	33
44	27	\N	0	en	TextPlugin	2012-10-04 17:42:51.36963+00	0	1	2	34
45	28	\N	0	en	TextPlugin	2012-10-04 17:43:45.425341+00	0	1	2	35
46	29	\N	0	en	TextPlugin	2012-10-04 17:43:56.456831+00	0	1	2	36
47	30	\N	0	en	TextPlugin	2012-10-04 17:44:10.477137+00	0	1	2	37
48	23	\N	0	es	TextPlugin	2012-10-04 17:47:37.368965+00	0	1	2	38
49	24	\N	0	es	TextPlugin	2012-10-04 17:49:18.036909+00	0	1	2	39
50	25	\N	0	es	TextPlugin	2012-10-04 17:49:32.339262+00	0	1	2	40
51	26	\N	0	es	TextPlugin	2012-10-04 17:50:29.553999+00	0	1	2	41
52	27	\N	0	es	TextPlugin	2012-10-04 17:50:43.239095+00	0	1	2	42
53	28	\N	0	es	TextPlugin	2012-10-04 17:51:01.287689+00	0	1	2	43
54	29	\N	0	es	TextPlugin	2012-10-04 17:51:20.779598+00	0	1	2	44
55	30	\N	0	es	TextPlugin	2012-10-04 17:51:37.767497+00	0	1	2	45
\.


--
-- Data for Name: cms_globalpagepermission; Type: TABLE DATA; Schema: public; Owner: -
--

COPY cms_globalpagepermission (id, user_id, group_id, can_change, can_add, can_delete, can_change_advanced_settings, can_publish, can_change_permissions, can_move_page, can_moderate, can_view, can_recover_page) FROM stdin;
\.


--
-- Data for Name: cms_globalpagepermission_sites; Type: TABLE DATA; Schema: public; Owner: -
--

COPY cms_globalpagepermission_sites (id, globalpagepermission_id, site_id) FROM stdin;
\.


--
-- Data for Name: cms_page; Type: TABLE DATA; Schema: public; Owner: -
--

COPY cms_page (id, created_by, changed_by, parent_id, creation_date, changed_date, publication_date, publication_end_date, in_navigation, soft_root, reverse_id, navigation_extenders, published, template, site_id, moderator_state, level, lft, rght, tree_id, login_required, limit_visibility_in_menu, publisher_is_draft, publisher_public_id, publisher_state) FROM stdin;
6	admin	admin	\N	2012-08-30 15:13:49.68771+00	2012-09-14 19:04:20.169826+00	2012-08-30 15:15:25.437958+00	\N	f	f	contacto		t	web/left-sidebar-contact.html	1	0	0	1	2	7	t	\N	t	\N	1
4	admin	admin	\N	2012-08-30 15:05:35.017062+00	2012-09-17 19:38:57.125662+00	2012-08-30 15:07:15.374302+00	\N	f	f	lista-apps		t	web/left-sidebar-apps-list.html	1	0	0	1	2	5	t	\N	t	\N	1
5	admin	admin	\N	2012-08-30 15:10:19.27231+00	2012-09-17 19:41:21.381672+00	2012-08-30 15:12:43.012471+00	\N	f	f	quienes-somos		t	web/left-sidebar-who-we-are.html	1	0	0	1	2	6	t	\N	t	\N	1
8	admin	admin	\N	2012-09-18 14:58:03.430484+00	2012-09-19 16:15:09.780671+00	2012-09-19 09:18:54.271032+00	\N	f	f	app-details		t	web/app-details.html	1	0	0	1	2	9	f	\N	t	\N	1
2	admin	admin	\N	2012-08-02 20:08:24.833+00	2012-09-20 17:25:26.076142+00	2012-08-02 20:10:10.05+00	\N	f	f	metodo		t	web/left-sidebar-method-infantium.html	1	0	0	1	2	4	t	\N	t	\N	1
7	admin	admin	\N	2012-08-30 15:16:11.960697+00	2012-09-30 07:05:53.566554+00	2012-08-30 15:21:47.279686+00	\N	f	f	terminos-uso		t	web/left-sidebar-terms.html	1	0	0	1	2	8	f	\N	t	\N	1
3	admin	admin	\N	2012-08-03 21:10:03.815+00	2012-10-04 17:53:19.099895+00	2012-08-03 21:10:09.24+00	\N	f	f	index		t	web/index.html	1	0	0	1	2	3	f	\N	t	\N	1
\.


--
-- Data for Name: cms_page_placeholders; Type: TABLE DATA; Schema: public; Owner: -
--

COPY cms_page_placeholders (id, page_id, placeholder_id) FROM stdin;
3	3	11
4	3	12
7	2	9
8	2	8
9	2	6
10	2	7
11	2	10
12	4	13
13	4	14
14	5	15
15	5	16
16	6	17
17	6	18
18	7	19
19	7	20
20	8	21
21	8	22
22	3	23
23	3	24
24	3	25
25	3	26
26	3	27
27	3	28
28	3	29
29	3	30
\.


--
-- Data for Name: cms_pagemoderator; Type: TABLE DATA; Schema: public; Owner: -
--

COPY cms_pagemoderator (id, page_id, user_id, moderate_page, moderate_children, moderate_descendants) FROM stdin;
\.


--
-- Data for Name: cms_pagemoderatorstate; Type: TABLE DATA; Schema: public; Owner: -
--

COPY cms_pagemoderatorstate (id, page_id, user_id, created, action, message) FROM stdin;
\.


--
-- Data for Name: cms_pagepermission; Type: TABLE DATA; Schema: public; Owner: -
--

COPY cms_pagepermission (id, user_id, group_id, can_change, can_add, can_delete, can_change_advanced_settings, can_publish, can_change_permissions, can_move_page, can_moderate, can_view, grant_on, page_id) FROM stdin;
\.


--
-- Data for Name: cms_pageuser; Type: TABLE DATA; Schema: public; Owner: -
--

COPY cms_pageuser (user_ptr_id, created_by_id) FROM stdin;
\.


--
-- Data for Name: cms_pageusergroup; Type: TABLE DATA; Schema: public; Owner: -
--

COPY cms_pageusergroup (group_ptr_id, created_by_id) FROM stdin;
\.


--
-- Data for Name: cms_placeholder; Type: TABLE DATA; Schema: public; Owner: -
--

COPY cms_placeholder (id, slot, default_width) FROM stdin;
6	content	\N
7	spotlight1	\N
8	spotlight2	\N
9	spotlight3	\N
10	spotlight	\N
11	content	\N
12	spotlight	\N
1	content	\N
2	spotlight	\N
3	content	\N
4	spotlight	\N
13	content	\N
14	spotlight	\N
15	content	\N
16	spotlight	\N
17	content	\N
18	spotlight	\N
19	content	\N
20	spotlight	\N
21	content	\N
22	spotlight	\N
23	cta_text_main	\N
24	pitch1	\N
25	spotlight1	\N
26	spotlight2	\N
27	spotlight3	\N
28	pitch2	\N
29	big_section1	\N
30	big_section2	\N
\.


--
-- Data for Name: cms_title; Type: TABLE DATA; Schema: public; Owner: -
--

COPY cms_title (id, language, title, menu_title, slug, path, has_url_overwrite, application_urls, redirect, meta_description, meta_keywords, page_title, page_id, creation_date) FROM stdin;
7	es	Quines Somos		quienes-somos	quienes-somos	f						5	2012-08-30 15:10:19.544971+00
10	en	Contacto		contacto	contacto	f						6	2012-08-30 15:15:25.580843+00
6	en	Infantium Apps		infantium-apps	infantium-apps	f			adaptive learning gaming platform for kids aged 0-6 years old	gamification, serious games, childhood education 	Aplicaciones de Infantium	4	2012-08-30 15:07:15.966891+00
9	es	Contacto		contacto	contacto	f						6	2012-08-30 15:13:49.862955+00
11	es	Trminos de Uso		terminos-uso	terminos-uso	f			poltica de privacidad y de contratacin de www.infantium.com y Las aventuras de Rufi	poltica de privacidad, nios, sitio web, aplicacin	Poltica de privacidad 	7	2012-08-30 15:16:12.16455+00
5	es	Infantium Apps		infantium-apps	infantium-apps	f						4	2012-08-30 15:05:35.217593+00
8	en	The Team		the-team	the-team	f						5	2012-08-30 15:12:43.159635+00
14	es	Las a aventuras de Rufi		las-aventuras-de-rufi	las-aventuras-de-rufi	f						8	2012-09-19 09:14:23.468581+00
13	en	Rufi Adventures		rufi-adventures	rufi-adventures	f						8	2012-09-18 14:58:03.811359+00
2	en	Infantium Method		infantium-method	metodo-infantium	t					Aplicaciones de Infantium	2	2012-08-02 20:08:25.001+00
4	es	Mtodo Infantium		metodo-infantium	metodo-infantium	f						2	2012-08-21 22:59:33.046+00
12	en	Trminos de Uso		terminos-uso	terminos-uso	f			privacy policy (www.infantium.com and Rufi Adventures) 	kids privacy policy,	Terms and conditions	7	2012-08-30 15:21:47.440981+00
3	en	Home		home		f	MyApphook		The Infantium's adaptive learning apps technology personalizes the education of every individual child.	adaptive learning, education, children, apps	Infantium Adaptive Learning Apps	3	2012-08-03 21:10:03.931+00
15	es	Inicio		inicio		f			La tecnologa adaptativa de Infantium personaliza la educacin de cada nio individualmente.	tecnologa adaptativa, apps, educacin, primaria	Infantium Apps de Aprendizaje Adaptativo	3	2012-09-30 04:13:40.293586+00
\.


--
-- Data for Name: cmsplugin_file; Type: TABLE DATA; Schema: public; Owner: -
--

COPY cmsplugin_file (cmsplugin_ptr_id, file, title) FROM stdin;
\.


--
-- Data for Name: cmsplugin_link; Type: TABLE DATA; Schema: public; Owner: -
--

COPY cmsplugin_link (cmsplugin_ptr_id, name, url, page_link_id, mailto) FROM stdin;
\.


--
-- Data for Name: cmsplugin_picture; Type: TABLE DATA; Schema: public; Owner: -
--

COPY cmsplugin_picture (cmsplugin_ptr_id, image, url, page_link_id, alt, longdesc, "float") FROM stdin;
\.


--
-- Data for Name: cmsplugin_text; Type: TABLE DATA; Schema: public; Owner: -
--

COPY cmsplugin_text (cmsplugin_ptr_id, body) FROM stdin;
14	<h1>Quienes somos</h1>\n\t\t\t<p>Ut lacinia interdum lacus lobortis cursus. Aliquam erat volutpat. Sed molestie facilisis massa, quis vestibulum libero sagittis at. Sed metus urna, fringilla ac porta et, rhoncus pulvinar lorem.</p>\n\n\t\t\t<article>\n\t\t\t\t\t<h2>Nombre Appellidos</h2>\n\t\t\t\t\t<p>In eget dui neque. Vivamus et odio orci. Ut nec elit lacus. Morbi non magna orci. Mauris at eros non felis dignissim aliquam id ac tellus. Cras purus odio, pretium eu ornare et, fermentum non ipsum. Nam consectetur ligula eget mi scelerisque pulvinar. Duis feugiat mauris sit amet enim fringilla gravida. Mauris at sem vitae justo malesuada consectetur a ut nibh.</p>\n\t\t\t\t</article><article>\n\t\t\t\t\t<h2>Nombre Appellidos</h2>\n\t\t\t\t\t<p>In eget dui neque. Vivamus et odio orci. Ut nec elit lacus. Morbi non magna orci. Mauris at eros non felis dignissim aliquam id ac tellus. Cras purus odio, pretium eu ornare et, fermentum non ipsum. Nam consectetur ligula eget mi scelerisque pulvinar. Duis feugiat mauris sit amet enim fringilla gravida. Mauris at sem vitae justo malesuada consectetur a ut nibh.</p>\n\t\t\t\t</article><article>\n\t\t\t\t\t<h2>Nombre Appellidos</h2>\n\t\t\t\t\t<p>In eget dui neque. Vivamus et odio orci. Ut nec elit lacus. Morbi non magna orci. Mauris at eros non felis dignissim aliquam id ac tellus. Cras purus odio, pretium eu ornare et, fermentum non ipsum. Nam consectetur ligula eget mi scelerisque pulvinar. Duis feugiat mauris sit amet enim fringilla gravida. Mauris at sem vitae justo malesuada consectetur a ut nibh.</p>\n\t\t\t\t</article>\t\t\t\n\t\t\t<article>\n\t\t\t\t<h2>Contacto</h2>\n\t\t\t\t<p>In eget dui neque. Vivamus et odio orci. Ut nec elit lacus. Morbi non magna orci. Mauris at eros non felis dignissim aliquam id ac tellus. Cras purus odio, pretium eu ornare et, fermentum non ipsum. <a href="contacto.php">Nam consectetur ligul</a>.</p>\n\t\t\t</article>\n\t\t
8	<h2>Rufi Adventures</h2><article>\n\t\t\t\t<a href="app-details.php"><img src="/static/img/games/spotlight-games-01.jpg" class="thumb"/></a>\n\t\t\t\t<h3><a href="app-details.php">Meet the characters</a></h3>\n\t\t\t\t<p>Nulla facilisi. Nullam id nibh vel velit laoreet ultricies. Morbi laoreet gravi gravida magna in mollis. Duis dictum feugiat odio lorem facta. <a href="app-details.php">Leer mas sobre [Nombre del juego]</a>.</p>\n\t\t\t</article><article>\n\t\t\t\t<a href="app-details.php"><img src="/static/img/games/spotlight-games-02.jpg" class="thumb"/></a>\n\t\t\t\t<h3><a href="app-details.php">Nombre del juego</a></h3>\n\t\t\t\t<p>Nulla facilisi. Nullam id nibh vel velit laoreet ultricies. Morbi laoreet gravi gravida magna in mollis. Duis dictum feugiat odio lorem facta. <a href="app-details.php">Leer mas sobre [Nombre del juego]</a>.</p>\n\t\t\t</article><article>\n\t\t\t\t<a href="app-details.php"><img src="/static/img/games/spotlight-games-03.jpg" class="thumb"/></a>\n\t\t\t\t<h3><a href="app-details.php">Nombre del juego</a></h3>\n\t\t\t\t<p>Nulla facilisi. Nullam id nibh vel velit laoreet ultricies. Morbi laoreet gravi gravida magna in mollis. Duis dictum feugiat odio lorem facta. <a href="app-details.php">Leer mas sobre [Nombre del juego]</a>.</p>\n\t\t\t</article>
15	<h2><a href="metodo-infantium.php">Metodo Infantium</a></h2>\n\t\t\t<article>\n\t\t\t\t<h3><a href="metodo-infantium.php#logica">Logica</a></h3>\n\t\t\t\t<p>Nulla facilisi. Nullam id nibh vel velit laoreet ultricies. Morbi laoreet gravi gravida magna in mollis. Duis dictum feugiat odio lorem facta. <a href="metodo-infantium.php#logica">Leer mas sobre logica.</a></p>\n\t\t\t</article>\n\t\t\t<article>\n\t\t\t\t<h3><a href="metodo-infantium.php#representacion-mental">Representacion mental</a></h3>\n\t\t\t\t<p>Nulla facilisi. Nullam id nibh vel velit laoreet ultricies. Morbi laoreet gravi gravida magna in mollis. Duis dictum feugiat odio lorem facta. <a href="metodo-infantium.php#representacion-mental">Leer mas sobre representacion mental.</a></p>\n\t\t\t</article>\n\t\t\t<article>\n\t\t\t\t<h3><a href="metodo-infantium.php#lenguaje">Lenguaje</a></h3>\n\t\t\t\t<p>Nulla facilisi. Nullam id nibh vel velit laoreet ultricies. Morbi laoreet gravi gravida magna in mollis. Duis dictum feugiat odio lorem facta. <a href="metodo-infantium.php#lenguaje">Leer mas sobre lenguaje.</a></p>\n\t\t\t</article>
5	<h1>Metodo Infantium</h1>\n\t\t\t<h2>Los\nnios son el recurso ms importante del mundo y la mejor esperanza para el\nfuturo.</h2>\n\n<h3>John Fitzgerald Kennedy<em>(1917-1963)\nPoltico estadounidense.</em></h3><p>Son muchos los estudios que\nmuestran el impacto que tienen los primeros aos de vida en el desarrollo\ncognitivo de las personas, incluyendo el desarrollo de la inteligencia, de la\npersonalidad y del comportamiento social en aos posteriores.</p>\n\n<p>En infantium creemos que es\nnecesario fortalecer el aprendizaje del nio desde los primeros aos, para que\nstos puedan optimizar y acelerar la\nadquisicin de habilidades que sern claves no slo en etapa escolar posterior,\nsino en un mundo cada vez ms complejo, y que requiere de nuevas competencias\nms all de las que proporciona la enseanza tradicional. </p>\n\n<p>Infantium es una plataforma de\ndesarrollo cognitivo para nios de 0-6 aos que permite estimular la\nadquisicin de competencias en las reas de lgica, pensamiento simblico y\nlenguajes al ritmo y velocidad que cada nio necesita, reforzando la\ninteraccin con los padres y el aprendizaje en centros de educacin infantil. </p>\n\n<p>Los tres pilares esenciales de esta\nplataforma son:</p>\n\t\t\t<article>\n\t\t\t\t<h2>Tecnologa Adaptativa de Aprendizaje</h2>\n\n\t\t\t\t<h3><img src="http://placehold.it/100x100" class="al"/><strong>Qu s?</strong></h3>\n\n<p>El aprendizaje adaptativo se basa en el uso de dispositivos\nelectrnicos (ordenadores, tablets, etc.) como dispositivo interactivo de enseanza, para adaptar los contenidos a las necesidades\nconcretas de cada persona. Se trata de\nuna tecnologa que incorpora aspectos derivados de diversas disciplinas como <em>big data</em>, ingeniera informtica, psicologa o\npedagoga. </p>\n\n<p>La plataforma de aprendizaje adaptativo de Infantium tiene\ncomo objetivo transformar al nio en impulsor de su propio proceso de\naprendizaje y desarrollo cognitivo, y que sea no un simple receptor de\ncontenidos digitales. Para ello:</p>\n\n<p class="MsoListParagraphCxSpFirst">-\nEl sistema analiza datos relativos a las\nestrategias de resolucin que cada nio emplea en la resolucin de actividades\n( interaccin con elementos visuales y sonoros, errores, tiempos de ejecucin, mecanismos\nde discriminacin lgica, etc.) Para determinar diferentes itinerarios o rutas\nde aprendizaje adaptadas al nivel particular</p>\n\n<p class="MsoListParagraphCxSpMiddle">-\nGracias al anlisis de datos, el sistema\nindividualiza el proceso de aprendizaje adaptndose al nivel, ritmo y necesidad\nde cada nio, obteniendo informacin en tiempo real sobre su rendimiento. </p>\n\n<p class="MsoListParagraphCxSpMiddle">-\nLa plataforma evala destrezas, habilidades y flaquezas del nio, y analiza que procesos\ny mecanismos hay implcitos en las estrategias y respuestas de los nios, para\nconocer cuales son los elementos lgico-representativos que se producen durante\nlos primeros aos de vida y que son los precursores del desarrollo representativo\ndel segundo ao, indispensables para el pensamiento operativo posterior</p>\n\n<p class="MsoListParagraphCxSpMiddle">-\nEn funcin de este anlisis, el sistema crea un\nplan adaptivo de juegos no slo dentro del juegos, sino de recomendacin\nposterior de actividades para as lograr un mejor desarrollo cognitivo, basndose\nen el historial del nio.</p>\n\n<p class="MsoListParagraphCxSpLast">-\nFinalizada la actividad, los padres (o\nprofesores) pueden acceder a un report de rendimiento y evolucin del nio.</p>\n\t\t\t</article>\n\n\t\t\t<article>\n\t\t\t\t<h2>Evaluacin acorde con las Inteligencias Mltiples (IM)</h2>\n\t\t\t\t<p><img src="http://placehold.it/100x100" class="ar"/>IQuien es ms inteligente Einstein o Messi? Ghandi, Picasso, Garca\nMrquez, Mozart? En realidad, todos\nellos poseen inteligencias extraordinarias que pertenecen a campos diferentes tal\ny como explica la teora de las Inteligencias Mltiples (IM), formulada por Howard\nGardner (psiclogo y profesor de neurociencia en Harvard) en 1983. La teora\nparte de la base de que la inteligencia no es un bloque unitario, sino una\ninterrelacin de diferentes capacidades y destrezas correspondientes a un\nconjunto de IM distintas e independientes que pueden actuar juntas, o por\nseparado. Es decir, Einstein no es ms ni menos inteligente que Michael Jordan,\nsimplemente sus inteligencias pertenecen a campos diferentes.</p>\n\n<p>La teora supone un punto de inflexin para los sistemas\neducativos, ya que la inteligencia siempre se ha considerado algo innato e\ninamovible. Es decir: se naca inteligente o no, y la educacin no poda\ncambiar ese hecho. </p>\n\n<p>Son ocho las inteligencias que se proponen:\nlgico-matemtica, lingstico-verbal, corporal-kinestsica, espacial, musical,\ninterpersonal, intrapersonal y naturalista. Precisamente Gadner critica que todas\nlas inteligencias son igualmente importantes y el problema sera que el sistema\nescolar vigente no las trata por igual, sino que prioriza las dos primeras (la\ninteligencia lgico -matemtica y la inteligencia lingstica). </p>\n\n<p>La plataforma de Infantium se basa en esta premisa y\nclasificacin para realizar tanto el anlisis de datos individual de cada nio\n(detectar cuales son las destrezas, capacidades o inteligencias en cada nio)\npara definir cual es la forma de\naprendizaje necesario para estimular el resto de habilidades, potenciando la\nmxima expresin de las mismas con los contenidos adecuados en la forma adecuada.\nTodo esto mediante la incorporacin de actividades relativas a:</p>\n\n<p class="MsoListParagraphCxSpFirst">-\nLingstica: en relacin a la capacidad de comprensin\ny expresiva </p>\n\n<p class="MsoListParagraphCxSpMiddle">-\nLgica-Matemtica: capacidad de analizar\nproblemas de forma lgica, operaciones matemticas (infantil) </p>\n\n<p class="MsoListParagraphCxSpMiddle">-\nMusical: detectar y crear patrones musicales, reconocimiento\nde ritmos y tonos (analizada de formal paralela con la lingstica). </p>\n\n<p class="MsoListParagraphCxSpMiddle">-\nEspacial: comprensin de crear imgenes\nmentales, visualizacin, pensamiento y razonamiento simblico </p>\n\n<p class="MsoListParagraphCxSpMiddle">-\nCorporal-Cintica: Consiste en la capacidad para\nrealizar actividades que requieren fuerza, rapidez, flexibilidad, coordinacin\nculo-manual y equilibrio. Tambin se incluyen trabajos manuales o expresin\ncorporal.</p>\n\n<p class="MsoListParagraphCxSpMiddle">-\nNaturalista: capacidades de observacin e\nidentificacin del mundo natural </p>\n\n<p class="MsoListParagraphCxSpLast">La evaluacin que realiza infantium -y que ofrece\nreports sobre la evolucin -permite que\ntanto padres como profesores puedan obtener ms informacin sobre las capacidades\nde los ms pequeos. Infantium responde a la\nnecesidad imperante de cambiar modelos educativos basados simplemente en\nlas habilidades lingsticas y matemticas, complementndolo con el desarrollo\nde conocimientos ligados a otras reas que permiten un desarrollo cognitivo\ncompleto gracias a un anlisis global y agregado de datos.</p></article>\n\n\t\t\t<article>\n\t\t\t\t<h2>Aprendizaje Basado en Juegos (GBL) y Gamificacin</h2>\n\t\t\t\t<h2>Los\njuegos infantiles no son tales juegos, sino sus ms serias actividades.</h2>\n\n<h3>Michel Eyquem de Montaigne<em>(1533-1592)\nEscritor y filsofo francs.</em></h3><p>El Homo\nLudens (el hombre que juega) fue un trmino acuado por Johan Hizinga, uno de\nlos primeros en reconocer en el juego uno de los rasgos ms caractersticos de\nla humanidad. El juego se encuentra en las races del desarrollo cognitivo,\npsicolgico, social, adems de uno de los instrumentos para la construccin del\nconocimiento, para aprender a crear y utilizar smbolos. </p>\n\n<p>Los\nnios crecen jugando, lo que determina muchos de los procesos del desarrollo infantil: fsico, sensorial y psicomotor, afectivo y\nemocional, desarrollo cognitivo, al descubrimiento de la realidad, la\nadquisicin del lenguaje, la estimulacin de la imaginacin y la creatividad, la\ntoma de conciencia de si mismo y la construccin de la propia identidad\npersonal. </p>\n\n<p>De ah la\nimportancia que ha tomado en los ltimos aos dos conceptos: el Aprendizaje\nBasado en Juegos (o Game-Based Learning) y la gamificacin de la enseanza sea\nuno de los principales drivers en el cambio de paradigma educativo. El objetivo\nes crear experiencias significativas de aprendizaje utilizando mecnicas\nde juego para hacer del aprendizaje una experiencia divertida, interactiva y motivante,\ncapaz de involucrar al nio ms all de mecanismos tradicionales.</p>\n\n<p>Esto se produce de forma natural\ndurante la fase de educacin infantil, ya que es a partir del juego cuando los\nnios empiezan a adquirir nociones matemticas, favorecer el uso del lenguaje, etc.\nEn Infantium queremos trabajar muy bien estos conceptos. Por eso, investigamos\njunto a La Universidad Autnoma de Barcelona y La Universidad Politcnica de\nCatalunya sobre como introducir las mejores mecnicas de juego en cada una de\nlas actividades y as incrementar la concentracin, motivacin, pensamiento\ncrtico y toma de decisiones de los ms pequeos, usando un entorno de aprendizaje\nque favorece la adquisicin de habilidades esenciales durante el proceso de desarrollo\ncognitivo y social de los nios.</p>\n\n<p>En el mbito cognitivo las tcnicas\nde gamificacin y GBL permite la adquisicin de habilidades relativa a la resolucin\nde problemas: los nios deben completar\nde forma progresiva y adaptativa secuencias de acciones que cubren reas como\nmatemticas (lgica), lenguajes\n(musical, oral, etc.), o espacialidad,\npremiando con la consecucin de niveles cada vez ms complicados, y\nproporcionando motivacin constante a travs de correctos estmulos. </p>\n\n<p>Se trata de canalizar a travs del\nsistema adaptativo y la correcta estimulacin el entusiasmo natural que los\nnios muestran durante cualquier tipo de juego, ya sea digital o tradicional. </p>\n\nEn relacin al desarrollo social, psiclogos e\ninvestigadores destacan que el juego puede servir como representacin\nsocio-dramtica, es decir, los nios asumen personalidades diferentes dentro\nde un entorno de juego que les permite adquirir diferentes identidades,\nfortalezas y debilidade.\n\t\t\t</article>
16	<h1>Quienes somos</h1>\n\t\t\t<p>Ut lacinia interdum lacus lobortis cursus. Aliquam erat volutpat. Sed molestie facilisis massa, quis vestibulum libero sagittis at. Sed metus urna, fringilla ac porta et, rhoncus pulvinar lorem.</p>\n\n\t\t\t<article>\n\t\t\t\t\t<h2>Nombre Appellidos</h2>\n\t\t\t\t\t<p>In eget dui neque. Vivamus et odio orci. Ut nec elit lacus. Morbi non magna orci. Mauris at eros non felis dignissim aliquam id ac tellus. Cras purus odio, pretium eu ornare et, fermentum non ipsum. Nam consectetur ligula eget mi scelerisque pulvinar. Duis feugiat mauris sit amet enim fringilla gravida. Mauris at sem vitae justo malesuada consectetur a ut nibh.</p>\n\t\t\t\t</article><article>\n\t\t\t\t\t<h2>Nombre Appellidos</h2>\n\t\t\t\t\t<p>In eget dui neque. Vivamus et odio orci. Ut nec elit lacus. Morbi non magna orci. Mauris at eros non felis dignissim aliquam id ac tellus. Cras purus odio, pretium eu ornare et, fermentum non ipsum. Nam consectetur ligula eget mi scelerisque pulvinar. Duis feugiat mauris sit amet enim fringilla gravida. Mauris at sem vitae justo malesuada consectetur a ut nibh.</p>\n\t\t\t\t</article><article>\n\t\t\t\t\t<h2>Nombre Appellidos</h2>\n\t\t\t\t\t<p>In eget dui neque. Vivamus et odio orci. Ut nec elit lacus. Morbi non magna orci. Mauris at eros non felis dignissim aliquam id ac tellus. Cras purus odio, pretium eu ornare et, fermentum non ipsum. Nam consectetur ligula eget mi scelerisque pulvinar. Duis feugiat mauris sit amet enim fringilla gravida. Mauris at sem vitae justo malesuada consectetur a ut nibh.</p>\n\t\t\t\t</article>\t\t\t\n\t\t\t<article>\n\t\t\t\t<h2>Contacto</h2>\n\t\t\t\t<p>In eget dui neque. Vivamus et odio orci. Ut nec elit lacus. Morbi non magna orci. Mauris at eros non felis dignissim aliquam id ac tellus. Cras purus odio, pretium eu ornare et, fermentum non ipsum. <a href="contacto.php">Nam consectetur ligul</a>.</p>\n\t\t\t</article>\n\t\t
17	<h2><a href="metodo-infantium.php">Metodo Infantium</a></h2>\n\t\t\t<article>\n\t\t\t\t<h3><a href="metodo-infantium.php#logica">Logica</a></h3>\n\t\t\t\t<p>Nulla facilisi. Nullam id nibh vel velit laoreet ultricies. Morbi laoreet gravi gravida magna in mollis. Duis dictum feugiat odio lorem facta. <a href="metodo-infantium.php#logica">Leer mas sobre logica.</a></p>\n\t\t\t</article>\n\t\t\t<article>\n\t\t\t\t<h3><a href="metodo-infantium.php#representacion-mental">Representacion mental</a></h3>\n\t\t\t\t<p>Nulla facilisi. Nullam id nibh vel velit laoreet ultricies. Morbi laoreet gravi gravida magna in mollis. Duis dictum feugiat odio lorem facta. <a href="metodo-infantium.php#representacion-mental">Leer mas sobre representacion mental.</a></p>\n\t\t\t</article>\n\t\t\t<article>\n\t\t\t\t<h3><a href="metodo-infantium.php#lenguaje">Lenguaje</a></h3>\n\t\t\t\t<p>Nulla facilisi. Nullam id nibh vel velit laoreet ultricies. Morbi laoreet gravi gravida magna in mollis. Duis dictum feugiat odio lorem facta. <a href="metodo-infantium.php#lenguaje">Leer mas sobre lenguaje.</a></p>\n\t\t\t</article>
30	<h1>Contacto</h1>\n\t<form action="form_action.php" method="post" class="large-form">\n\t\t\t<fieldset>\n\t\t\t<ul>\n\t\t\t\t<li class="input-container">\n\t\t\t\t\t<label class="ir" for="email">Email</label>\n\t\t\t\t\t<input id="email" class="text"/>\n\t\t\t\t\t<span class="form-error">Email incorrecto</span>\n\t\t\t\t</li>\n\t\t\t\t<li class="input-container">\n\t\t\t\t\t<label class="ir" for="message">Mensaje</label>\n\t\t<textarea id="message" rows="8" cols="20" class="textarea"/>\n\t\t\t\t\t<span class="form-error">Introducir un mensaje</span>\n\t\t\t\t</li>\n\t\t\t\t<li class="btn-container">\n\t\t\t\t\t<input type="submit" class="btn btn-blue" value="Envia"/>\n\t\t\t\t</li>\n\t\t\t</ul>\n\t\t</fieldset>\n\t</form>\n\n
22	<h1>Contacto</h1>\n\t\t\n\t\t\t<form action="form_action.php" method="post" class="large-form">\n\t\t\t\t<fieldset>\n\t\t\t\t\t<ul>\n\t\t\t\t\t\t<li class="input-container">\n\t\t\t\t\t\t\t<label class="ir" for="email">Email</label>\n\t\t\t\t\t\t\t<input id="email" class="text"/>\n\t\t\t\t\t\t\t<span class="form-error">Email incorrecto</span>\n\t\t\t\t\t\t</li>\n\t\t\t\t\t\t<li class="input-container">\n\t\t\t\t\t\t\t<label class="ir" for="message">Mensaje</label>\n\t\t\t\t\t\t\t<textarea id="message" rows="8" cols="20" class="textarea"/>\n\t\t\t\t\t\t\t<span class="form-error">Introducir un mensaje</span>\n\t\t\t\t\t\t</li>\n\t\t\t\t\t\t<li class="btn-container">\n\t\t\t\t\t\t\t<input type="submit" class="btn btn-blue" value="Envia"/>\n\t\t\t\t\t\t</li>\n\t\t\t\t\t</ul>\n\t\t\t\t</fieldset>\n\t\t\t</form>\n\t\t\n\t\t\t\t\t<ul class="social-buttons">\n\t\t\t<li>\n\t\t\t\t<a href="https://twitter.com/share" class="twitter-share-button">Tweet</a>\n\t\t\t    \n\t\t\t</li>\n\t\t\t<li>\n\t\t\t\t<a href="http://pinterest.com/pin/create/button/?url=http%3A%2F%2FmyUrl&amp;media=http%3A%2F%2FmyImage&amp;description=sef" class="pin-it-button"><img src="//assets.pinterest.com/images/PinExt.png" title="Pin It"/></a>\n\t\t\t</li>\n\t\t\t<li>\n\t\t\t\t<div class="fb-like"/>\n\t\t\t</li>\n\t\t</ul>
21	<h2><a href="metodo-infantium.php">Infantium Method</a></h2>\n\t\t\t<article>\n\t\t\t\t<h3>Adaptive Learning</h3>\n\t\t\t\t<p>Adaptive learning gaming technology that ensures cognitive development. It responds to each child's individual performance and pace, delivering personalized learning thorugh multiple paths. <a href="metodo-infantium.php#logica">Read more</a></p>\n\t\t\t</article>\n\t\t\t<article>\n\t\t\t\t<h3>Multiple Intelligences</h3>\n\t\t\t\t<p>Learning occurs by stimulating the children's different intelligences, giving the motivation to learn in the ways that they learn best: spatial, linguistic, mathematic, musical, bodily. <a href="metodo-infantium.php#representacion-mental">Read More</a></p>\n\t\t\t</article>\n\t\t\t<article>\n\t\t\t\t<h3>Gamified Game-based learning</h3>\n\t\t\t\t<p>Transformation for Early learners will come from positive encouragement, right motivation, rewards and parent engagement. We engage children providing the best educational opportunities.<a href="metodo-infantium.php#lenguaje">Read More</a></p>\n\t\t\t</article>
20	<h1>Terms and conditions www.infantium.com and Rufi Adventures</h1>\n\t\t\t<p>Thisprivacypolicycovers all of the infantium sites (www.infantium.com site and Rufi Adventures apps). Please read this statement carefully before using or proceeding to access both sites. Your use indicates you have read and understood thisprivacypolicyand indicates your agreement to abide by the Terms of Use in effect</p>\n\t\t\t<p><strong>1. We collect but we don't link personal and activity data</strong></p><p>We use technologies like cookies (small files stored by your browser), web beacons, or unique device identifiers to anonymously identify your computer or device so we can deliver a better experience. Our systems also log information like your browser, operating system and IP address.</p><p>We also may collect personally identifiable information that you provide to us, such as your name, address, phone number or email address. With your permission, we may also access other personal information on your device, such as your phone book, calendar or messages, in order to provide services to you. If authorized by you, we may also access profile and other information from services like Facebook.<br/><br/>Our systems are not designed to associate personal information with your activities (such as pages you view or things you click on or search for).<br/><br/>We do not knowingly contact or collect personal information from children under 13. If you believe we have inadvertently collected such information, please contact us so we can promptly obtain parental consent or remove the information.</p><p><strong>2. We do not store or share your precise location:</strong>We do not use or collect your precise geographic location.</p><p><strong>3. You can request to see or delete your personal data:</strong></p><p>You can sign into your account to see or delete any personally identifiable information we have stored, such as your name, address, email or phone number. You can also contact us by email to request to see or delete this information.</p><p><strong>4.We keep personal data until you delete it.</strong></p><p>We remove personally identifiable information (such as your name, address, email or phone number) and other preferences associated with your account promptly after you delete your account. We may retain other data indefinitely.</p><p><strong>5.We may share personal data with companies we trust.</strong></p><p>We may share personally identifiable information (such as name, address, email or phone) with trusted partners in order to provide you with relevant advertising, offers or services.<br/><br/>We may share personally identifiable information (such as name, address, email or phone) with trusted partners in order to provide you with relevant advertising, offers or services.</p><p><strong>6.No ad companies collect data through our service.</strong></p><p>We do not allow advertising companies to collect data through our service for ad targeting.</p><p><strong>7.You can ask privacy questions or opt-out of marketing.</strong></p><p>If you have any questions or concerns about our privacy policies, please contact us:<br/>hello@infantium.com, or Avda. Gran Via de l'hospitalet 16-20, 2planta. 08902 Hospitalet (Barcelona, Spain)<br/><br/>If you have given us contact information but do not want us to contact you with promotional or marketing information, you can opt-out here:hello@infantium.com<br/>Please allow sufficient time for us to process your request.</p><p><strong>8.Analytics providers access data on our behalf.</strong></p><p>Analytics companies may access anonymous data (such as your IP address or device ID) to help us understand how our services are used. They use this data solely on our behalf. They do not share it except in aggregate form; no data is shared as to any individual user. Click to see company privacy policies that govern their use of data.</p><p><strong>9.We take detailed steps to protect personal information.</strong></p><p>We take reasonable administrative, physical and electronic measures designed to safeguard and protect your information from unauthorized access or disclosure. This includes utilizing Secure Sockets Layer (SSL) software, which encrypts the personal information you input, and storing your information in encrypted form behind a firewall designed to block access from outside our network. However, no security or encryption method can be guaranteed to protect information from hackers or human error.<br style="font-family: Verdana, Arial, Helvetica, sans-serif; font-size: 10px;"/><br style="font-family: Verdana, Arial, Helvetica, sans-serif; font-size: 10px;"/>Information we collect may be stored or processed on computers located in any country where we do business.</p><p><strong>10.Special situations may require disclosure of your data.</strong></p><p>To operate the service, we also may make identifiable and anonymous information available to third parties in these limited circumstances: (1) with your express consent, (2) when we have a good faith belief it is required by law, (3) when we have a good faith belief it is necessary to protect our rights or property, or (4) to any successor or purchaser in a merger, acquisition, liquidation, dissolution or sale of assets. Your consent will not be required for disclosure in these cases, but we will attempt to notify you, to the extent permitted by law to do so.</p><p><strong>11. You can review more privacy-related information.</strong></p><p>This privacy policy was last updated on september, 14th 2012. Our privacy policy may change from time to time. If we make any material changes to our policies, we will place a prominent notice on our website or application. If the change materially affects registered users, we will send a notice to you by email, push notification or text.<br style="margin: 0px; padding: 0px; border: 0px;"/></p>\n\t\t\t
13	<h2>Rufi Adventures</h2><article>\n\t\t\t\t<a href="app-details.php"><img src="/static/img/games/spotlight-games-01.jpg" class="thumb"/></a>\n\t\t\t\t<h3><a href="app-details.php">Nombre del juego</a></h3>\n\t\t\t\t<p>Nulla facilisi. Nullam id nibh vel velit laoreet ultricies. Morbi laoreet gravi gravida magna in mollis. Duis dictum feugiat odio lorem facta. <a href="app-details.php">Leer mas sobre [Nombre del juego]</a>.</p>\n\t\t\t</article><article>\n\t\t\t\t<a href="app-details.php"><img src="/static/img/games/spotlight-games-02.jpg" class="thumb"/></a>\n\t\t\t\t<h3><a href="app-details.php">Nombre del juego</a></h3>\n\t\t\t\t<p>Nulla facilisi. Nullam id nibh vel velit laoreet ultricies. Morbi laoreet gravi gravida magna in mollis. Duis dictum feugiat odio lorem facta. <a href="app-details.php">Leer mas sobre [Nombre del juego]</a>.</p>\n\t\t\t</article><article>\n\t\t\t\t<a href="app-details.php"><img src="/static/img/games/spotlight-games-03.jpg" class="thumb"/></a>\n\t\t\t\t<h3><a href="app-details.php">Nombre del juego</a></h3>\n\t\t\t\t<p>Nulla facilisi. Nullam id nibh vel velit laoreet ultricies. Morbi laoreet gravi gravida magna in mollis. Duis dictum feugiat odio lorem facta. <a href="app-details.php">Leer mas sobre [Nombre del juego]</a>.</p>\n\t\t\t</article>
23	<p class="Standard"><strong>WWW.INFANTIUM.COM Y LAS AVENTURAS DE RUFI</strong></p>\n\n\n\n<h1><strong>Condiciones de Uso y Contratacin y poltica de privacidad</strong></h1>\n\t\t\t<p><strong>Fecha\nde publicacin: 14 de septiembre de 2012.</strong></p>\n\n<p class="Prrafodelista1"><strong>1. TITULARIDAD APLICACIN /\nTITULARIDAD DEL SITIO WEB.</strong></p>\n\n<p class="Prrafodelista1">La aplicacin Las aventuras de Rufi,\nen adelante la APLICACIN, es titularidad de la COMPAA INFANTIUM (en adelante INFANTIUM S.L. con domicilio en Vilanova i la Geltr,\nprovincia de Barcelona, en la calle Gaspar Aviny, nmero 23. C.P. 08.800</p>\n\n<p>INFANTIUM\nS.L. provista de CIF n B 65826349 e inscrita en el Registro Mercantil de\nBarcelona Datos registrales. T 43245 , F 114, S 8, H B 428870, I/A <a>1</a> </p>\n\n<p class="Prrafodelista1">DATOS DE CONTACTO</p>\n\n<p class="Prrafodelista1">hello@infantium.com</p><p class="Prrafodelista1">Telfono de\ncontacto: 902999343</p>\n\n<p class="Prrafodelista1"><strong>2.\nACEPTACIN CONDICIONES CONTRATACION.</strong></p>\n\n<p class="Standard">2.1 La aceptacin de\nlas presentes condiciones atribuye al aceptante la condicin de USUARIO de la\nAPLICACIN; la descarga, instalacin, ejecucin y/o el uso de la APLICACIN,\npor tanto, implica la aceptacin plena y sin reservas de todas y cada una de\nlas condiciones vigentes en el momento de la descarga de la APLICACIN.</p>\n\n<p class="Standard">2.2\nINFANTIUM S.L. se reserva el derecho de modificar estas condiciones de uso y\ncontratacin en cualquier momento, siendo obligacin del USUARIO revisar\nperidicamente las presentes condiciones y cumplir con las obligaciones\nestablecidas en la versin vigente en cada momento.</p>\n\n<p class="Standard"><strong>3. OBJETO.</strong></p>\n\n<p class="Standard">3.1. INFANTIUM S.L.\npone a disposicin de los USUARIOS la\ndescarga, instalacin, ejecucin y uso de la APLICACIN en su sitio web <a href="http://www.infantium.com/">www.infantium.com</a>, as como en el marketplace de Windows 8\n(Metro AppStore), Android Market y\nAppStore de Apple as como todos aquellos marketplace que en el futuro\nINFANTIUM S.L. decida para su comercializacin.</p>\n\n<p>3.2. La APLICACIN forma\nparte de una plataforma de juegos <strong>para dispositivos\ntctiles para nios de 0-6 aos, que\npermite estimular las habilidades cognitivas en las reas de pensamiento matemtico,\npensamiento simblico y lenguajes.</strong>Se trata de\nun plan adaptativo de juegos que permite individualizar el aprendizaje mediante\nla explotacin inteligente de datos. </p>\n\n<p class="Standard">3.3 El USUARIO para hacer uso de la\nAPLICACIN deber, si fuere necesario, cumplimentar el formulario de registro al\nefecto y aceptar las condiciones de uso y contratacin y la poltica de\nprivacidad previstas por INFANTIUM S.L..</p>\n\n<p class="Standard"><strong>4. EDAD</strong></p>\n\n<p class="Standard">4.1. La descarga de la\nAPLICACIN est dirigida a mayores de DIECIOCHO (18) aos o menores de edad\nbajo supervisin de un adulto. </p>\n\n<p class="Standard">4.2 El uso de la APLICACIN, dada la naturaleza de la misma esta dirigido a menores de edad, si bien este\nuso debe estar autorizado y tutorizado por los padres o representantes legales\nde los menores. INFANTIUM S.L. se exonera de cualquier responsabilidad por el\nuso no autorizado que realicen los menores.</p>\n\n<p class="Standard">4.2.\nSi es menor de DIECIOCHO AOS (18) la descarga y uso de la APLICACIN deber\nrealizarse con la autorizacin y supervisin de los padres o representantes\nlegales del menor.</p>\n\n<p class="Standard"><strong>5.\nCONDICIONES DE USO DE LA APLICACIN.</strong></p>\n\n<p class="Standard">5.1.\nSe entiende por USUARIO, aquel padre o representante legal del menor que\ndescarga la APLICACIN y cede el uso de la APLICAICON, bajo su supervisin, al\nmenor de edad, aceptando las condiciones de uso y contratacin as como la\npoltica de privacidad descrita en el presente documento.</p>\n\n<p class="Standard">5.2. INFANTIUM S.L. concede al USUARIO,\nuna licencia de instalacin y ejecucin de la APLICACIN,cuyas principales caractersticas se detallan a continuacin.</p>\n\n<p>5.3. La instalacin y ejecucin de la APLICACIN tiene\nel precio que se indica de forma previa a la aceptacin de las presentes\ncondiciones.</p>\n\n<p>5.4. INFANTIUM indicar la modalidad de adquisicin de\nlas APLICACIONES que podr realizarse por pago nico/suscripcin,\nindicando el precio en euros e incluyendo todos los impuestos aplicables en el\nmomento de compra de las APLICACIONES. INFANTIUM indicar la modalidad de\npago y el precio de forma previa a la aceptacin de las presentes condiciones\npor parte del USUARIO.</p>\n\n<p class="Standard">5.5.\nQueda prohibido cualquier uso comercial, reventa, distribucin o\ncomercializacin bajo cualquier forma por el USUARIO o por cualquier tercero\nsin autorizacin previa y expresa de INFANTIUM S.L..</p>\n\n<p class="Standard">5.6.\nAsimismo, el USUARIO ha de aceptar las condiciones legales descritas en el\npresente documento para llevar a cabo la instalacin y ejecucin de la\nAPLICACIN.</p>\n\n<p class="Standard">5.5 La APLICACIN permitir al USUARIO\ndiferentes acciones, entre ellas<a class="msocomanchor" id="_anchor_3" name="_msoanchor_3">[ngeles M3]</a>\nla evaluacin de la evolucin del nio segn estndares psicopedaggicos\npreviamente definidos por profesionales, la realizacin de actividades\ncomplementarias, as como la recomendacin de rutas de aprendizaje de refuerzo\na travs de otras aplicaciones relacionadas con la misma. </p>\n\n<p class="Standard">5.6 No es de aplicacin el derecho de\ndesistimiento tal como establece el artculo 102 letra c) de la Ley Defensa de Consumidores y Usuarios 1/2007\nde 17 de noviembre, al tratarse de una\nAPLICACIN suministrado por va electrnica y susceptible de ser descargado o\nreproducido de manera automtica para su uso permanente.</p>\n\n<p class="Standard"><strong>6. NORMAS DE USO DE LA APLICACIN.</strong></p>\n\n<p class="Standard">6.1. El USUARIO se compromete a\nrealizar un uso de la APLICACIN de acuerdo a la buena fe y a las normas\nnacionales y/o internacionales donde este ubicado.</p>\n\n<p class="Standard">6.2. El USUARIO se compromete a\nNO incluir en la APLICACIN contenidos que renan algunas de las siguientes caractersticas:</p>\n\n<p class="Standard">6.2.1. Contenidos que sean\ncontrarios al orden pblico.</p>\n\n<p class="Standard">6.2.2. Contenidos cuyos derechos\nde propiedad intelectual pertenecen a un tercero, sin contar con autorizacin\npara su publicacin.</p>\n\n<p class="Standard">6.2.3. Contenidos ofensivos o\naquellos que supongan amenazas o insultos graves.</p>\n\n<p class="Standard">6.2.4. Contenidos que atenten\ncontra la infancia o contra bienes especialmente protegidos por el ordenamiento\njurdico espaol.</p>\n\n<p class="Standard">6.2.5. Contenidos relacionados\ncon productos cuya publicidad o promocin est regulada por las leyes o\nrestringida a determinados grupos.</p>\n\n<p class="Standard">6.2.6. Cualquier otro tipo de\ncontenido lesivo que incite a la violencia o la discriminacin, bajo cualquier\nforma, a juicio de INFANTIUM S.L..</p>\n\n<p class="Standard">6.3. La\naplicacin se ofrece para su descarga, instalacin y ejecucin en la forma en\nque se encuentra disponible en cada momento. El USUARIO se compromete a no\nmodificar la APLICACIN bajo cualquier forma, as como a no eludir, desactivar\no interferir en las funciones relacionadas con la seguridad de la APLICACIN.</p>\n\n<p class="Standard">6.4. INFANTIUM S.L. tiene derecho a borrar y/o editar, cualquier\ncontenido que incumpla cualquiera de las normas y obligaciones descritas en\nestos trminos legales o pueda ser considerado inapropiado por INFANTIUM S.L..</p>\n\n<p class="Standard">6.5. En\ncaso de que el USUARIO o cualquier tercero tenga conocimiento de alguna\nvulneracin de las aqu descritas u otras que pudieran lesionar bienes,\nderechos o intereses protegibles, deber ponerse inmediatamente en contacto con\nINFANTIUM S.L. a travs de la direccin\nde correo electrnico hello@infantium.com indicando la supuesta vulneracin.\nINFANTIUM S.L., una vez que reciba la comunicacin, emplear la mxima\ndiligencia en la atencin y resolucin de la misma.</p>\n\n<p class="Standard"><strong>7. PROTECCION DE DATOS DE CARCTER PERSONAL.</strong></p>\n\n<p class="Standard">7.1.\nLos datos de carcter personal que proporcione el USUARIO formarn parte de un\nfichero titularidad de la INFANTIUM S.Lcon la finalidad de gestionar la\nrelacin con el USUARIO y mantenerle informado sobre las novedades, promociones\ny nuevos servicios de INFANTIUM S.L. que\npuedan ser de su inters, por cualquier canal, incluido el electrnico.</p>\n\n<p class="Standard">7.2.\nINFANTIUM S.L. manifiesta que toda la\ninformacin ser tratada de forma confidencial, implementando todas las medidas\nde seguridad que considere adecuadas y proporcionales para garantizar la\nseguridad de sus datos de carcter personal.</p>\n\n<p class="Standard">7.3.\nEl USUARIO podr, en cualquier momento, ejercer los derechos de acceso,\nrectificacin, oposicin o cancelacin; para ello, ha de remitir una carta o\ncorreo electrnico manifestando el derecho que desea ejercer, adjuntando una\ncopia de un documento nacional de identidad\na la direccin postal y/o electrnica de la INFANTIUM S.L., arriba\nindicadas.</p>\n\n<p class="Standard">7.4.\nEn el uso de la APLICACIN el USUARIO se compromete a conocer, aceptar y\ncumplir con las polticas de uso y privacidad propias de las redes sociales en\nlas que la APLICACIN este integrada. El incumplimiento de estas polticas\nsupondr, asimismo, un incumplimiento a efecto de las presentes condiciones.</p>\n\n<p class="Standard">7.6\nINFANTIUM S.L podr instalar dispositivos de almacenamiento y recuperacin de\ndatos, tambin llamadas cookies, en su ordenador con el fin de conocer\ninformacin de los visitantes a su web. En ningn caso dichos datos se tratan de\ndatos personales. Su navegador, en ocasiones, generar un mensaje instantneo\nel cual brindar la posibilidad a los visitantes de la web de oponerse a la\ninstalacin de los citados dispositivos.</p>\n\n<p class="Standard">7.7\nEn el caso de oponerse a la instalacin de cookies, la navegacin la web no se\nver afectada de forma alguna. </p>\n\n<p class="Standard">7.8.\nPor otro lado, en el supuesto de que su navegador no le facilite esta\nposibilidad de forma automtica, Vd. Podr inhibir la instalacin de las mismas\nsiguiendo las instrucciones de su navegador. </p>\n\n<p class="Standard"><strong>8. PROPIEDAD INTELECTUAL E INDUSTRIAL</strong></p>\n\n<p class="Standard">8.1.\nINFANTIUM S.L. es titular de los\nderechos de propiedad intelectual e industrial, o ha obtenido las\nautorizaciones o licencias correspondientes para su explotacin, sobre la\nAPLICACIN y el resto de obras e invenciones relacionadas en la APLICACIN y la\ntecnologa asociada al mismo, as como sobre sus contenidos.</p>\n\n<p class="Standard">8.2.\nLos contenidos de este sitio web, incluyendo diseos, aplicaciones, texto,\nimgenes y cdigo fuente (Contenido), estn protegidos por derechos de\npropiedad intelectual e industrial.</p>\n\n<p class="Standard">8.3. De\nninguna forma la APLICACIN se podr utilizar, reproducir, copiar o transmitir\nsin el permiso previo, escrito y explcito de INFANTIUM S.L.</p>\n\n<p class="Standard">8.4. INFANTIUM S.L. concede a los USUARIOS\nuna licencia de instalacin y uso no comercial de la APLICACIN<strong>,</strong> de carcter limitado y por un perodo\nde tiempo ilimitado, no suponiendo en ningn caso, para el USUARIO, derecho de modificacin\no redistribucin de la APLICACIN.Los\nlmites de uso, tiempo y trminos econmicos de la APLICACIN podrn variar en\nfuncin de las versiones de la APLICACIN y ser actualizados peridicamente por\nel USUARIO<strong>.</strong></p>\n\n<p class="Standard">8.5. El\nUSUARIO es el nico responsable de los contenidos incorporados a la APLICACIN,afirmando que cuenta con todos los consentimientos y\nautorizaciones para la publicacin del contenido, exonerando\nde cualquier responsabilidad a INFANTIUM S.L.</p>\n\n<p class="Standard">8.6. El\nUSUARIO otorga a INFANTIUM S.L. una\nlicencia gratuita, no exclusiva, universal, sin limitacin geogrfica ni\ntemporal sobre los contenidos incorporados en el SITIO WEB relativo a la <a>APLICACIN</a>(tales\ncomo propuestas de actividades, comentarios, preguntas, dudas. Etc.), de uso y\nexplotacin, para su publicacin, modificacin, transformacin, recopilacin,\ncomunicacin pblica y explotacin, bajo cualquier forma.</p>\n\n<p class="Standard"><strong>9.\nEXONERACION DE RESPONSABILIDAD</strong></p>\n\n<p class="Standard">9.1.INFANTIUM S.L. no se hace responsable\nde la transmisin de los resultados negativos o potencialmente lesivos del uso,\ninstalacin o ejecucin de la APLICACIN causados en el dispositivo del USUARIO\nque estn provocadas por la accin u omisin de terceros o por un uso\ninadecuado de la APLICACIN por parte del USUARIO.</p>\n\n<p class="Standard">9.2. INFANTIUM S.L. no se hace responsable de la informacin o\nlos contenidos generados por los USUARIOS, utilizando la APLICACIN o en\nrelacin con la misma, ni del uso normal o anormal de los mismos por parte del\nUSUARIO o de terceros.</p>\n\n<p class="Standard">9.3. INFANTIUM S.L. no garantiza la disponibilidad, integridad y\nejecutabilidad de la APLICACIN en el dispositivo del USUARIO, ni su correcta\nintegracin con todos los sitios web o dispositivos que admitan la introduccin\nde texto a travs de una funcionalidad propia.</p>\n\n<p class="Standard">9.4. INFANTIUM S.L. no asume ninguna responsabilidad sobre el uso\nque los menores de edad realicen de la APLICACIN, asumiendo la responsabilidad\ndel uso los padres representantes\nlegales de los menores, exonerando a INFANTIUM S.L. de cualquier responsabilidad al respecto.</p>\n\n<p class="Standard"/>\n\n<p class="Standard"><strong>10. LEGISLACION APLICABLE Y FUERO.</strong></p>\n\n<p class="Standard">10.1. En lo previsto en el presente contrato, as como\nen la interpretacin y resolucin de conflictos que pudieran surgir entre las\npartes, ser de aplicacin la legislacin espaola.</p>\n\n<p class="Standard">10.2. Las\npartes, con renuncia expresa a cualquier fuero, que, conforme a derecho pudiera\ncorresponderles, se someten a la jurisdiccin de los Juzgados y Tribunales de\nBarcelona.</p>\n\n\n\n<hr class="msocomoff"/>\n\n\n\n\n\n<a name="_msocom_1"/>\n\n<p class="MsoCommentText"/>\n\n\n\n\n\n\n\t\t\t
19	<h2><a href="metodo-infantium.php">Infantium Method</a></h2>\n\t\t\t<article>\n\t\t\t\t<h3>Adaptive Learning</h3>\n\t\t\t\t<p>Adaptive learning gaming technology that ensures cognitive development. It responds to each child's individual performance and pace, delivering personalized learning thorugh multiple paths. <a href="metodo-infantium.php#logica">Read more</a></p>\n\t\t\t</article>\n\t\t\t<article>\n\t\t\t\t<h3>Multiple Intelligences</h3>\n\t\t\t\t<p>Learning occurs by stimulating the children's different intelligences, giving the motivation to learn in the ways that they learn best: spatial, linguistic, mathematic, musical, bodily. <a href="metodo-infantium.php#representacion-mental">Read More</a></p>\n\t\t\t</article>\n\t\t\t<article>\n\t\t\t\t<h3>Gamified Game-based learning</h3>\n\t\t\t\t<p>Transformation for Early learners will come from positive encouragement, right motivation, rewards and parent engagement. We engage children providing the best educational opportunities.<a href="metodo-infantium.php#lenguaje">Read More</a></p>\n\t\t\t</article>
12	<h1>Las Aventuras</h1>\n\t\t\t\t\t\t\t\t<article>\n\t\t\t\t\t\t<h2><a href="app-details.php">Rufi y las pinturas mgicas</a></h2>\n\t\t\t\t\t\t<p><img src="http://placehold.it/100x100" class="al"/>El mago Somnus lleva a<span class="apple-converted-space"></span><span class="il">Rufi</span><span class="apple-converted-space"></span>y su gato Osvaldo a un museo donde conocer a Van Gogh, Mir y Warhol.\nPara poder volver a casa,<span class="apple-converted-space"></span><span class="il">Rufi</span><span class="apple-converted-space"></span>deber ayudarles a recomponer algunas de sus obras ms famosas. rea\ncognitiva: representacin mental e inteligencia espacial.<a href="app-details.php">Leer ms</a></p></article>\n\t\t\t\t\t\t\t\t\t<article>\n\t\t\t\t\t\t<h2><a href="app-details.php">caro, Ddalo y el laberinto del Minotauro</a></h2>\n\t\t\t\t\t\t<p><img src="http://placehold.it/100x100" class="al"/>El mago Somnus ha llevado\na Rufi al palacio del rey minos, en creta. All conoce a Icaro, que est triste\nporque no puede reunirse con su padre Ddalo, que est al otro lado del\nlaberinto. Rufi tendr que ayudar a Icaro a encontrar a Ddalo, esquivando al\nminotauro a travs de los pasadizos que forman diferentes figuras geomtricas.\nJuego de lgica e inteligencia matemtica.. <a href="app-details.php">Leer ms</a>.</p>\n\t\t\t\t\t</article>\n\t\t\t\t\t\t\t\t\t<article>\n\t\t\t\t\t\t<h2><a href="app-details.php">Osvaldo juega al escondite. Prximamente</a></h2>\n\t\t\t\t\t\t<p><img src="http://placehold.it/100x100" class="al"/>Como\nse dira en TV, <em>Osvaldo juega al\nescondite</em><em style="font-family: Cambria, serif; font-size: 12pt; line-height: 115%;"> </em>es un breve spin-off de las\naventuras de Rufi, o lo que es lo mismo, una pequea aventura de uno de sus\npersonajes en solitario. Aunque Osvaldo\nsiempre acompaa a Rufi en sus\nperipecias, en esta ocasin, ser el protagonista de una serie de andaduras a\ntravs de diferentes escenarios, con los que el nio puede trabajar el elemento\noculto y la permanencia del objeto. Esta aplicacin est recomendada a nios de\nentre 8-18 meses. Prximamente.<a href="app-details.php">Leer ms.</a></p>\n\t\t\t\t\t</article>\n\t\t\t\t\t\t\t\t\t
24	<h2><a href="http://inf-djangoprd01.cloudapp.net/static/cms/wymeditor/iframe/default/metodo-infantium.php">Mtodo</a><a href="metodo-infantium.php">I</a><a href="metodo-infantium.php">nfantium</a></h2>\n\t\t\t<article>\n\t\t\t\t<h3>Aprendizaje adaptativo</h3>\n\t\t\t\t<p>la tecnologa de aprendizaje adaptativo permite individualizar el proceso de aprendizaje segn las necesidades, ritmo y nivel de cada nio, creando mltiples itinerarios de aprendizaje. <a href="metodo-infantium.php#logica">Ms informacin</a></p>\n\t\t\t</article>\n\t\t\t<article>\n\t\t\t\t<h3>Inteligencias Mtiples</h3>\n\t\t\t\t<p>El aprendizaje se produce estimulando las mltiples inteligencias de los nios agrupadas en diferentes reas cognitivas: espacial, matemtica, lingstica, musical, etc. la plataforma de infantium se adapta a la forma en que cada nio aprendey entiende el mundo. <a href="metodo-infantium.php#representacion-mental">Ms informacin</a></p>\n\t\t\t</article>\n\t\t\t<article>\n\t\t\t\t<h3>Aprendizaje basado en juegos y gamificacin</h3><p>La plataforma no slo crea rutas especiales para cada nio, sino que gracias a la gamificacin de cada actividad, con la ayuda de padres y educadores, crea un entorno virtual educativo donde los nios desarrollan habilidades necesarias para crecer en un mundo complejo<a href="http://inf-djangoprd01.cloudapp.net/static/cms/wymeditor/iframe/default/metodo-infantium.php#representacion-mental">Ms informacin</a></p>\n\t\t\t</article>
26	<h2><a href="http://inf-djangoprd01.cloudapp.net/static/cms/wymeditor/iframe/default/metodo-infantium.php">Mtodo</a><a href="metodo-infantium.php">I</a><a href="metodo-infantium.php">nfantium</a></h2>\n\t\t\t<article>\n\t\t\t\t<h3>Aprendizaje adaptativo</h3>\n\t\t\t\t<p>la tecnologa de aprendizaje adaptativo permite individualizar el proceso de aprendizaje segn las necesidades, ritmo y nivel de cada nio, creando mltiples itinerarios de aprendizaje. <a href="metodo-infantium.php#logica">Ms informacin</a></p>\n\t\t\t</article>\n\t\t\t<article>\n\t\t\t\t<h3>Inteligencias Mtiples</h3>\n\t\t\t\t<p>El aprendizaje se produce estimulando las mltiples inteligencias de los nios agrupadas en diferentes reas cognitivas: espacial, matemtica, lingstica, musical, etc. la plataforma de infantium se adapta a la forma en que cada nio aprendey entiende el mundo. <a href="metodo-infantium.php#representacion-mental">Ms informacin</a></p>\n\t\t\t</article>\n\t\t\t<article>\n\t\t\t\t<h3>Aprendizaje basado en juegos y gamificacin</h3><p>La plataforma no slo crea rutas especiales para cada nio, sino que gracias a la gamificacin de cada actividad, con la ayuda de padres y educadores, crea un entorno virtual educativo donde los nios desarrollan habilidades necesarias para crecer en un mundo complejo<a href="http://inf-djangoprd01.cloudapp.net/static/cms/wymeditor/iframe/default/metodo-infantium.php#representacion-mental">Ms informacin</a></p>\n\t\t\t</article>
31	<div class="content app-description">\n\t\t\t<article>\n\t\t\t<h2>Descripcion del juego</h2>\n\t\t\t<p>Maecenas in magna nec velit cursus commodo. Cras nec gravida neque. Nulla facilisi. Curabitur porta, sapien eget feugiat facilisis. Nunc lacinia, arcu nec tincidunt auctor, lorem turpis placerat mi, eget rutrum tortor leo at erat. Curabitur nisl turpis, pellentesque eget pulvinar ac, aliquam a mi. Fusce hendrerit, lacus imperdiet commodo sodales.</p>\n\t\t</article>\n\t\t\n\t\t\t\t\t\t\t\t<article>\n\t\t\t\t\t\t<h2>Nombre del juego</h2>\n\t\t\t\t\t\t<p><img src="/static/img/games/app-detail-game-01.jpg" class="al"/>Maecenas in magna nec velit cursus commodo. Cras nec gravida neque. Nulla facilisi. Curabitur porta, sapien eget feugiat facilisis. Nunc lacinia, arcu nec tincidunt auctor, lorem turpis placerat mi, eget rutrum tortor leo at erat. Curabitur nisl turpis, pellentesque eget pulvinar ac, aliquam a mi. Fusce hendrerit, lacus imperdiet commodo sodales.</p>\n\t\t\t\t\t</article>\n\t\t\t\t\t\t\t\t\t<article>\n\t\t\t\t\t\t<h2>Nombre del juego</h2>\n\t\t\t\t\t\t<p><img src="/static/img/games/app-detail-game-02.jpg" class="al"/>Maecenas in magna nec velit cursus commodo. Cras nec gravida neque. Nulla facilisi. Curabitur porta, sapien eget feugiat facilisis. Nunc lacinia, arcu nec tincidunt auctor, lorem turpis placerat mi, eget rutrum tortor leo at erat. Curabitur nisl turpis, pellentesque eget pulvinar ac, aliquam a mi. Fusce hendrerit, lacus imperdiet commodo sodales.</p>\n\t\t\t\t\t</article>\n\t\t\t\t\t\t\t\t\t<article>\n\t\t\t\t\t\t<h2>Nombre del juego</h2>\n\t\t\t\t\t\t<p><img src="/static/img/games/app-detail-game-03.jpg" class="al"/>Maecenas in magna nec velit cursus commodo. Cras nec gravida neque. Nulla facilisi. Curabitur porta, sapien eget feugiat facilisis. Nunc lacinia, arcu nec tincidunt auctor, lorem turpis placerat mi, eget rutrum tortor leo at erat. Curabitur nisl turpis, pellentesque eget pulvinar ac, aliquam a mi. Fusce hendrerit, lacus imperdiet commodo sodales.</p>\n\t\t\t\t\t</article>\n\t\t\t\t\t\t\t\n\t\t\t<article>\n\t\t\t\t<p><a class="cta">Disponible en el <strong>Microsoft Store</strong></a></p>\n\t\t\t</article>\n</div>
32	<h2><a href="metodo-infantium.php">Metodo Infantium</a></h2>\n\t\t\t<article>\n\t\t\t\t<h3><a href="metodo-infantium.php#logica">Logica</a></h3>\n\t\t\t\t<p>Nulla facilisi. Nullam id nibh vel velit laoreet ultricies. Morbi laoreet gravi gravida magna in mollis. Duis dictum feugiat odio lorem facta. <a href="metodo-infantium.php#logica">Leer mas sobre logica.</a></p>\n\t\t\t</article>\n\t\t\t<article>\n\t\t\t\t<h3><a href="metodo-infantium.php#representacion-mental">Representacion mental</a></h3>\n\t\t\t\t<p>Nulla facilisi. Nullam id nibh vel velit laoreet ultricies. Morbi laoreet gravi gravida magna in mollis. Duis dictum feugiat odio lorem facta. <a href="metodo-infantium.php#representacion-mental">Leer mas sobre representacion mental.</a></p>\n\t\t\t</article>\n\t\t\t<article>\n\t\t\t\t<h3><a href="metodo-infantium.php#lenguaje">Lenguaje</a></h3>\n\t\t\t\t<p>Nulla facilisi. Nullam id nibh vel velit laoreet ultricies. Morbi laoreet gravi gravida magna in mollis. Duis dictum feugiat odio lorem facta. <a href="metodo-infantium.php#lenguaje">Leer mas sobre lenguaje.</a></p>\n\t\t\t</article>\n
34	<h2><a href="metodo-infantium.php">Metodo Infantium</a></h2>\n\t\t\t<article>\n\t\t\t\t<h3><a href="metodo-infantium.php#logica">Logica</a></h3>\n\t\t\t\t<p>Nulla facilisi. Nullam id nibh vel velit laoreet ultricies. Morbi laoreet gravi gravida magna in mollis. Duis dictum feugiat odio lorem facta. <a href="metodo-infantium.php#logica">Leer mas sobre logica.</a></p>\n\t\t\t</article>\n\t\t\t<article>\n\t\t\t\t<h3><a href="metodo-infantium.php#representacion-mental">Representacion mental</a></h3>\n\t\t\t\t<p>Nulla facilisi. Nullam id nibh vel velit laoreet ultricies. Morbi laoreet gravi gravida magna in mollis. Duis dictum feugiat odio lorem facta. <a href="metodo-infantium.php#representacion-mental">Leer mas sobre representacion mental.</a></p>\n\t\t\t</article>\n\t\t\t<article>\n\t\t\t\t<h3><a href="metodo-infantium.php#lenguaje">Lenguaje</a></h3>\n\t\t\t\t<p>Nulla facilisi. Nullam id nibh vel velit laoreet ultricies. Morbi laoreet gravi gravida magna in mollis. Duis dictum feugiat odio lorem facta. <a href="metodo-infantium.php#lenguaje">Leer mas sobre lenguaje.</a></p>\n\t\t\t</article>\n
35	<div class="content app-description">\n\t\t\t<article>\n\t\t\t<h2>Descripcion del juego</h2>\n\t\t\t<p>Maecenas in magna nec velit cursus commodo. Cras nec gravida neque. Nulla facilisi. Curabitur porta, sapien eget feugiat facilisis. Nunc lacinia, arcu nec tincidunt auctor, lorem turpis placerat mi, eget rutrum tortor leo at erat. Curabitur nisl turpis, pellentesque eget pulvinar ac, aliquam a mi. Fusce hendrerit, lacus imperdiet commodo sodales.</p>\n\t\t</article>\n\t\t\n\t\t\t\t\t\t\t\t<article>\n\t\t\t\t\t\t<h2>Nombre del juego</h2>\n\t\t\t\t\t\t<p><img src="/static/img/games/app-detail-game-01.jpg" class="al"/>Maecenas in magna nec velit cursus commodo. Cras nec gravida neque. Nulla facilisi. Curabitur porta, sapien eget feugiat facilisis. Nunc lacinia, arcu nec tincidunt auctor, lorem turpis placerat mi, eget rutrum tortor leo at erat. Curabitur nisl turpis, pellentesque eget pulvinar ac, aliquam a mi. Fusce hendrerit, lacus imperdiet commodo sodales.</p>\n\t\t\t\t\t</article>\n\t\t\t\t\t\t\t\t\t<article>\n\t\t\t\t\t\t<h2>Nombre del juego</h2>\n\t\t\t\t\t\t<p><img src="/static/img/games/app-detail-game-02.jpg" class="al"/>Maecenas in magna nec velit cursus commodo. Cras nec gravida neque. Nulla facilisi. Curabitur porta, sapien eget feugiat facilisis. Nunc lacinia, arcu nec tincidunt auctor, lorem turpis placerat mi, eget rutrum tortor leo at erat. Curabitur nisl turpis, pellentesque eget pulvinar ac, aliquam a mi. Fusce hendrerit, lacus imperdiet commodo sodales.</p>\n\t\t\t\t\t</article>\n\t\t\t\t\t\t\t\t\t<article>\n\t\t\t\t\t\t<h2>Nombre del juego</h2>\n\t\t\t\t\t\t<p><img src="/static/img/games/app-detail-game-03.jpg" class="al"/>Maecenas in magna nec velit cursus commodo. Cras nec gravida neque. Nulla facilisi. Curabitur porta, sapien eget feugiat facilisis. Nunc lacinia, arcu nec tincidunt auctor, lorem turpis placerat mi, eget rutrum tortor leo at erat. Curabitur nisl turpis, pellentesque eget pulvinar ac, aliquam a mi. Fusce hendrerit, lacus imperdiet commodo sodales.</p>\n\t\t\t\t\t</article>\n\t\t\t\t\t\t\t\n\t\t\t<article>\n\t\t\t\t<p><a class="cta">Disponible en el <strong>Microsoft Store</strong></a></p>\n\t\t\t</article>\n</div>
6	<h2>Rufi Adventures</h2><article>\n\t\t\t\t<a href="app-details.php"><img src="/static/img/games/spotlight-games-01.jpg" class="thumb"/></a>\n\t\t\t\t<h3><a href="app-details.php">Meet Rufi</a></h3><p>Meet Rufi, Oswald and Somnus. Read their story and why learning will never be the same again in early childhood education.<a href="https://beta.infantium.com/static/cms/wymeditor/iframe/default/app-details.php">Read More</a></p>\n\t\t\t</article><article>\n\t\t\t\t<a href="app-details.php"><img src="/static/img/games/spotlight-games-02.jpg" class="thumb"/></a>\n\n\t\t\t\t<h3><a href="app-details.php">The Conversation</a></h3>\n\t\t\t\t<p>Read our blog for new product development and research, to know more about our partners, and to find out how to combine the online learning with extra activities defined by educators to get the maximum for your child, and ask if you want tips of have doubts</p>\n\t\t\t</article><article>\n\t\t\t\t<a href="app-details.php"><img src="/static/img/games/spotlight-games-03.jpg" class="thumb"/></a>\n\t\t\t\t<h3><a href="app-details.php">Meet the Team</a></h3>\n\t\t\t\t<p>Want to meet the team? Read here about our vision and mission on the future of eartly childhood education, and the great partners that are researching to get the most from adaptive learning</p>\n\n\t\t\t</article>
7	<h1>The Adventures</h1>\n\t\t\t\t\t\t\t\t<article>\n\t\t\t\t\t\t<h2><a href="app-details.php">Rufi and the magic paintings</a></h2>\n\t\t\t\t\t\t<p><img src="http://placehold.it/100x100" class="al"/><strong style="font-weight: normal;" id="internal-source-marker_0.5586522631347179">Somnus the wizard appears suddenly one night in Rufis dreams and takes him together with Oswald to a special museum, where they meet the famous painers Van Gogh, Miro and Warhol. To come back home, Rufi should help them to recompose some of his most popular artworks. Cognitive Area: mental representation, symbolic reasoning and spatial intelligence</strong>.<a href="app-details.php">Read More</a></p>\n\t\t\t\t\t</article>\n\t\t\t\t\t\t\t\t\t<article>\n\t\t\t\t\t\t<h2><a href="app-details.php">Icarus, Daedalus and the labyrinth of the Minotaur</a></h2>\n\t\t\t\t\t\t<p><img src="http://placehold.it/100x100" class="al"/><strong style="font-weight: normal;" id="internal-source-marker_0.5586522631347179">Somnus The Wizard takes Rufi and Oswald to the palace of King Minos in Crete. There he meets a boy called Icaro, whom is sad because he cannot meet with his father Daedalus, who is on the other side of the maze. Rufi will have to help him to find Daedalus, avoiding the Minotaur by discovering the passageways formed of different geometric shapes. Logic and mathematical intelligence</strong>.<a href="http://beta.infantium.com/static/cms/wymeditor/iframe/default/app-details.php">Read More</a></p>\n\t\t\t\t\t</article>\n\t\t\t\t\t\t\t\t\t<article>\n\t\t\t\t\t\t<h2><a href="app-details.php">Oswald plays hide and seek. Coming soon</a></h2>\n\t\t\t\t\t\t<p><img src="http://placehold.it/100x100" class="al"/><strong style="font-weight: normal;" id="internal-source-marker_0.5586522631347179">As said in TV, <em>Oswald plays hide and seek</em> is a spin-off of the adventures of Rufi. What is the same: a little adventure of one character alone. Although Oswald always accompanies Rufi, this time hes alone. He will walk through different scenarios, and will help babies to work on the hidden element and object permanence. Recommended for children aged 8-18 months. Coming soon</strong>.<a href="http://beta.infantium.com/static/cms/wymeditor/iframe/default/app-details.php">Read More</a></p>\n\t\t\t\t\t</article>\n\t\t\t\t\t\t\t\t\t
36	<h2>Rufi Adventures</h2><article>\n\t\t\t\t<a href="app-details.php"><img src="/static/img/games/spotlight-games-01.jpg" class="thumb"/></a>\n\t\t\t\t<h3><a href="app-details.php">Meet Rufi</a></h3><p>Meet Rufi, Oswald and Somnus. Read their story and why learning will never be the same again in early childhood education.<a href="https://beta.infantium.com/static/cms/wymeditor/iframe/default/app-details.php">Read More</a></p>\n\t\t\t</article><article>\n\t\t\t\t<a href="app-details.php"><img src="/static/img/games/spotlight-games-02.jpg" class="thumb"/></a>\n\n\t\t\t\t<h3><a href="app-details.php">The Conversation</a></h3>\n\t\t\t\t<p>Read our blog for new product development and research, to know more about our partners, and to find out how to combine the online learning with extra activities defined by educators to get the maximum for your child, and ask if you want tips of have doubts</p>\n\t\t\t</article><article>\n\t\t\t\t<a href="app-details.php"><img src="/static/img/games/spotlight-games-03.jpg" class="thumb"/></a>\n\t\t\t\t<h3><a href="app-details.php">Meet the Team</a></h3>\n\t\t\t\t<p>Want to meet the team? Read here about our vision and mission on the future of eartly childhood education, and the great partners that are researching to get the most from adaptive learning</p>\n\n\t\t\t</article>
40	The <span class="strong">Infantium's adaptive learning technology</span> personalizes the education of every <span class="strong">individual child</span>
41	<h1>Adaptive Learning for children &amp; kids!</h1>\n<h2>Infantium is a <span class="green">gaming platform of cognitive development for children 0-6 years old</span>.  It fosters skill acquisition on critical areas like logic, representation and symbolic thinking, and languages, <span class="pink">at their own pace</span>. It supports <span class="yellow">positive parent-child interaction around apps</span>, and reinforces early learning programs. </h2>\n
42	<h3><span class="blue">Adaptive Learning</span></h3>\n<h5>Adaptive learning gaming technology that ensures cognitive development according to learning standards. The most important: each child is an individual learner, so It responds to each child's individual performance, delivering personalized learning thorough multiple paths.</h5>
43	<h3><span class="blue">Multiple Intelligences</span></h3>\n<h5>Learning occurs by stimulating the children's needs and strengths, providing the motivation to learn in the ways that they learn best. We analyze weaknesses and strengths to open the doors  of completing other less developed areas as well. </h5>
44	<h3><span class="blue">Gamified Game-based learning</span></h3>\n<h5>Transformation for Early learners will come from positive encouragement, right motivation, reward and parent engagement. GBL is a framework to develop critical abilities to allows them to acquire knowledge, understand the world around them, and make appropriate decisions.</h5>
45	<h1 class="blue">Help Us Spread the Word!</h1>\n<h2>If you recommend us and at least one friend joins, <span class="green">youll get free early access</span> and individualized pedagogical support for you and your kid when you need it. Please help us to spread the word!</h2>
46	<h1><span class="yellow">Coming Soon!/ Upcoming Launch</span></h1>\n<h3>Well soon see the light. It will with Microsoft Windows 8 official release!</h3>
47	<h1><span class="green">Our story</span></h1>\n<h3>Want to know us? Read about our mission, vision, meet our team, and find out why learning will never be the same. We are not alone! Some great partners and helping to make this happen!</h3>
48	La <span class="strong">tecnologa adaptativa de Infantium</span> personaliza la educacin de cada <span class="strong">nio individualmente</span> 
49	<h1>Aprendizaje adaptativo para bebs y nios!</h1>\n<h2>Infantium es una <span class="green">plataforma de desarrollo cognitivo para nios de 0-6 aos</span> que permite estimular la adquisicin de competencias en las reas de lgica, pensamiento simblico y lenguajes <span class="pink">al ritmo y velocidad que cada nio necesita</span>, reforzando <span class="yellow">la interaccin con los padres</span> y el aprendizaje en centros de educacin infantil. </h2>
50	<h3><span class="blue">Aprendizaje adaptativo</span></h3>\n<h5>La tecnologa adaptativa de Infantium permite individualizar el proceso de aprendizaje segn las necesidades, ritmo y nivel de cada nio, creando mltiples itinerarios de aprendizaje.</h5>   
51	<h3><span class="blue">Inteligencias Mtiples</span></h3>\n                        <h5>El aprendizaje se produce estimulando las mltiples inteligencias de los nios agrupadas en diferentes reas cognitivas: espacial, matemtica, lingstica, musical, etc. la plataforma de infantium se adapta a la forma en que cada nio aprende y entiende el mundo.</h5>
52	<h3><span class="blue">Aprendizaje basado en juegos y gamificacin (GBL)</span></h3>\n<h5>La plataforma no slo crea rutas especiales para cada nio, sino que gracias a la gamificacin de cada actividad, con la ayuda de padres y educadores, crea un entorno virtual educativo donde los nios desarrollan habilidades necesarias para crecer en un mundo complejo.</h5>
53	<h1 class="blue">Aydanos a correr la voz!</h1>\n<h2>Si nos recomiendas y al menos uno de tus amigos se une, no slo <span class="green">conseguirs acceso gratuito a la plataforma</span>, sino que podrs tener soporte pedaggico para tu hijo personalizado cuando lo necesites. Aydanos a correr la voz!</h2>
54	<h1><span class="yellow">Prximo Lanzamiento</span></h1>\n                            <h3>Nos queda muy poco para ver la luz, y lo haremos con el prximo lanzamiento de Microsoft Windows 8. </h3>
55	<h1><span class="green">Conoce nuestra historia</span></h1>\n                            <h3>Conoce nuestra visin, misin, y descubre por qu el aprendizaje ya nunca ser el mismo. No estamos solos! grandes partners y colaboradores estn ayudndonos a que sea posible.</h3>
\.


--
-- Data for Name: cmsplugin_twitterrecententries; Type: TABLE DATA; Schema: public; Owner: -
--

COPY cmsplugin_twitterrecententries (cmsplugin_ptr_id, title, twitter_user, count, link_hint) FROM stdin;
\.


--
-- Data for Name: cmsplugin_twittersearch; Type: TABLE DATA; Schema: public; Owner: -
--

COPY cmsplugin_twittersearch (cmsplugin_ptr_id, title, query, count) FROM stdin;
\.


--
-- Data for Name: cmsplugin_video; Type: TABLE DATA; Schema: public; Owner: -
--

COPY cmsplugin_video (cmsplugin_ptr_id, movie, movie_url, image, width, height, auto_play, auto_hide, fullscreen, loop, bgcolor, textcolor, seekbarcolor, seekbarbgcolor, loadingbarcolor, buttonoutcolor, buttonovercolor, buttonhighlightcolor) FROM stdin;
\.


--
-- Data for Name: db_chart; Type: TABLE DATA; Schema: public; Owner: -
--

COPY db_chart (id, meta, deleted, "dtCreationDateTime", "dtModificationDateTime", title, summary, type, player_id) FROM stdin;
\.


--
-- Data for Name: db_chart_indicators; Type: TABLE DATA; Schema: public; Owner: -
--

COPY db_chart_indicators (id, chart_id, indicator_id) FROM stdin;
\.


--
-- Data for Name: db_cognitivearea; Type: TABLE DATA; Schema: public; Owner: -
--

COPY db_cognitivearea (id, meta, deleted, "dtCreationDateTime", "dtModificationDateTime", name, active) FROM stdin;
\.


--
-- Data for Name: db_cognitivearea_multiple_intelligences; Type: TABLE DATA; Schema: public; Owner: -
--

COPY db_cognitivearea_multiple_intelligences (id, cognitivearea_id, multipleintelligence_id) FROM stdin;
\.


--
-- Data for Name: db_game; Type: TABLE DATA; Schema: public; Owner: -
--

COPY db_game (id, meta, deleted, "dtCreationDateTime", "dtModificationDateTime", name, min_age_months, max_age_months, short_desc, long_desc) FROM stdin;
1	{"meta1": "1"}	f	2012-08-30 19:17:53.321+00	2012-08-30 19:17:53.321+00	Game1	8	24	descripcion	descripcion larga
\.


--
-- Data for Name: db_gameplay; Type: TABLE DATA; Schema: public; Owner: -
--

COPY db_gameplay (id, meta, deleted, "dtCreationDateTime", "dtModificationDateTime", is_playing, start_play, end_play, player_id, game_id) FROM stdin;
\.


--
-- Data for Name: db_gameroute; Type: TABLE DATA; Schema: public; Owner: -
--

COPY db_gameroute (id, meta, deleted, "dtCreationDateTime", "dtModificationDateTime", elapsed_time, "order", game_play_id) FROM stdin;
\.


--
-- Data for Name: db_indicator; Type: TABLE DATA; Schema: public; Owner: -
--

COPY db_indicator (id, meta, deleted, "dtCreationDateTime", "dtModificationDateTime", name, value) FROM stdin;
\.


--
-- Data for Name: db_indicator_cognitive_areas; Type: TABLE DATA; Schema: public; Owner: -
--

COPY db_indicator_cognitive_areas (id, indicator_id, cognitivearea_id) FROM stdin;
\.


--
-- Data for Name: db_level; Type: TABLE DATA; Schema: public; Owner: -
--

COPY db_level (id, meta, deleted, "dtCreationDateTime", "dtModificationDateTime", name, number) FROM stdin;
\.


--
-- Data for Name: db_multipleintelligence; Type: TABLE DATA; Schema: public; Owner: -
--

COPY db_multipleintelligence (id, meta, deleted, "dtCreationDateTime", "dtModificationDateTime", name, "order", active) FROM stdin;
\.


--
-- Data for Name: db_player; Type: TABLE DATA; Schema: public; Owner: -
--

COPY db_player (id, meta, deleted, "dtCreationDateTime", "dtModificationDateTime", nickname, months, user_profile_id) FROM stdin;
1	{}	f	2012-08-30 19:16:14.76+00	2012-08-30 19:16:18.968+00	menino	12	1
\.


--
-- Data for Name: db_route_node; Type: TABLE DATA; Schema: public; Owner: -
--

COPY db_route_node (id, path, depth, numchild, node_creation, meta, scene_id, game_route_id) FROM stdin;
\.


--
-- Data for Name: db_scene; Type: TABLE DATA; Schema: public; Owner: -
--

COPY db_scene (id, meta, deleted, "dtCreationDateTime", "dtModificationDateTime", name, level_id) FROM stdin;
\.


--
-- Data for Name: db_score; Type: TABLE DATA; Schema: public; Owner: -
--

COPY db_score (id, meta, deleted, "dtCreationDateTime", "dtModificationDateTime", results, fields, game_route_id, indicator_id) FROM stdin;
\.


--
-- Data for Name: db_userprofile; Type: TABLE DATA; Schema: public; Owner: -
--

COPY db_userprofile (id, meta, deleted, "dtCreationDateTime", "dtModificationDateTime", user_id, sex, country_code, image) FROM stdin;
1	{}	f	2012-08-30 18:44:02.05+00	2012-08-30 18:54:03.157+00	3	m	es	users/avatars/painting.png
\.


--
-- Data for Name: django_admin_log; Type: TABLE DATA; Schema: public; Owner: -
--

COPY django_admin_log (id, action_time, user_id, content_type_id, object_id, object_repr, action_flag, change_message) FROM stdin;
1	2012-08-24 15:09:29.079243+00	1	52	1	Subscribe 'Default'	1	
2	2012-08-24 15:09:51.824205+00	1	20	2	infantium.com	1	
3	2012-08-24 15:10:22.5118+00	1	52	2	Unsubscribe 'Default'	1	
4	2012-08-24 15:10:40.396004+00	1	52	3	Update 'Default'	1	
5	2012-08-24 15:10:58.995649+00	1	52	4	Mensaje 'Default'	1	
6	2012-08-24 15:11:01.027213+00	1	53	1	Infantium Newsletter	1	
7	2012-08-24 15:48:28.946936+00	1	17	2	dani.gonzalez@infantium.com	1	
8	2012-08-24 15:48:48.775022+00	1	17	2	dani.gonzalez@infantium.com	2	Modificado/a password, first_name, last_name y email.
9	2012-08-24 16:23:37.279548+00	1	36	2	Mtodo Infantium	2	Modificado/a moderator_state.
10	2012-08-24 16:23:54.462267+00	1	36	2	Infantium Method	2	Modificado/a slug, language y moderator_state.
11	2012-08-30 15:05:35.386813+00	1	36	4	Infantium Apps	1	
12	2012-08-30 15:07:16.75509+00	1	36	4	Infantium Apps	2	Changed title, slug, published, reverse_id and moderator_state.
13	2012-08-30 15:09:00.441246+00	1	36	4	Infantium Apps	2	Changed moderator_state.
14	2012-08-30 15:09:41.698782+00	1	36	4	Infantium Apps	2	Changed language and moderator_state.
15	2012-08-30 15:10:19.694013+00	1	36	5	Quines Somos	1	
16	2012-08-30 15:12:43.27559+00	1	36	5	Quines Somos	2	Changed title, slug, published and moderator_state.
17	2012-08-30 15:13:26.164156+00	1	36	5	Quines Somos	2	Changed reverse_id, language and moderator_state.
18	2012-08-30 15:13:49.987949+00	1	36	6	Contacto	1	
19	2012-08-30 15:15:25.726241+00	1	36	6	Contacto	2	Changed title, slug, published, reverse_id and moderator_state.
20	2012-08-30 15:16:12.382057+00	1	36	7	Trminos de Uso	1	
21	2012-08-30 15:21:47.635133+00	1	36	7	Trminos de Uso	2	Changed title, slug, published, reverse_id and moderator_state.
22	2012-08-30 15:33:03.966356+00	1	36	6	Contacto	2	Changed login_required and moderator_state.
23	2012-08-30 15:33:24.831437+00	1	36	2	Infantium Method	2	Changed template, login_required and moderator_state.
24	2012-08-30 15:33:40.805113+00	1	36	4	Infantium Apps	2	Changed login_required and moderator_state.
25	2012-08-30 15:34:04.047703+00	1	36	5	Quines Somos	2	Changed login_required and moderator_state.
26	2012-08-30 15:34:21.133799+00	1	36	7	Trminos de Uso	2	Changed login_required and moderator_state.
27	2012-08-30 18:44:02.096924+00	1	17	3	testplayer@infantium.com	1	
28	2012-08-30 18:44:32.931449+00	1	17	3	testplayer@infantium.com	2	Changed password, first_name, last_name and email.
29	2012-08-30 18:44:35.643659+00	1	17	3	testplayer@infantium.com	2	Changed password.
30	2012-08-30 18:54:03.175953+00	1	58	1	UserProfile object	2	Changed sex, country_code and image.
31	2012-08-30 19:16:14.866707+00	1	59	1	Player object	1	
32	2012-08-30 19:16:18.971044+00	1	59	1	Player object	2	No fields changed.
33	2012-08-30 19:17:53.342928+00	1	60	1	Game object	1	
34	2012-09-14 11:44:06.309691+00	1	36	4	Infantium Apps	2	Changed language and moderator_state.
35	2012-09-14 11:44:38.749077+00	1	36	4	Infantium Apps	2	Changed application_urls and moderator_state.
36	2012-09-14 11:45:57.18903+00	1	36	2	Infantium Method	2	Changed page_title and moderator_state.
37	2012-09-14 11:46:23.44516+00	1	36	4	Infantium Apps	2	Changed application_urls and moderator_state.
38	2012-09-14 11:47:10.019288+00	1	36	4	Infantium Apps	2	Changed moderator_state.
39	2012-09-14 11:47:55.215576+00	1	36	4	Infantium Apps	2	Changed page_title and moderator_state.
40	2012-09-14 11:48:43.179432+00	1	36	4	Infantium Apps	2	Changed meta_description, meta_keywords and moderator_state.
41	2012-09-14 12:01:31.377683+00	1	36	4	Infantium Apps	2	Changed meta_description, meta_keywords and moderator_state.
42	2012-09-14 18:47:22.901595+00	1	36	7	Trminos de Uso	2	Modificado/a page_title, meta_description, meta_keywords, language y moderator_state.
43	2012-09-14 18:48:45.929612+00	1	36	7	Trminos de Uso	2	Modificado/a page_title, meta_description, meta_keywords y moderator_state.
44	2012-09-14 18:58:26.586272+00	1	36	7	Trminos de Uso	2	Modificado/a language y moderator_state.
45	2012-09-14 18:59:24.5861+00	1	36	6	Contacto	2	Modificado/a moderator_state.
46	2012-09-14 19:04:20.232568+00	1	36	6	Contacto	2	Modificado/a moderator_state.
47	2012-09-14 19:45:04.915248+00	1	36	7	Trminos de Uso	2	Modificado/a moderator_state.
48	2012-09-16 07:01:04.830235+00	1	36	7	Trminos de Uso	2	Changed moderator_state.
49	2012-09-16 09:50:21.809935+00	1	36	7	Trminos de Uso	2	Changed moderator_state.
50	2012-09-16 09:50:58.400453+00	1	36	7	Trminos de Uso	2	Changed published and moderator_state.
51	2012-09-16 09:51:07.693734+00	1	36	7	Trminos de Uso	2	Changed published and moderator_state.
52	2012-09-16 10:00:03.850108+00	1	36	7	Trminos de Uso	2	Modificado/a moderator_state.
53	2012-09-16 10:00:15.706553+00	1	36	7	Trminos de Uso	2	Modificado/a language y moderator_state.
54	2012-09-17 19:38:57.179232+00	1	36	4	Infantium Apps	2	Changed language and moderator_state.
55	2012-09-17 19:41:21.509978+00	1	36	5	Quines Somos	2	Changed title, slug and moderator_state.
56	2012-09-18 14:57:14.706436+00	1	20	2	infantium.es	2	Changed domain and name.
57	2012-09-18 14:57:36.855811+00	1	20	1	infantium.com	2	Changed domain and name.
58	2012-09-18 14:58:03.834396+00	1	36	8	Rufi Adventures	1	
59	2012-09-18 15:00:40.976852+00	1	36	8	Rufi Adventures	2	Changed moderator_state.
60	2012-09-19 09:14:23.494351+00	1	36	8	Rufi Adventures	2	Changed title, slug, language and moderator_state.
61	2012-09-19 09:16:21.797898+00	1	36	8	Las a aventuras de Rufi	2	Changed language and moderator_state.
62	2012-09-19 09:18:18.321455+00	1	36	8	Las a aventuras de Rufi	2	Changed language and moderator_state.
63	2012-09-19 09:18:54.326751+00	1	36	8	Las a aventuras de Rufi	2	Changed published, language and moderator_state.
64	2012-09-19 09:20:30.648218+00	1	36	8	Las a aventuras de Rufi	2	Changed language and moderator_state.
65	2012-09-19 16:15:09.841219+00	1	36	8	Rufi Adventures	2	Changed reverse_id and moderator_state.
66	2012-09-20 17:18:49.742917+00	1	36	2	Infantium Method	2	Changed moderator_state.
67	2012-09-20 17:25:26.128605+00	1	36	2	Mtodo Infantium	2	Changed language and moderator_state.
68	2012-09-30 04:13:40.455925+00	1	36	3	Home	2	Changed title, slug, template, reverse_id, language and moderator_state.
69	2012-09-30 06:12:32.745206+00	1	32	1	hello: draft	1	
70	2012-09-30 06:52:29.990836+00	1	36	3	Home	2	Changed template and moderator_state.
71	2012-09-30 06:57:23.640737+00	1	32	1	hello: draft	2	Changed content.
72	2012-09-30 07:04:06.625481+00	1	32	1	Infantium: el sueo de cambiar la educacin mediante la tecnologa: draft	2	Changed title.
73	2012-09-30 07:05:53.623806+00	1	36	7	Trminos de Uso	2	Changed login_required and moderator_state.
74	2012-09-30 07:06:32.695281+00	1	32	1	Infantium: el sueo de cambiar la educacin mediante la tecnologa: draft	2	Changed content.
75	2012-10-04 17:44:23.193033+00	1	36	3	Home	2	Changed moderator_state.
76	2012-10-04 17:47:22.175919+00	1	36	3	Home	2	Changed page_title, meta_description, meta_keywords and moderator_state.
77	2012-10-04 17:53:19.156396+00	1	36	3	Inicio	2	Changed page_title, meta_description, meta_keywords, language and moderator_state.
\.


--
-- Data for Name: django_comment_flags; Type: TABLE DATA; Schema: public; Owner: -
--

COPY django_comment_flags (id, user_id, comment_id, flag, flag_date) FROM stdin;
\.


--
-- Data for Name: django_comments; Type: TABLE DATA; Schema: public; Owner: -
--

COPY django_comments (id, content_type_id, object_pk, site_id, user_id, user_name, user_email, user_url, comment, submit_date, ip_address, is_public, is_removed) FROM stdin;
\.


--
-- Data for Name: django_content_type; Type: TABLE DATA; Schema: public; Owner: -
--

COPY django_content_type (id, name, app_label, model) FROM stdin;
15	permission	auth	permission
16	group	auth	group
17	user	auth	user
18	content type	contenttypes	contenttype
19	session	sessions	session
20	site	sites	site
21	comment	comments	comment
22	comment flag	comments	commentflag
23	log entry	admin	logentry
24	user profile	web	userprofile
25	game	web	game
26	tag	tagging	tag
27	tagged item	tagging	taggeditem
28	migration history	south	migrationhistory
29	api access	tastypie	apiaccess
30	api key	tastypie	apikey
31	category	zinnia	category
32	entry	zinnia	entry
33	author	zinnia	author
34	placeholder	cms	placeholder
35	cms plugin	cms	cmsplugin
36	page	cms	page
37	PageModerator	cms	pagemoderator
38	Page moderator state	cms	pagemoderatorstate
39	Page global permission	cms	globalpagepermission
40	Page permission	cms	pagepermission
41	User (page)	cms	pageuser
42	User group (page)	cms	pageusergroup
43	title	cms	title
44	cache key	menus	cachekey
45	text	text	text
46	link	link	link
47	picture	picture	picture
48	file	file	file
49	video	video	video
50	twitter recent entries	twitter	twitterrecententries
51	twitter search	twitter	twittersearch
52	e-mail template	newsletter	emailtemplate
53	newsletter	newsletter	newsletter
54	subscription	newsletter	subscription
55	article	newsletter	article
56	message	newsletter	message
57	submission	newsletter	submission
58	user profile	db	userprofile
59	player	db	player
60	game	db	game
61	game play	db	gameplay
62	level	db	level
63	scene	db	scene
64	game route	db	gameroute
65	route_ node	db	route_node
66	cognitive area	db	cognitivearea
67	chart	db	chart
68	indicator	db	indicator
69	multiple intelligence	db	multipleintelligence
70	score	db	score
\.


--
-- Data for Name: django_session; Type: TABLE DATA; Schema: public; Owner: -
--

COPY django_session (session_key, session_data, expire_date) FROM stdin;
f1cb179642d7eb14cd503babf9e1cd01	YmUyODJiMWJkNzRiOGUyYzdjMjYyYTMwODQzNzgwNDMzMWUzNWY3ZjqAAn1xAShVDmNtc19hZG1p\nbl9zaXRlSwFVEl9hdXRoX3VzZXJfYmFja2VuZFUpZGphbmdvLmNvbnRyaWIuYXV0aC5iYWNrZW5k\ncy5Nb2RlbEJhY2tlbmRVCnRlc3Rjb29raWVVBndvcmtlZFUPZGphbmdvX2xhbmd1YWdlWAIAAABl\nc3ECVQ1fYXV0aF91c2VyX2lkSwF1Lg==\n	2012-09-07 16:18:17.271467+00
a2211bcdb1de2c34fc81a59fc741d565	ZDljNWE4NzQ2M2Y1OTVhYTFjYmE0ZGMxODY1MWUyZmFiZmQzODliNjqAAn1xAS4=\n	2012-09-07 14:48:24.179931+00
6bf4fab4b5d4bcca76a626f270da3eea	ZTBmZjYzNjE1ZmFkMThiOWZlZWNhYWY2YzA2YzU4Yzc1ZTQyMDU5ODqAAn1xAShVDmNtc19hZG1p\nbl9zaXRlSwFVDV9hdXRoX3VzZXJfaWRLAVUPZGphbmdvX2xhbmd1YWdlWAIAAABlbnECVRJfYXV0\naF91c2VyX2JhY2tlbmRVKWRqYW5nby5jb250cmliLmF1dGguYmFja2VuZHMuTW9kZWxCYWNrZW5k\ndS4=\n	2012-09-13 15:34:33.278101+00
88dab634ecd220ff35c94f356ff16908	MjFiNWQxMjZhMmFlNDE1MzQ3OGY4MjY4MzlhMTJlNGM2ODI2MDBiMjqAAn1xAShVDV9hdXRoX3Vz\nZXJfaWRLA1UPZGphbmdvX2xhbmd1YWdlWAIAAABlbnECVRJfYXV0aF91c2VyX2JhY2tlbmRVKWRq\nYW5nby5jb250cmliLmF1dGguYmFja2VuZHMuTW9kZWxCYWNrZW5kdS4=\n	2012-09-14 16:26:57.764281+00
c9ae1cc82ba943fb662b7cb5e0f6d35a	YjE4Y2RjYjMwN2JmYjNmMTJlMjEzNzlhNTcwNjk5YWE2ZjA5YWYzZDqAAn1xAShVEl9hdXRoX3Vz\nZXJfYmFja2VuZFUpZGphbmdvLmNvbnRyaWIuYXV0aC5iYWNrZW5kcy5Nb2RlbEJhY2tlbmRVD2Rq\nYW5nb19sYW5ndWFnZVgCAAAAZW5xAlUNX2F1dGhfdXNlcl9pZEsCdS4=\n	2012-09-13 16:27:18.127779+00
d310ef0fb9eb61aca087db164f32ae33	ZTBmZjYzNjE1ZmFkMThiOWZlZWNhYWY2YzA2YzU4Yzc1ZTQyMDU5ODqAAn1xAShVDmNtc19hZG1p\nbl9zaXRlSwFVDV9hdXRoX3VzZXJfaWRLAVUPZGphbmdvX2xhbmd1YWdlWAIAAABlbnECVRJfYXV0\naF91c2VyX2JhY2tlbmRVKWRqYW5nby5jb250cmliLmF1dGguYmFja2VuZHMuTW9kZWxCYWNrZW5k\ndS4=\n	2012-09-28 12:05:54.071889+00
703f97f58a6434507798923e90eee9ef	NDNjMjJjNGU0NWNmZWU2ZmJhNTVlZjc2NGExZjU2MjY2NzEzYzNiYzqAAn1xAShVCnRlc3Rjb29r\naWVxAlUGd29ya2VkcQNVD2RqYW5nb19sYW5ndWFnZVgCAAAAZW5xBHUu\n	2012-09-28 14:23:36.985933+00
da67770e3385b4c9709a1658fa933090	NDNjMjJjNGU0NWNmZWU2ZmJhNTVlZjc2NGExZjU2MjY2NzEzYzNiYzqAAn1xAShVCnRlc3Rjb29r\naWVxAlUGd29ya2VkcQNVD2RqYW5nb19sYW5ndWFnZVgCAAAAZW5xBHUu\n	2012-09-28 14:27:21.072698+00
c2831bd2f7bd58e322e43fb5e7c4b00c	MTA3ZGJiM2RkMjdmMWE1MjIzODYzZjg3ZDBhNDdjOWU4MTdhZDA0YzqAAn1xAShVDmNtc19hZG1p\nbl9zaXRlSwFVDV9hdXRoX3VzZXJfaWRLAVUPZGphbmdvX2xhbmd1YWdlWAIAAABlc3ECVRJfYXV0\naF91c2VyX2JhY2tlbmRVKWRqYW5nby5jb250cmliLmF1dGguYmFja2VuZHMuTW9kZWxCYWNrZW5k\ndS4=\n	2012-09-29 13:04:48.467354+00
4073ab3ae78b878dfa387d1808d81c0c	NmQ3NWRjY2QxMzQ5MmNiMDNhNWNhMmQzYzg5ZGFkMmY4YzdjNDhlNzqAAn1xAShVDmNtc19hZG1p\nbl9zaXRlSwFVEl9hdXRoX3VzZXJfYmFja2VuZFUpZGphbmdvLmNvbnRyaWIuYXV0aC5iYWNrZW5k\ncy5Nb2RlbEJhY2tlbmRVD2RqYW5nb19sYW5ndWFnZVgCAAAAZW5xAlUNX2F1dGhfdXNlcl9pZEsB\ndS4=\n	2012-10-02 15:50:58.379502+00
86d379b21931daaa4fc3f99f62a3a008	M2JkZTM2NjE4YmFkNGY2NDRiMDViMjk5NzVjYjE0NjY4OTg0YzA4OTqAAn1xAVUPZGphbmdvX2xh\nbmd1YWdlcQJYAgAAAGVucQNzLg==\n	2012-10-03 09:16:45.187493+00
6c30ba603e40bec49f07dee92a3af910	M2JkZTM2NjE4YmFkNGY2NDRiMDViMjk5NzVjYjE0NjY4OTg0YzA4OTqAAn1xAVUPZGphbmdvX2xh\nbmd1YWdlcQJYAgAAAGVucQNzLg==\n	2012-10-04 16:05:22.893672+00
422ac7cd59d2e968315d942eb3707a08	NmQ3NWRjY2QxMzQ5MmNiMDNhNWNhMmQzYzg5ZGFkMmY4YzdjNDhlNzqAAn1xAShVDmNtc19hZG1p\nbl9zaXRlSwFVEl9hdXRoX3VzZXJfYmFja2VuZFUpZGphbmdvLmNvbnRyaWIuYXV0aC5iYWNrZW5k\ncy5Nb2RlbEJhY2tlbmRVD2RqYW5nb19sYW5ndWFnZVgCAAAAZW5xAlUNX2F1dGhfdXNlcl9pZEsB\ndS4=\n	2012-10-04 16:06:58.235511+00
641d8ae4d1691e92cc16d141e912dd49	YmE4NWQ5NzYxNDk1YmU3YjdmNTg4OThkNjIyMmFkZTAxOTgzYjZjYTqAAn1xAVUPZGphbmdvX2xh\nbmd1YWdlcQJYAgAAAGVucy4=\n	2012-10-04 16:07:01.046777+00
0044a9022604fc15e25ae4b51501cac4	MjFiNWQxMjZhMmFlNDE1MzQ3OGY4MjY4MzlhMTJlNGM2ODI2MDBiMjqAAn1xAShVDV9hdXRoX3Vz\nZXJfaWRLA1UPZGphbmdvX2xhbmd1YWdlWAIAAABlbnECVRJfYXV0aF91c2VyX2JhY2tlbmRVKWRq\nYW5nby5jb250cmliLmF1dGguYmFja2VuZHMuTW9kZWxCYWNrZW5kdS4=\n	2012-10-04 16:07:28.157157+00
4f4ceba0ea4930dce14ed3ae60f1da61	YmE4NWQ5NzYxNDk1YmU3YjdmNTg4OThkNjIyMmFkZTAxOTgzYjZjYTqAAn1xAVUPZGphbmdvX2xh\nbmd1YWdlcQJYAgAAAGVucy4=\n	2012-10-04 17:40:29.38162+00
0f975264f6a201ade67daed6f8ced081	MjFiNWQxMjZhMmFlNDE1MzQ3OGY4MjY4MzlhMTJlNGM2ODI2MDBiMjqAAn1xAShVDV9hdXRoX3Vz\nZXJfaWRLA1UPZGphbmdvX2xhbmd1YWdlWAIAAABlbnECVRJfYXV0aF91c2VyX2JhY2tlbmRVKWRq\nYW5nby5jb250cmliLmF1dGguYmFja2VuZHMuTW9kZWxCYWNrZW5kdS4=\n	2012-10-04 17:41:25.962228+00
48164c99614416d488e19c8197454726	M2JkZTM2NjE4YmFkNGY2NDRiMDViMjk5NzVjYjE0NjY4OTg0YzA4OTqAAn1xAVUPZGphbmdvX2xh\nbmd1YWdlcQJYAgAAAGVucQNzLg==\n	2012-10-04 19:52:50.36159+00
a1b69a2d2c2ee20a125ce7e80d61e713	YmE4NWQ5NzYxNDk1YmU3YjdmNTg4OThkNjIyMmFkZTAxOTgzYjZjYTqAAn1xAVUPZGphbmdvX2xh\nbmd1YWdlcQJYAgAAAGVucy4=\n	2012-10-04 19:52:50.534321+00
06f0afde754fcae5e72650fae8a8df74	NDNjMjJjNGU0NWNmZWU2ZmJhNTVlZjc2NGExZjU2MjY2NzEzYzNiYzqAAn1xAShVCnRlc3Rjb29r\naWVxAlUGd29ya2VkcQNVD2RqYW5nb19sYW5ndWFnZVgCAAAAZW5xBHUu\n	2012-10-04 19:55:51.145076+00
8062f368fc2c1a98bb1f15e24079d824	NmQ3NWRjY2QxMzQ5MmNiMDNhNWNhMmQzYzg5ZGFkMmY4YzdjNDhlNzqAAn1xAShVDmNtc19hZG1p\nbl9zaXRlSwFVEl9hdXRoX3VzZXJfYmFja2VuZFUpZGphbmdvLmNvbnRyaWIuYXV0aC5iYWNrZW5k\ncy5Nb2RlbEJhY2tlbmRVD2RqYW5nb19sYW5ndWFnZVgCAAAAZW5xAlUNX2F1dGhfdXNlcl9pZEsB\ndS4=\n	2012-10-05 09:14:33.504971+00
fb84203eec0cdeb96b63a37890863f1b	M2JkZTM2NjE4YmFkNGY2NDRiMDViMjk5NzVjYjE0NjY4OTg0YzA4OTqAAn1xAVUPZGphbmdvX2xh\nbmd1YWdlcQJYAgAAAGVucQNzLg==\n	2012-10-05 09:31:18.295478+00
c18c78a03523a7cefce5809a6e0d2d97	YmE4NWQ5NzYxNDk1YmU3YjdmNTg4OThkNjIyMmFkZTAxOTgzYjZjYTqAAn1xAVUPZGphbmdvX2xh\nbmd1YWdlcQJYAgAAAGVucy4=\n	2012-10-05 09:31:18.499725+00
067ed6e4a09f2728d93d6766233391aa	YmE4NWQ5NzYxNDk1YmU3YjdmNTg4OThkNjIyMmFkZTAxOTgzYjZjYTqAAn1xAVUPZGphbmdvX2xh\nbmd1YWdlcQJYAgAAAGVucy4=\n	2012-10-05 09:43:23.782362+00
2780643926bdd84e536bee2c31e9a075	NDNjMjJjNGU0NWNmZWU2ZmJhNTVlZjc2NGExZjU2MjY2NzEzYzNiYzqAAn1xAShVCnRlc3Rjb29r\naWVxAlUGd29ya2VkcQNVD2RqYW5nb19sYW5ndWFnZVgCAAAAZW5xBHUu\n	2012-10-05 10:01:15.861274+00
0f0fb6a688e7cf940f33ef5eae4a78bc	ZTBmZjYzNjE1ZmFkMThiOWZlZWNhYWY2YzA2YzU4Yzc1ZTQyMDU5ODqAAn1xAShVDmNtc19hZG1p\nbl9zaXRlSwFVDV9hdXRoX3VzZXJfaWRLAVUPZGphbmdvX2xhbmd1YWdlWAIAAABlbnECVRJfYXV0\naF91c2VyX2JhY2tlbmRVKWRqYW5nby5jb250cmliLmF1dGguYmFja2VuZHMuTW9kZWxCYWNrZW5k\ndS4=\n	2012-10-05 10:57:22.401523+00
83193a638f3fcbda194efcbe7f4640a8	MDBiYjk3NGY2NDhiNWYzMjQyZGFkMzIwOWY2ZDk4NzEzZmM1MzMxMDqAAn1xAVUPZGphbmdvX2xh\nbmd1YWdlcQJYAgAAAGVzcQNzLg==\n	2012-10-10 16:45:21.401896+00
c6db3e9c7c71c413cbb1ed774df59a94	M2JkZTM2NjE4YmFkNGY2NDRiMDViMjk5NzVjYjE0NjY4OTg0YzA4OTqAAn1xAVUPZGphbmdvX2xh\nbmd1YWdlcQJYAgAAAGVucQNzLg==\n	2012-10-11 18:31:58.226398+00
7d4662fb432da5f31b7bc3ae90b86d09	YmE4NWQ5NzYxNDk1YmU3YjdmNTg4OThkNjIyMmFkZTAxOTgzYjZjYTqAAn1xAVUPZGphbmdvX2xh\nbmd1YWdlcQJYAgAAAGVucy4=\n	2012-10-11 18:31:58.326625+00
788ed23d2a2254c2c28a317126fc936e	ZTBmZjYzNjE1ZmFkMThiOWZlZWNhYWY2YzA2YzU4Yzc1ZTQyMDU5ODqAAn1xAShVDmNtc19hZG1p\nbl9zaXRlSwFVDV9hdXRoX3VzZXJfaWRLAVUPZGphbmdvX2xhbmd1YWdlWAIAAABlbnECVRJfYXV0\naF91c2VyX2JhY2tlbmRVKWRqYW5nby5jb250cmliLmF1dGguYmFja2VuZHMuTW9kZWxCYWNrZW5k\ndS4=\n	2012-10-11 18:34:52.217298+00
f4ff7786a2971c05974fc96af49872ca	ZTBmZjYzNjE1ZmFkMThiOWZlZWNhYWY2YzA2YzU4Yzc1ZTQyMDU5ODqAAn1xAShVDmNtc19hZG1p\nbl9zaXRlSwFVDV9hdXRoX3VzZXJfaWRLAVUPZGphbmdvX2xhbmd1YWdlWAIAAABlbnECVRJfYXV0\naF91c2VyX2JhY2tlbmRVKWRqYW5nby5jb250cmliLmF1dGguYmFja2VuZHMuTW9kZWxCYWNrZW5k\ndS4=\n	2012-10-11 18:58:11.343287+00
b731ea8223b60284e30305f9f68bf971	YmE4NWQ5NzYxNDk1YmU3YjdmNTg4OThkNjIyMmFkZTAxOTgzYjZjYTqAAn1xAVUPZGphbmdvX2xh\nbmd1YWdlcQJYAgAAAGVucy4=\n	2012-10-14 02:58:30.973799+00
d09c7cb3955a1d0b414f48477cf42458	NmQ3NWRjY2QxMzQ5MmNiMDNhNWNhMmQzYzg5ZGFkMmY4YzdjNDhlNzqAAn1xAShVDmNtc19hZG1p\nbl9zaXRlSwFVEl9hdXRoX3VzZXJfYmFja2VuZFUpZGphbmdvLmNvbnRyaWIuYXV0aC5iYWNrZW5k\ncy5Nb2RlbEJhY2tlbmRVD2RqYW5nb19sYW5ndWFnZVgCAAAAZW5xAlUNX2F1dGhfdXNlcl9pZEsB\ndS4=\n	2012-10-14 04:13:41.103064+00
04c975496d45428a4a6df47fe0a985af	YmE4NWQ5NzYxNDk1YmU3YjdmNTg4OThkNjIyMmFkZTAxOTgzYjZjYTqAAn1xAVUPZGphbmdvX2xh\nbmd1YWdlcQJYAgAAAGVucy4=\n	2012-10-14 06:50:04.189844+00
34f5df138715bf0d2ac7e2da65cf6a86	YmE4NWQ5NzYxNDk1YmU3YjdmNTg4OThkNjIyMmFkZTAxOTgzYjZjYTqAAn1xAVUPZGphbmdvX2xh\nbmd1YWdlcQJYAgAAAGVucy4=\n	2012-10-14 06:56:40.894887+00
f6c0ecc8dd5bbafc1cc95acb9c9ced82	NDNjMjJjNGU0NWNmZWU2ZmJhNTVlZjc2NGExZjU2MjY2NzEzYzNiYzqAAn1xAShVCnRlc3Rjb29r\naWVxAlUGd29ya2VkcQNVD2RqYW5nb19sYW5ndWFnZVgCAAAAZW5xBHUu\n	2012-10-14 06:56:41.677808+00
f0b1453ffc8609ec12b4f619c816f341	NmQ3NWRjY2QxMzQ5MmNiMDNhNWNhMmQzYzg5ZGFkMmY4YzdjNDhlNzqAAn1xAShVDmNtc19hZG1p\nbl9zaXRlSwFVEl9hdXRoX3VzZXJfYmFja2VuZFUpZGphbmdvLmNvbnRyaWIuYXV0aC5iYWNrZW5k\ncy5Nb2RlbEJhY2tlbmRVD2RqYW5nb19sYW5ndWFnZVgCAAAAZW5xAlUNX2F1dGhfdXNlcl9pZEsB\ndS4=\n	2012-10-14 07:05:54.304055+00
cd396e422d0518894f3d9b775a84d527	ZTBmZjYzNjE1ZmFkMThiOWZlZWNhYWY2YzA2YzU4Yzc1ZTQyMDU5ODqAAn1xAShVDmNtc19hZG1p\nbl9zaXRlSwFVDV9hdXRoX3VzZXJfaWRLAVUPZGphbmdvX2xhbmd1YWdlWAIAAABlbnECVRJfYXV0\naF91c2VyX2JhY2tlbmRVKWRqYW5nby5jb250cmliLmF1dGguYmFja2VuZHMuTW9kZWxCYWNrZW5k\ndS4=\n	2012-10-14 07:06:33.143628+00
590959e9b6b4a05f3578a76adf1755b0	YmE4NWQ5NzYxNDk1YmU3YjdmNTg4OThkNjIyMmFkZTAxOTgzYjZjYTqAAn1xAVUPZGphbmdvX2xh\nbmd1YWdlcQJYAgAAAGVucy4=\n	2012-10-14 07:06:35.790526+00
e3b547fbe1c7681022a3c1f7d8740573	M2JkZTM2NjE4YmFkNGY2NDRiMDViMjk5NzVjYjE0NjY4OTg0YzA4OTqAAn1xAVUPZGphbmdvX2xh\nbmd1YWdlcQJYAgAAAGVucQNzLg==\n	2012-10-14 07:06:36.848836+00
17f16caad844a4cba2215782b915a5fd	YTc1MTZkNTYzZjA3NjFlY2FmYzBjZmE0MGM0MGE1NmUzMzI4OWIxMDqAAn1xAVUKdGVzdGNvb2tp\nZXECVQZ3b3JrZWRxA3Mu\n	2012-10-14 07:06:37.998576+00
080b26454247dfae7b1778631af5bf09	YTc1MTZkNTYzZjA3NjFlY2FmYzBjZmE0MGM0MGE1NmUzMzI4OWIxMDqAAn1xAVUKdGVzdGNvb2tp\nZXECVQZ3b3JrZWRxA3Mu\n	2012-10-14 07:06:38.987305+00
1b534e38aadc40786cc7b9c199cac58c	MTg0NjMwYTY5YWE2ZjljZGE0NGMxNDM2ODg0YzIwNzM5ODYxZDg4NDqAAn1xAShVDmNtc19hZG1p\nbl9zaXRlSwFVDV9hdXRoX3VzZXJfaWRLAVUPZGphbmdvX2xhbmd1YWdlWAIAAABlbnECVRJfYXV0\naF91c2VyX2JhY2tlbmRVKWRqYW5nby5jb250cmliLmF1dGguYmFja2VuZHMuTW9kZWxCYWNrZW5k\nVRtyb3NldHRhX2kxOG5fY2F0YWxvZ19maWx0ZXJYBwAAAHByb2plY3R1Lg==\n	2012-10-18 18:06:38.196571+00
\.


--
-- Data for Name: django_site; Type: TABLE DATA; Schema: public; Owner: -
--

COPY django_site (id, domain, name) FROM stdin;
2	infantium.es	Infantium_ES
1	infantium.com	Infantium
\.


--
-- Data for Name: menus_cachekey; Type: TABLE DATA; Schema: public; Owner: -
--

COPY menus_cachekey (id, language, site, key) FROM stdin;
\.


--
-- Data for Name: newsletter_article; Type: TABLE DATA; Schema: public; Owner: -
--

COPY newsletter_article (id, sortorder, title, text, url, image, thumb, post_id) FROM stdin;
\.


--
-- Data for Name: newsletter_emailtemplate; Type: TABLE DATA; Schema: public; Owner: -
--

COPY newsletter_emailtemplate (id, title, action, subject, text, html) FROM stdin;
1	Default	message	{{ newsletter.title }} - {{ message.title }}	++++++++++++++++++++\r\n\r\n{{ newsletter.title }} {{ message.title }}\r\n\r\n++++++++++++++++++++\r\n\r\n{% for article in message.articles.all %}\r\n{{ article.title }}\r\n{{ article.text|striptags|safe }}\r\n\r\n{% endfor %}\r\n\r\n++++++++++++++++++++	
2	Default	subscribe	{{ newsletter.title }} - Confirm subscription	Dear {{ subscription.name }},\r\n\r\nyou, or someone in your name requested a subscription to {{ newsletter.title }}.\r\n\r\nIf you would like to confirm your subscription, please follow this activation link:\r\nhttp://{{ site.domain }}{{ subscription.subscribe_activate_url }}\r\n\r\nKind regards,\r\n{{ newsletter.sender }}	
3	Default	unsubscribe	{{ newsletter.title }} - Confirm unsubscription	Dear {{ subscription.name }},\r\n\r\nyou, or someone in your name requested unsubscription from {{ newsletter.title }}.\r\n\r\nIf you would like to confirm your subscription, please follow this activation link:\r\nhttp://{{ site.domain }}{{ subscription.unsubscribe_activate_url }}\r\n\r\nKind regards,\r\n{{ newsletter.sender }}	
4	Default	update	{{ newsletter.title }} - Update information	Dear {{ subscription.name }},\r\n\r\nyou, or someone in your name requested updating your personal information for {{ newsletter.title }}.\r\n\r\nTo make changes to your information in our database, please follow this activation link:\r\nhttp://{{ site.domain }}{{ subscription.update_activate_url }}\r\n\r\nKind regards,\r\n{{ newsletter.sender }}	
5	Newsletter Template	message	{{ newsletter.title }} - {{ message.title }}	--	<!DOCTYPE HTML>\r\n<html lang="en-US">\r\n<head>\r\n\t<meta charset="UTF-8">\r\n\t<meta name="viewport" content="width=device-width, initial-scale=1, maximum-scale=1, user-scalable=0">\r\n\t<title>{{ newsletter.title }} - {{ message.title }}</title>\r\n\t<style type="text/css">\r\n\t\t/* EMBEDDED CSS\r\n\t\tAndroid Mail doesn't support "class" declarations outside of a media query so use inline CSS as a rule.\r\n\t\tMore info: Http://www.emailonacid.com/blog/the_android_mail_app_and_css_class_declarations/ */\r\n\r\n\r\n\t\t/****** EMAIL CLIENT BUG FIXES - BEST NOT TO CHANGE THESE ********/\r\n\r\n\r\n\t\t/* Forces Hotmail to display emails at full width. */\r\n\t\t.ExternalClass {width:100%;}\r\n\r\n\t\t/* Forces Hotmail to display normal line spacing. */\r\n\t\t.ExternalClass, .ExternalClass p, .ExternalClass span, .ExternalClass font, .ExternalClass td, .ExternalClass div {line-height:100%;}\r\n\r\n\t\t/* Prevents Webkit and Windows Mobile platforms from changing default font sizes. */\r\n\t\tbody {-webkit-text-size-adjust:none; -ms-text-size-adjust:none;}\r\n\r\n\t\t/* Resets all body margins and padding to "0" for good measure. */\r\n\t\tbody {margin:0; padding:0;}\r\n\r\n\t\t/* Resolves webkit padding issue. */\r\n\t\ttable {border-spacing:0;}\r\n\r\n\t\t/* Resolves the Outlook 2007, 2010, and Gmail td padding issue. */\r\n\t\ttable td {border-collapse:collapse;}\r\n\r\n\r\n\t\t/****** END BUG FIXES ********/\r\n\r\n\r\n\t\t/****** RESETTING DEFAULTS, IT IS BEST TO OVERWRITE THESE STYLES INLINE ********/\r\n\r\n\r\n\t\t/* This sets a clean slate for all clients EXCEPT Gmail.\r\n\t\tFrom there it forces you to do all of your spacing inline during the development process.\r\n\t\tBe sure to stick to margins because paragraph padding is not supported by Outlook 2007/2010.\r\n\t\tRemember: Hotmail does not support "margin" nor the "margin-top" properties.\r\n\t\tStick to "margin-bottom", "margin-left", "margin-right" in order to control spacing.\r\n\t\tIt also wise to set the inline top-margin to "0" for consistancy in Gmail for every inline instance\r\n\t\tof a paragraph tag. */\t\r\n\t\tp {margin:0; padding:0; margin-bottom:0;}\r\n\r\n\t\t/* This CSS will overwrite Hotmails default CSS and make your headings appear consistant with Gmail.\r\n\t\tFrom there, you can override with inline CSS if needed. */\r\n\t\th1, h2, h3, h4, h5, h6 {color:#59A2BC; line-height:100%;}\r\n\r\n\r\n\t\t/****** END RESETTING DEFAULTS ********/\r\n\r\n\r\n\t\t/****** EDITABLE STYLES - FOR YOUR TEMPLATE ********/\r\n\r\n\r\n\t\t/* The "body" is defined here for Yahoo Beta because it does not support your body tag. Instead, it will\r\n\t\tcreate a wrapper div around your email and that div will inherit your embedded body styles.\r\n\t\tThe "#body_style" is defined for AOL because it does not support your embedded body definition nor\r\n\t\tyour body tag, we will use this class in our wrapper div. */\r\n\t\tbody, #body_style {width:100% !important; min-height:1000px; color:#626264; background:#eee; font-family:Tahoma,Arial,Helvetica,sans-serif; font-size:13px; line-height:1.4;}\r\n\r\n\t\t/* This is the embedded CSS link color for Gmail. This will overwrite Hotmail and Yahoo Beta's\r\n\t\tembedded link colors and make it consistent with Gmail. Also use this rule on inline CSS. */\r\n\t\ta {color:#59A2BC; text-decoration:none;}\r\n\r\n\t\t/* There is no way to set these inline so you have the option of adding pseudo class definitions here.\r\n\t\tThey won't work for Gmail or older Lotus Notes but it's a nice addition for all other clients. */\r\n\t\ta:link {color:#59A2BC; text-decoration:none;}\r\n\t\ta:visited {color:#9d470a; text-decoration:none;}\r\n\t\ta:focus {color:#59A2BC !important;}\r\n\t\ta:hover {color:#B2D1E0 !important;}\r\n\r\n\t\t/* A nice and clean way to target phone numbers you want clickable and avoid a mobile phone from\r\n\t\tlinking other numbers that look like, but are not phone numbers. Use these two blocks of code to\r\n\t\t"unstyle" any numbers that may be linked. The second block gives you a class ".mobile_link" to apply\r\n\t\twith a span tag to the numbers you would like linked and styled.\r\n\t\tMore info: http://www.campaignmonitor.com/blog/post/3571/using-phone-numbers-in-html-email/ */\r\n\t\ta[href^="tel"], a[href^="sms"] {text-decoration:none; color:#333333; pointer-events:none; cursor:default;}\r\n\t\t.mobile_link a[href^="tel"], .mobile_link a[href^="sms"] {text-decoration:default; color:#6e5c4f !important; pointer-events:auto; cursor:default;}\r\n\r\n\r\n\t\t/****** MEDIA QUERIES ********/\r\n\t\t/* You must use attribute selectors in your media queries to prevent Yahoo from rendering these styles.  \r\n\t\tWe added a yahoo attribute in the body tag to complete this fix. \r\n\t\tMore info: http://www.emailonacid.com/blog/details/C13/stop_yahoo_mail_from_rendering_your_media_queries */\r\n\r\n\t\t/* Target mobile devices. */\r\n\t\t/* @media only screen and (max-device-width: 639px) { */\r\n\t\t@media only screen and (max-width: 639px) { /* TEMPORARY */\r\n      \r\n\t\t\t/* Hide elements at smaller screen sizes (!important needed to override inline CSS). */\r\n\t\t\tbody[yahoo] .hide {display:none !important;}\r\n\r\n\t\t\t/* Adjust table widths at smaller screen sizes. */\r\n\t\t\tbody[yahoo] .table {width:320px !important;}\r\n\t\t\tbody[yahoo] .innertable {width:280px !important;}\r\n\r\n\t\t\t/* Resize hero image at smaller screen sizes. */\r\n\t\t\tbody[yahoo] .heroimage {width:280px !important; height:100px !important;}\r\n\r\n\t\t\t/* Resize page shadow at smaller screen sizes. */\r\n\t\t\tbody[yahoo] .shadow {width:280px !important; height:4px !important;}\r\n\r\n\t\t\t/* Collapse footer columns. */\r\n\t\t\tbody[yahoo] .footer-left  {width:320px !important;}\r\n\t\t\tbody[yahoo] .footer-right {width:320px !important;}\r\n\t\t\tbody[yahoo] .footer-right img {float:left !important; margin:0 1em 0 0 !important;}\r\n\t\t\t\r\n\t\t\tul {margin-left:0;padding:0;list-style-position:outside;}\r\n\t\t\tli {margin-left:15px !important;padding-left:0;}\r\n\r\n\t\t}\r\n\r\n\t\t/* Target tablet devices. */\r\n\t\t/* @media only screen and (min-device-width: 640px) and (max-device-width: 1024px) { */\r\n\t\t@media only screen and (min-width: 640px) and (max-width: 1024px) { /* TEMPORARY */\r\n\r\n\t\t}\r\n\r\n\t\t/*** END EDITABLE STYLES ***/\r\n\r\n\r\n\t\t/****** TEMPORARY - THESE SHOULD BE MOVED INLINE AT END OF YOUR DEVELOPMENT PROCESS ********/\r\n\r\n\t\th1 {font-size:24px; line-height:1.11538461538462; font-weight:normal; margin-top:0; margin-bottom:0;}\r\n\r\n\t\tp {margin-top:0; margin-bottom:0;}\r\n\r\n\t\timg {display:block; border:none; outline:none; text-decoration:none;}\r\n\r\n\t\t/* Remove spacing around Outlook 07, 10 tables */\r\n\t\ttable {border-collapse:collapse; mso-table-lspace:0pt; mso-table-rspace:0pt;}\r\n\r\n\t\t/*** END TEMPORARY ***/\r\n\t</style>\r\n</head>\r\n\r\n\r\n<body style="width:100% !important; min-height:1000px; color:#333333; background:#eee; font-family:Arial,Helvetica,sans-serif; font-size:13px; line-height:1.4;"\r\nalink="#9d470a" link="#9d470a" bgcolor="#e0dbcf" text="#333333" yahoo="fix">\r\n\r\n\t<!-- You may adjust each of the values above for your template as needed.\r\n\r\n\tWe've included the style attribute for Gmail because it does not support embedded CSS and it will convert this body tag to\r\n\ta div. Since it gets converted to a div, the other body attributes like bgcolor are ignored.\r\n\r\n\tWe included body attributes (alink, link, bgcolor and text) for Lotus Notes 6.5 and 7, as these clients do not offer much\r\n\tsupport for embedded nor inline CSS. \r\n\r\n\tThe "min-height" attribute is set for Gmail and AOL since they will be converting this body tag to a div and we want our\r\n\tbackground color to reach the bottom of the page. \r\n\r\n\tThe yahoo attribute is added if you are using media queries for mobile devices (see media queries above) -->\r\n\r\n\t<!--PAGE WRAPPER-->\r\n\t<div id="body_style"> \r\n\r\n\t\t<!-- Wrapper/Container Table: Use a wrapper table to control the width and the background color consistently of your email. Use this approach instead of setting attributes on the body tag. -->\r\n    \t<table cellpadding="0" cellspacing="0" border="0" style="width:100% !important; margin:0;margin-top:15px;padding:0;">\r\n\t\t\t<tr bgcolor="#eee">\r\n\t\t\t\t<td>\r\n\r\n\t\t\t\t\t<!-- Tables are the most common way to format your email consistently. Set your table widths inside cells and in most cases reset cellpadding, cellspacing, and border to zero. Use nested tables as a way to space effectively in your message. -->\r\n\t\t\t\t\t<table width="600" cellpadding="0" cellspacing="0" border="0" align="center" class="table">\r\n\r\n\t          \t\t\t<!-- PREHEADER -->\r\n\t\t\t\t\t\t<tr>\r\n\t\t\t\t\t\t\t<td>\r\n\t\t\t\t\t\t\t\t<table width="100%" cellpadding="10" cellspacing="0" border="0">\r\n\t\t\t\t\t\t\t\t\t<tr>\r\n\t\t\t\t\t\t\t\t\t\t<td valign="top" style="font-size:11px;color:#626264;font-family:Tahoma,Arial,Helvetica,Verdana,sans-serif;" align="center">\r\n\t\t\t\t\t\t\t\t\t\t\tIs this email not displaying correctly? <a href="*|ARCHIVE|*" target="_blank" style="color:#59A2BC; text-decoration:none;">View it in your browser</a>.\r\n\t\t\t\t\t\t\t\t\t\t</td>\r\n\t\t\t\t\t\t\t\t\t</tr>\r\n\t\t\t\t\t\t\t\t</table>\r\n\t\t\t\t\t\t\t</td>\r\n\t\t\t\t\t\t</tr>\r\n\t\t\t\t\t\t<!-- /PREHEADER -->\r\n\r\n\t\t\t\t\t\t<!-- HEADER -->\r\n\t\t\t\t\t\t<tr>\r\n\t\t\t\t \t\t\t<td>\r\n\t\t\t\t\t\t\t\t<!-- set a value for bgcolor -->\r\n\t\t\t\t\t\t\t\t<table bgcolor="#38708c" text="#626264" width="100%" cellpadding="0" cellspacing="0" border="0" style="background-image:url('{{ STATIC_URL }}img/header-background.png');background-repeat:repeat-x;background-position:bottom left;">\r\n\t\t\t\t\t\t\t\t\t<!-- header -->\r\n\t\t\t\t\t\t\t\t\t<tr>\r\n\t\t\t\t\t\t\t\t\t\t<td colspan="3" height="30"></td>\r\n\t\t\t\t\t\t\t\t\t</tr>\r\n\t\t\t\t\t\t\t\t\t<tr>\r\n\t\t\t\t\t\t\t\t\t\t<td width="30">&nbsp;</td>\r\n\t\t\t\t\t\t\t\t\t\t<td width="540" height="51" valign="middle">\r\n\t\t\t\t                        \t<a href="http://{{ site.domain }}" target="_blank"><img src="{{ STATIC_URL }}img/logos/infantium-logo.png" width="150" height="51" border="0" alt="Infantium. Developing minds." title="Infantium. Developing minds." style="color:#fff;font-size:14px;font-family:Tahoma,Arial,Helvetica,Verdana,sans-serif;font-weight:bold;"></a>\r\n\t\t\t\t\t\t\t\t\t\t<td width="30">&nbsp;</td>\r\n\t\t\t\t\t\t\t\t\t</tr>\r\n\t\t\t\t\t\t\t\t\t<tr>\r\n\t\t\t\t\t\t\t\t\t\t<td colspan="3" height="30"></td>\r\n\t\t\t\t\t\t\t\t\t</tr>\r\n\t\t\t\t                </table>\r\n\t\t\t\t\t\t\t</td>\r\n\t\t\t\t\t\t</tr>\r\n\t\t\t\t\t\t<!-- /HEADER -->\r\n\r\n\r\n\t\t\t\t\t\t<!-- CONTENT -->\r\n\t\t\t\t\t\t<tr bgcolor="#ffffff">\r\n\t\t\t\t\t\t\t<td style="padding-top:20px;">\r\n\r\n\t\t\t\t\t\t\t\t<!-- hero article -->\r\n\t\t\t\t\t\t\t\t<table style="margin-bottom:2em;" width="560" cellpadding="0" cellspacing="0" border="0" align="center" class="innertable">\r\n\t\t\t\t\t\t\t\t\t<tr>\r\n\t\t\t\t\t\t\t\t\t\t<td>\r\n\t\t\t\t\t\t\t\t\t\t\t<table bgcolor="#ffffff" width="100%" cellpadding="10" cellspacing="0" border="0">\r\n\t\t\t\t\t\t\t\t\t\t\t\t<tr>\r\n\t\t\t\t\t\t\t\t\t\t\t\t\t<td>\r\n\t\t\t\t\t\t\t\t\t\t\t\t\t\t<h1 style="margin:0;padding:0;font-size:24px;font-family:Tahoma,Arial,Helvetica,Verdana,sans-serif;font-weight:bold;color:#59A2BC;"><a href="#" style="color:#59A2BC;text-decoration:none;">Metodo Infantium</a></h1>\r\n\t\t\t\t\t\t\t\t\t\t\t\t\t\t<p style="font-size:16px;font-family:Tahoma,Arial,Helvetica,Verdana,sans-serif;margin-top:1em;line-height:1.5;color:#626264; margin-bottom:0;">Nulla facilisi. Nullam id nibh vel velit laoreet ultricies. Morbi laoreet gravi gravida magna in mollis. Duis dictum feugiat odio lorem facta. Nulla facilisi. Nullam id nibh vel velit laoreet ultricies. Morbi laoreet gravi gravida magna in mollis. Duis dictum feugiat odio lorem facta. <a href="#" text="#59A2BC" style="color:#59A2BC;text-decoration:underline;">Leer mas</a>.</p>\r\n\t\t\t\t\t\t\t\t\t\t\t\t\t</td>\r\n\t\t\t\t\t\t\t\t\t\t\t\t</tr>\r\n\t\t\t\t\t\t\t\t\t\t\t</table>\r\n\t\t\t\t\t\t\t\t\t\t</td>\r\n\t\t\t\t\t\t\t\t\t</tr>\r\n\t\t\t\t\t\t\t\t</table>\r\n\t\t\t\t\t\t\t\t<!-- /hero article -->\r\n\r\n\t\t\t\t\t\t\t\t<!-- normal article -->\r\n\t\t\t\t\t\t\t\t<table style="margin-bottom:2em;" width="560" cellpadding="0" cellspacing="0" border="0" align="center" class="innertable">\r\n\t\t\t\t\t\t\t\t\t<tr>\r\n\t\t\t\t\t\t\t\t\t\t<td>\r\n\t\t\t\t\t\t\t\t\t\t\t<table bgcolor="#ffffff" width="100%" cellpadding="10" cellspacing="0" border="0">\r\n\t\t\t\t\t\t\t\t\t\t\t\t<tr>\r\n\t\t\t\t\t\t\t\t\t\t\t\t\t<td>\r\n\t\t\t\t\t\t\t\t\t\t\t\t\t\t<h2 style="margin:0;padding:0;font-size:16px;font-family:Tahoma,Arial,Helvetica,Verdana,sans-serif;font-weight:bold;color:#59A2BC;"><a href="#" style="color:#59A2BC;text-decoration:none;">Metodo Infantium</a></h2>\r\n\t\t\t\t\t\t\t\t\t\t\t\t\t\t<p style="font-size:16px;font-family:Tahoma,Arial,Helvetica,Verdana,sans-serif;margin-top:1em;line-height:1.5;color:#626264; margin-bottom:0;">Nulla facilisi. Nullam id nibh vel velit laoreet ultricies. Morbi laoreet gravi gravida magna in mollis. Duis dictum feugiat odio lorem facta. Nulla facilisi.</p>\r\n\t\t\t\t\t\t\t\t\t\t\t\t\t\t<ul style="font-size:16px;font-family:Tahoma,Arial,Helvetica,Verdana,sans-serif;margin-top:1em;line-height:1.5;color:#626264; margin-top:1em;">\r\n\t\t\t\t\t\t\t\t\t\t\t\t\t\t\t<li style="font-size:16px;font-family:Tahoma,Arial,Helvetica,Verdana,sans-serif;margin-top:1em;line-height:1.5;color:#626264; margin:0;"><a href="#" style="color:#59A2BC;text-decoration:underline;">Nullam ud nibh vel</a> velit laoreet ultriricies.</li>\r\n\t\t\t\t\t\t\t\t\t\t\t\t\t\t\t<li style="font-size:16px;font-family:Tahoma,Arial,Helvetica,Verdana,sans-serif;margin-top:1em;line-height:1.5;color:#626264; margin:0;"><a href="#" style="color:#59A2BC;text-decoration:underline;">Morbi laoreet gravi</a> gravida magna in mollis.</li>\r\n\t\t\t\t\t\t\t\t\t\t\t\t\t\t\t<li style="font-size:16px;font-family:Tahoma,Arial,Helvetica,Verdana,sans-serif;margin-top:1em;line-height:1.5;color:#626264; margin:0;"><a href="#" style="color:#59A2BC;text-decoration:underline;">Duis dictum feugiat</a> odio lorem facta.</li>\r\n\t\t\t\t\t\t\t\t\t\t\t\t\t\t</ul>\r\n\t\t\t\t\t\t\t\t\t\t\t\t\t\t<p style="font-size:16px;font-family:Tahoma,Arial,Helvetica,Verdana,sans-serif;margin-top:1em;line-height:1.5;color:#626264; margin-bottom:0;">Nulla facilisi. Nullam id nibh vel velit laoreet ultricies. Morbi laoreet gravi gravida magna in mollis. Duis dictum feugiat odio lorem facta. Nulla facilisi. <a href="#" style="color:#59A2BC;text-decoration:underline;">Leer mas</a>.</p>\r\n\t\t\t\t\t\t\t\t\t\t\t\t\t</td>\r\n\t\t\t\t\t\t\t\t\t\t\t\t</tr>\r\n\t\t\t\t\t\t\t\t\t\t\t</table>\r\n\t\t\t\t\t\t\t\t\t\t</td>\r\n\t\t\t\t\t\t\t\t\t</tr>\r\n\t\t\t\t\t\t\t\t</table>\r\n\t\t\t\t\t\t\t\t<!-- /normal article -->\r\n\t\t\t\t\t\t\t\t\r\n\t\t\t\t\t\t\t\t<!-- normal article -->\r\n\t\t\t\t\t\t\t\t<table style="margin-bottom:2em;" width="560" cellpadding="0" cellspacing="0" border="0" align="center" class="innertable">\r\n\t\t\t\t\t\t\t\t\t<tr>\r\n\t\t\t\t\t\t\t\t\t\t<td>\r\n\t\t\t\t\t\t\t\t\t\t\t<table bgcolor="#ffffff" width="100%" cellpadding="10" cellspacing="0" border="0">\r\n\t\t\t\t\t\t\t\t\t\t\t\t<tr>\r\n\t\t\t\t\t\t\t\t\t\t\t\t\t<td>\r\n\t\t\t\t\t\t\t\t\t\t\t\t\t\t<h2 style="margin:0;padding:0;font-size:16px;font-family:Tahoma,Arial,Helvetica,Verdana,sans-serif;font-weight:bold;color:#59A2BC;"><a href="#" style="color:#59A2BC;text-decoration:none;">Metodo Infantium</a></h2>\r\n\t\t\t\t\t\t\t\t\t\t\t\t\t\t<p style="font-size:16px;font-family:Tahoma,Arial,Helvetica,Verdana,sans-serif;margin-top:1em;line-height:1.5;color:#626264; margin-bottom:0;">Nulla facilisi. Nullam id nibh vel velit laoreet ultricies. Morbi laoreet gravi gravida magna in mollis. Duis dictum feugiat odio lorem facta. Nulla facilisi. Nullam id nibh vel velit laoreet ultricies. Morbi laoreet gravi gravida magna in mollis. Duis dictum feugiat odio lorem facta.</p>\r\n\t\t\t\t\t\t\t\t\t\t\t\t\t\t<p align="center" style="font-size:16px;font-family:Tahoma,Arial,Helvetica,Verdana,sans-serif;margin-top:1em;line-height:1.5;color:#626264; margin-bottom:0;"><img src="http://placehold.it/260x130" align="center" style="margin:0;display:block;"></p>\r\n\t\t\t\t\t\t\t\t\t\t\t\t\t\t<p style="font-size:16px;font-family:Tahoma,Arial,Helvetica,Verdana,sans-serif;margin-top:1em;line-height:1.5;color:#626264; margin-bottom:0;">Nulla facilisi. Nullam id nibh vel velit laoreet ultricies. Morbi laoreet gravi gravida magna in mollis. Duis dictum feugiat odio lorem facta. Nulla facilisi. Nullam id nibh vel velit laoreet ultricies. Morbi laoreet gravi gravida magna in mollis. Duis dictum feugiat odio lorem facta. <a href="#" text="#59A2BC" style="color:#59A2BC;text-decoration:underline">Leer mas</a>.</p>\r\n\t\t\t\t\t\t\t\t\t\t\t\t\t</td>\r\n\t\t\t\t\t\t\t\t\t\t\t\t</tr>\r\n\t\t\t\t\t\t\t\t\t\t\t</table>\r\n\t\t\t\t\t\t\t\t\t\t</td>\r\n\t\t\t\t\t\t\t\t\t</tr>\r\n\t\t\t\t\t\t\t\t</table>\r\n\t\t\t\t\t\t\t\t<!-- /normal article -->\r\n\r\n\t\t\t\t\t\t\t\t<!-- normal article -->\r\n\t\t\t\t\t\t\t\t<table style="margin-bottom:2em;" width="560" cellpadding="0" cellspacing="0" border="0" align="center" class="innertable">\r\n\t\t\t\t\t\t\t\t\t<tr>\r\n\t\t\t\t\t\t\t\t\t\t<td>\r\n\t\t\t\t\t\t\t\t\t\t\t<table bgcolor="#ffffff" width="100%" cellpadding="10" cellspacing="0" border="0">\r\n\t\t\t\t\t\t\t\t\t\t\t\t<tr>\r\n\t\t\t\t\t\t\t\t\t\t\t\t\t<td>\r\n\t\t\t\t\t\t\t\t\t\t\t\t\t\t<h2 style="margin:0;padding:0;font-size:16px;font-family:Tahoma,Arial,Helvetica,Verdana,sans-serif;font-weight:bold;color:#59A2BC;"><a href="#" style="color:#59A2BC;text-decoration:none;">Metodo Infantium</a></h2>\r\n\t\t\t\t\t\t\t\t\t\t\t\t\t\t<p style="font-size:16px;font-family:Tahoma,Arial,Helvetica,Verdana,sans-serif;margin-top:1em;line-height:1.5;color:#626264; margin-bottom:0;"><img src="http://placehold.it/100x100" align="left" style="margin:0 15px 15px 0;display:block;" class="hide">Nulla facilisi. Nullam id nibh vel velit laoreet ultricies. Morbi laoreet gravi gravida magna in mollis. Duis dictum feugiat odio lorem facta. Nulla facilisi. Nullam id nibh vel velit laoreet ultricies. Morbi laoreet gravi gravida magna in mollis. Duis dictum feugiat odio lorem facta. <a href="#" text="#59A2BC" style="color:#59A2BC;text-decoration:underline">Leer mas</a>.</p>\r\n\t\t\t\t\t\t\t\t\t\t\t\t\t</td>\r\n\t\t\t\t\t\t\t\t\t\t\t\t</tr>\r\n\t\t\t\t\t\t\t\t\t\t\t</table>\r\n\t\t\t\t\t\t\t\t\t\t</td>\r\n\t\t\t\t\t\t\t\t\t</tr>\r\n\t\t\t\t\t\t\t\t</table>\r\n\t\t\t\t\t\t\t\t<!-- /normal article -->\r\n\r\n\t\t\t\t\t\t\t\t<!-- normal article -->\r\n\t\t\t\t\t\t\t\t<table style="margin-bottom:2em;" width="560" cellpadding="0" cellspacing="0" border="0" align="center" class="innertable">\r\n\t\t\t\t\t\t\t\t\t<tr>\r\n\t\t\t\t\t\t\t\t\t\t<td>\r\n\t\t\t\t\t\t\t\t\t\t\t<table bgcolor="#ffffff" width="100%" cellpadding="10" cellspacing="0" border="0">\r\n\t\t\t\t\t\t\t\t\t\t\t\t<tr>\r\n\t\t\t\t\t\t\t\t\t\t\t\t\t<td>\r\n\t\t\t\t\t\t\t\t\t\t\t\t\t\t<h2 style="margin:0;padding:0;font-size:16px;font-family:Tahoma,Arial,Helvetica,Verdana,sans-serif;font-weight:bold;color:#59A2BC;"><a href="#" style="color:#59A2BC;text-decoration:none;">Metodo Infantium</a></h2>\r\n\t\t\t\t\t\t\t\t\t\t\t\t\t\t<p style="font-size:16px;font-family:Tahoma,Arial,Helvetica,Verdana,sans-serif;margin-top:1em;line-height:1.5;color:#626264; margin-bottom:0;"><img src="http://placehold.it/100x100" align="right" style="margin:0 0 15px 15px;display:block;" class="hide">Nulla facilisi. Nullam id nibh vel velit laoreet ultricies. Morbi laoreet gravi gravida magna in mollis. Duis dictum feugiat odio lorem facta. Nulla facilisi. Nullam id nibh vel velit laoreet ultricies. Morbi laoreet gravi gravida magna in mollis. Duis dictum feugiat odio lorem facta. <a href="#" text="#59A2BC" style="color:#59A2BC;text-decoration:underline">Leer mas</a>.</p>\r\n\t\t\t\t\t\t\t\t\t\t\t\t\t</td>\r\n\t\t\t\t\t\t\t\t\t\t\t\t</tr>\r\n\t\t\t\t\t\t\t\t\t\t\t</table>\r\n\t\t\t\t\t\t\t\t\t\t</td>\r\n\t\t\t\t\t\t\t\t\t</tr>\r\n\t\t\t\t\t\t\t\t</table>\r\n\t\t\t\t\t\t\t\t<!-- /normal article -->\r\n\r\n\t\t\t\t\t\t\t</td>\r\n\t\t\t\t\t\t</tr>\r\n\t\t\t\t\t\t<!-- /CONTENT -->\r\n\r\n\r\n\t\t\t\t\t\t<!-- FOOTER -->\r\n\t\t\t\t\t\t<tr>\r\n\t\t\t\t\t\t\t<td>\r\n\t\t\t\t\t\t\t\t<table width="100%" cellpadding="10" cellspacing="0" border="0">\r\n\t\t\t\t\t\t\t\t\t<tr>\r\n\t\t\t\t\t\t\t\t\t\t<td valign="top" align="center" style="font-size:11px;color:#626264;font-family:Tahoma,Arial,Helvetica,Verdana,sans-serif;">\r\n\t\t\t\t\t\t \t\t\t\t\tYou have received this email because bla bla bla bla.<br>\r\n\t\t\t\t\t\t\t\t\t\t\tClick here to <a href="http://{{ site.domain }}{{ subscription.unsubscribe_activate_url }}" color="#59A2BC;" style="color:#59A2BC;text-decoration:underline;">unsubscribe</a> from future emails.\r\n\t\t\t\t\t\t\t\t\t\t</td>\r\n\t\t\t\t\t\t\t\t\t</tr>\r\n\t\t\t\t\t\t\t\t</table>\r\n\t\t\t\t\t\t\t</td>\r\n\t\t\t\t\t\t</tr>\r\n\t\t\t\t\t\t<!-- /FOOTER -->\r\n\r\n\t\t\t\t\t</table>\r\n\t\t\t\t</td>\r\n\t\t\t</tr>\r\n\t\t</table>  \r\n\t\t<!-- End of wrapper table -->\r\n\t</div>\r\n\r\n</body>\r\n</html>\r\n
\.


--
-- Data for Name: newsletter_message; Type: TABLE DATA; Schema: public; Owner: -
--

COPY newsletter_message (id, title, slug, newsletter_id, date_create, date_modify) FROM stdin;
\.


--
-- Data for Name: newsletter_newsletter; Type: TABLE DATA; Schema: public; Owner: -
--

COPY newsletter_newsletter (id, title, slug, email, sender, visible, subscribe_template_id, unsubscribe_template_id, update_template_id, message_template_id) FROM stdin;
1	Infantium	infantium	no-reply@infantium.com	Infantium	t	2	3	4	5
\.


--
-- Data for Name: newsletter_newsletter_site; Type: TABLE DATA; Schema: public; Owner: -
--

COPY newsletter_newsletter_site (id, newsletter_id, site_id) FROM stdin;
3	1	1
\.


--
-- Data for Name: newsletter_submission; Type: TABLE DATA; Schema: public; Owner: -
--

COPY newsletter_submission (id, newsletter_id, message_id, publish_date, publish, prepared, sent, sending) FROM stdin;
\.


--
-- Data for Name: newsletter_submission_subscriptions; Type: TABLE DATA; Schema: public; Owner: -
--

COPY newsletter_submission_subscriptions (id, submission_id, subscription_id) FROM stdin;
\.


--
-- Data for Name: newsletter_subscription; Type: TABLE DATA; Schema: public; Owner: -
--

COPY newsletter_subscription (id, user_id, name, email, ip, newsletter_id, create_date, activation_code, subscribed, subscribe_date, unsubscribed, unsubscribe_date) FROM stdin;
1	\N	\N	b@b.com	127.0.0.1	1	2012-08-03 21:01:47.88+00	5e81332966c8ed9296314bf855d91c4267c3fc6e	t	2012-08-03 21:01:47.943+00	f	\N
2	\N	\N	d@d.com	127.0.0.1	1	2012-08-03 21:23:59.749+00	674a994358f5f9331d205d667dd7de887f0b5887	t	2012-08-03 21:23:59.84+00	f	\N
\.


--
-- Data for Name: south_migrationhistory; Type: TABLE DATA; Schema: public; Owner: -
--

COPY south_migrationhistory (id, app_name, migration, applied) FROM stdin;
1	tastypie	0001_initial	2012-08-23 04:55:06.105149+00
2	zinnia	0001_initial	2012-08-23 04:55:06.155466+00
3	zinnia	0002_auto__add_field_entry_pingback_enabled	2012-08-23 04:55:06.160552+00
4	zinnia	0003_auto__chg_field_category_title__chg_field_category_slug__add_unique_ca	2012-08-23 04:55:06.167272+00
5	zinnia	0004_mptt_categories	2012-08-23 04:55:06.175918+00
6	zinnia	0005_entry_protection	2012-08-23 04:55:06.183126+00
7	zinnia	0006_entry_template	2012-08-23 04:55:06.189737+00
8	zinnia	0007_entry_featured	2012-08-23 04:55:06.197863+00
9	zinnia	0008_add_status_permission	2012-08-23 04:55:06.2047+00
10	zinnia	0009_change_mptt_field	2012-08-23 04:55:06.211978+00
11	zinnia	0010_publication_dates_unrequired	2012-08-23 04:55:06.220693+00
12	cms	0001_initial	2012-08-23 04:55:06.423801+00
13	cms	0002_auto_start	2012-08-23 04:55:06.429464+00
14	cms	0003_remove_placeholder	2012-08-23 04:55:06.435798+00
15	cms	0004_textobjects	2012-08-23 04:55:06.441094+00
16	cms	0005_mptt_added_to_plugins	2012-08-23 04:55:06.446629+00
17	text	0001_initial	2012-08-23 04:55:06.453304+00
18	text	0002_freeze	2012-08-23 04:55:06.459837+00
19	cms	0006_apphook	2012-08-23 04:55:06.466402+00
20	cms	0007_apphook_longer	2012-08-23 04:55:06.472577+00
21	cms	0008_redirects	2012-08-23 04:55:06.481065+00
22	cms	0009_added_meta_fields	2012-08-23 04:55:06.489224+00
23	cms	0010_5char_language	2012-08-23 04:55:06.496412+00
24	cms	0011_title_overwrites	2012-08-23 04:55:06.504383+00
25	cms	0012_publisher	2012-08-23 04:55:06.510286+00
26	text	0003_publisher	2012-08-23 04:55:06.52009+00
27	picture	0001_initial	2012-08-23 04:55:06.527194+00
28	picture	0002_link_rename	2012-08-23 04:55:06.534067+00
29	picture	0003_freeze	2012-08-23 04:55:06.541578+00
30	picture	0004_publisher	2012-08-23 04:55:06.548627+00
31	link	0001_initial	2012-08-23 04:55:06.555932+00
32	link	0002_link_rename	2012-08-23 04:55:06.564991+00
33	link	0003_page_link	2012-08-23 04:55:06.572377+00
34	link	0004_larger_link_names	2012-08-23 04:55:06.579873+00
35	link	0005_publisher	2012-08-23 04:55:06.587104+00
36	file	0001_initial	2012-08-23 04:55:06.595281+00
37	file	0002_freeze	2012-08-23 04:55:06.602645+00
38	file	0003_publisher	2012-08-23 04:55:06.610163+00
39	cms	0013_site_copy	2012-08-23 04:55:06.618925+00
40	cms	0014_sites_removed	2012-08-23 04:55:06.626125+00
41	cms	0015_modified_by_added	2012-08-23 04:55:06.631002+00
42	cms	0016_author_copy	2012-08-23 04:55:06.639746+00
43	cms	0017_author_removed	2012-08-23 04:55:06.64862+00
44	cms	0018_site_permissions	2012-08-23 04:55:06.655634+00
45	cms	0019_public_table_renames	2012-08-23 04:55:06.664136+00
46	text	0004_table_rename	2012-08-23 04:55:06.672237+00
47	text	0005_publisher2	2012-08-23 04:55:06.681481+00
48	picture	0005_table_rename	2012-08-23 04:55:06.687945+00
49	picture	0006_float_added	2012-08-23 04:55:06.69392+00
50	picture	0007_publisher2	2012-08-23 04:55:06.701663+00
51	link	0006_table_rename	2012-08-23 04:55:06.71132+00
52	link	0007_publisher2	2012-08-23 04:55:06.718945+00
53	file	0004_table_rename	2012-08-23 04:55:06.727733+00
54	file	0005_publisher2	2012-08-23 04:55:06.734932+00
55	cms	0020_advanced_permissions	2012-08-23 04:55:06.744123+00
56	cms	0021_publisher2	2012-08-23 04:55:06.75166+00
57	cms	0022_login_required_added	2012-08-23 04:55:06.759432+00
58	cms	0023_plugin_table_naming_function_changed	2012-08-23 04:55:06.767078+00
59	cms	0024_added_placeholder_model	2012-08-23 04:55:06.775469+00
60	cms	0025_placeholder_migration	2012-08-23 04:55:06.782458+00
61	cms	0026_finish_placeholder_migration	2012-08-23 04:55:06.79061+00
62	cms	0027_added_width_to_placeholder	2012-08-23 04:55:06.798285+00
63	cms	0028_limit_visibility_in_menu_step1of3	2012-08-23 04:55:06.805831+00
64	cms	0029_limit_visibility_in_menu_step2of3_data	2012-08-23 04:55:06.813054+00
65	cms	0030_limit_visibility_in_menu_step3of3	2012-08-23 04:55:06.821085+00
66	cms	0031_improved_language_code_support	2012-08-23 04:55:06.830285+00
67	cms	0032_auto__del_field_cmsplugin_publisher_public__del_field_cmsplugin_publis	2012-08-23 04:55:06.836516+00
68	cms	0033_auto__del_field_title_publisher_is_draft__del_field_title_publisher_st	2012-08-23 04:55:06.844876+00
69	cms	0034_auto__chg_field_title_language__chg_field_cmsplugin_language__add_fiel	2012-08-23 04:55:06.851466+00
70	cms	0035_auto__add_field_globalpagepermission_can_view__add_field_pagepermissio	2012-08-23 04:55:06.858671+00
71	menus	0001_initial	2012-08-23 04:55:06.919116+00
72	text	0006_2_1_4_upgrade	2012-08-23 04:55:06.988728+00
73	link	0008_mailto	2012-08-23 04:55:07.056332+00
74	picture	0008_longdesc_added	2012-08-23 04:55:07.119364+00
75	video	0001_initial	2012-08-23 04:55:07.280285+00
76	video	0002_color_mute_controller	2012-08-23 04:55:07.284892+00
77	video	0003_newplayer_step1	2012-08-23 04:55:07.292859+00
78	video	0004_newplayer_step2	2012-08-23 04:55:07.297581+00
79	video	0005_newplayer_step3	2012-08-23 04:55:07.303393+00
80	video	0006_newplayer_step4	2012-08-23 04:55:07.309839+00
81	video	0007_newplayer_step5	2012-08-23 04:55:07.317396+00
82	twitter	0001_initial	2012-08-23 04:55:07.374704+00
83	twitter	0002_auto__add_twittersearch	2012-08-23 04:55:07.378618+00
\.


--
-- Data for Name: tagging_tag; Type: TABLE DATA; Schema: public; Owner: -
--

COPY tagging_tag (id, name) FROM stdin;
\.


--
-- Data for Name: tagging_taggeditem; Type: TABLE DATA; Schema: public; Owner: -
--

COPY tagging_taggeditem (id, tag_id, content_type_id, object_id) FROM stdin;
\.


--
-- Data for Name: tastypie_apiaccess; Type: TABLE DATA; Schema: public; Owner: -
--

COPY tastypie_apiaccess (id, identifier, url, request_method, accessed) FROM stdin;
\.


--
-- Data for Name: tastypie_apikey; Type: TABLE DATA; Schema: public; Owner: -
--

COPY tastypie_apikey (id, user_id, key, created) FROM stdin;
1	3	7f0c9fd725ccee491cc77f7d4fca00c01d852dd9	2012-08-30 18:44:02.063332+00
\.


--
-- Data for Name: zinnia_category; Type: TABLE DATA; Schema: public; Owner: -
--

COPY zinnia_category (id, title, slug, description, parent_id, lft, rght, tree_id, level) FROM stdin;
\.


--
-- Data for Name: zinnia_entry; Type: TABLE DATA; Schema: public; Owner: -
--

COPY zinnia_entry (id, title, image, content, excerpt, tags, slug, status, featured, comment_enabled, pingback_enabled, creation_date, last_update, start_publication, end_publication, login_required, password, template) FROM stdin;
1	Infantium: el sueo de cambiar la educacin mediante la tecnologa		<p>Infantium es una startup fundada por tres amigos (2 en barcelona y cul&eacute;s, y otro en Madrid y madridista, como no pod&iacute;a ser de otra manera) que comparten pasi&oacute;n por los ni&ntilde;os, la educaci&oacute;n, la tecnolog&iacute;a, y el emprendimiento.</p>\r\n<p>Desde el primer momento en que surgi&oacute; la idea, el objetivo era hacer un producto totalmente diferente, que no se pareciera en nada a la mayor&iacute;a de aplicaciones educativas que hab&iacute;amos visto en el mercado: una mezcla entre entretenimiento y contenido m&aacute;s o menos educativo (curricular o no). Pero m&aacute;s que ofrecer un juego, o &ldquo;automatizar&rdquo; (es decir, en vez de sumar en papel, sumar en una app; o en vez de un rompecabezas de carton, uno en tablet), lo que nos interesaba era<strong>&nbsp;la enorme capacidad que tiene la tecnolog&iacute;a para trasformar la educaci&oacute;n, desde sus ra&iacute;ces.</strong>&nbsp;No s&oacute;lo la forma en que aprendemos, sino como la inteligencia artificial puede potenciar al m&aacute;ximo el propio aprendizaje. <strong>Cada persona es un mundo, un ser que aprende de forma distinta y a ritmos disferentes,</strong> por lo que el concepto de educaci&oacute;n tradicional &ndash;la misma para todos &ndash;no tiene ning&uacute;n tipo de sentido y tiene que cambiar. &nbsp;Por desgracia, la mayor&iacute;a de colegios -en todos los niveles -tienen infraestructuras de IT insuficientes, no hay ninguna estrategia de implantaci&oacute;n (es decir, ordenadores para cada ni&ntilde;o por el hecho de tenerlos no representa un avance signiticativo, salvo que lo que antes se hacia a mano ahora se hace digital) y lo peor, la resistencia al cambio por miedo de muchos: en definiiva, <strong>el cl&aacute;sico modelo del libro de texto que determina qu&eacute;, c&oacute;mo y en qu&eacute; orden aprender.&nbsp;</strong></p>\r\n<p>Uno de los avances m&aacute;s fascinantes en los &uacute;ltimos a&ntilde;os es que ciertas <strong>plataformas educativas adaptativas</strong> se ajusten a las necesidades del estudiante, y tras evaluar su rendimiento, cree lecciones customizadas. En USA algunas de las empresas m&aacute;s innovadoras de elearning se basan en este concepto para, por ejemplo, mejorar en matematicas (<a href="http://www.dreambox.com/">Dreambox</a>&nbsp;o&nbsp;<a href="http://www.reasoningmind.org/">Reasoning Minds</a>), o permitir a estudiantes universitarios que progresen de forma adecuada, pero constante, seg&uacute;n su propio ritmo.</p>\r\n<p>Y mientras todos ponen el foco en secundaria y universitarios, los m&aacute;s peque&ntilde;os quedan olvidados. <strong>Los primeros a&ntilde;os de vida (0-6 a&ntilde;os), son una etapa cr&iacute;tica para el desarrollo cognitivo</strong>, cuando se desarrolla el pensamiento simb&oacute;lico, el matem&aacute;tico, el lenguaje.. que ser&aacute;n fundamentales no s&oacute;lo para tener una base que ayude al &eacute;xito en el colegio, sino para desenvolverse como ser&eacute;s humanos, y adquirir habilidades necesarias en un mundo complejo. Todo lo que no se gane en esa etapa no se recupera jam&aacute;s.</p>\r\n<p>As&iacute; que de ah&iacute; nace Infantium. Nuestro sue&ntilde;o? Aprovechar las posibilidades que otorga la tecnolog&iacute;a para explotar al m&aacute;ximo las capacidades individuales, potenciar al m&aacute;ximo el desarrollo cognitivo en los primeros a&ntilde;os, y crear un m&eacute;todo de aprendizaje que se ajuste a las necesidades, fortalezas y debilidades de cada ni&ntilde;o de forma individual y personalizada. &nbsp;En ning&uacute;n caso la tecnolog&iacute;a es la panacea, y desde luego no substituye la interacci&oacute;n con los padres o profesores. Pero permite extraer informaci&oacute;n precisa mediante un complejo an&aacute;lisis de datos y algoritmos que permiten definir rutas concretas para optimizar los recursos intelectuales de la mejor forma para cada uno. Algo que sino, no ser&iacute;a posible. Tiene sentido que dos ni&ntilde;os distintos usen un mismo juego, que se puede resolver de forma unidireccional? Para qu&eacute;?</p>\r\n<p>Os iremos contando! De momento tenemos casi preparada la primera beta de la primera app que fomar&aacute; parte de la plataforma. As&iacute; que antes de nuestro lanzamiento, que ser&aacute; muy en breve (26 de octubre, fecha oficial de lanzamiento de Windows 8) quer&iacute;amos empezar este blog donde hablaremos no s&oacute;lo de las cosas que ocurren en el mundo de la tecnolog&iacute;a educativa, sino que esperamos que sirva de gu&iacute;a de uso para los padres que lo prueben: cada actividad con su s&iacute;mil para trabajar en casa junto al peque.</p>\r\n<p>Para esto, tenemos el apoyo de grand&iacute;simos partners: la UAB (Y su departamento de Psicolog&iacute;a Evolutiva y de la Educaci&oacute;n, cuya investigaci&oacute;n empezar&aacute; muy pronto), al Ayuntamiento de Lleida, y en concreto al Instituto Municipal de Educaci&oacute;n (Y muy especialmente a su directora, Alba Bosch, toda una visionaria sobre tech y los m&aacute;s peque&ntilde;os) as&iacute; como todas las guarder&iacute;as que participan en el proyecto (esta ser&aacute; una ventana para todas ellas y las profes de infantil) y la Fundaci&oacute;n &ndash;Instituto de Psicopedagogia Antoni Cambrod&iacute;, y sobre todo a Gemma Ribera, que en breve se iniciar&aacute; aqu&iacute; tambi&eacute;n! J</p>\r\n<p>PTodo esto, por supuesto, no ser&iacute;a posible sin la ayuda de Carles Grau (director de Sector P&uacute;blico). Sin &eacute;l este proyecto se hubiera quedado en el tintero. Fue el quien nos dio todo su apoyo y visi&oacute;n. Y a Microsoft por creer en los emprendedores. Y tambi&eacute;n a Carlos Blanco, que nos ha adoptado en el grupo ITnet desde que salimos en&nbsp; Seedrocket y todo su apoyo es incalculable.</p>\r\n<p>Empezamos! &nbsp;</p>			hello	0	f	t	t	2012-09-30 06:11:19+00	2012-09-30 07:06:32.666377+00	\N	\N	f		entry_detail.html
\.


--
-- Data for Name: zinnia_entry_authors; Type: TABLE DATA; Schema: public; Owner: -
--

COPY zinnia_entry_authors (id, entry_id, user_id) FROM stdin;
4	1	1
\.


--
-- Data for Name: zinnia_entry_categories; Type: TABLE DATA; Schema: public; Owner: -
--

COPY zinnia_entry_categories (id, entry_id, category_id) FROM stdin;
\.


--
-- Data for Name: zinnia_entry_related; Type: TABLE DATA; Schema: public; Owner: -
--

COPY zinnia_entry_related (id, from_entry_id, to_entry_id) FROM stdin;
\.


--
-- Data for Name: zinnia_entry_sites; Type: TABLE DATA; Schema: public; Owner: -
--

COPY zinnia_entry_sites (id, entry_id, site_id) FROM stdin;
4	1	1
\.


--
-- Name: auth_group_name_key; Type: CONSTRAINT; Schema: public; Owner: -; Tablespace: 
--

ALTER TABLE ONLY auth_group
    ADD CONSTRAINT auth_group_name_key UNIQUE (name);


--
-- Name: auth_group_permissions_group_id_permission_id_key; Type: CONSTRAINT; Schema: public; Owner: -; Tablespace: 
--

ALTER TABLE ONLY auth_group_permissions
    ADD CONSTRAINT auth_group_permissions_group_id_permission_id_key UNIQUE (group_id, permission_id);


--
-- Name: auth_group_permissions_pkey; Type: CONSTRAINT; Schema: public; Owner: -; Tablespace: 
--

ALTER TABLE ONLY auth_group_permissions
    ADD CONSTRAINT auth_group_permissions_pkey PRIMARY KEY (id);


--
-- Name: auth_group_pkey; Type: CONSTRAINT; Schema: public; Owner: -; Tablespace: 
--

ALTER TABLE ONLY auth_group
    ADD CONSTRAINT auth_group_pkey PRIMARY KEY (id);


--
-- Name: auth_permission_content_type_id_codename_key; Type: CONSTRAINT; Schema: public; Owner: -; Tablespace: 
--

ALTER TABLE ONLY auth_permission
    ADD CONSTRAINT auth_permission_content_type_id_codename_key UNIQUE (content_type_id, codename);


--
-- Name: auth_permission_pkey; Type: CONSTRAINT; Schema: public; Owner: -; Tablespace: 
--

ALTER TABLE ONLY auth_permission
    ADD CONSTRAINT auth_permission_pkey PRIMARY KEY (id);


--
-- Name: auth_user_groups_pkey; Type: CONSTRAINT; Schema: public; Owner: -; Tablespace: 
--

ALTER TABLE ONLY auth_user_groups
    ADD CONSTRAINT auth_user_groups_pkey PRIMARY KEY (id);


--
-- Name: auth_user_groups_user_id_group_id_key; Type: CONSTRAINT; Schema: public; Owner: -; Tablespace: 
--

ALTER TABLE ONLY auth_user_groups
    ADD CONSTRAINT auth_user_groups_user_id_group_id_key UNIQUE (user_id, group_id);


--
-- Name: auth_user_pkey; Type: CONSTRAINT; Schema: public; Owner: -; Tablespace: 
--

ALTER TABLE ONLY auth_user
    ADD CONSTRAINT auth_user_pkey PRIMARY KEY (id);


--
-- Name: auth_user_user_permissions_pkey; Type: CONSTRAINT; Schema: public; Owner: -; Tablespace: 
--

ALTER TABLE ONLY auth_user_user_permissions
    ADD CONSTRAINT auth_user_user_permissions_pkey PRIMARY KEY (id);


--
-- Name: auth_user_user_permissions_user_id_permission_id_key; Type: CONSTRAINT; Schema: public; Owner: -; Tablespace: 
--

ALTER TABLE ONLY auth_user_user_permissions
    ADD CONSTRAINT auth_user_user_permissions_user_id_permission_id_key UNIQUE (user_id, permission_id);


--
-- Name: auth_user_username_key; Type: CONSTRAINT; Schema: public; Owner: -; Tablespace: 
--

ALTER TABLE ONLY auth_user
    ADD CONSTRAINT auth_user_username_key UNIQUE (username);


--
-- Name: cms_cmsplugin_pkey; Type: CONSTRAINT; Schema: public; Owner: -; Tablespace: 
--

ALTER TABLE ONLY cms_cmsplugin
    ADD CONSTRAINT cms_cmsplugin_pkey PRIMARY KEY (id);


--
-- Name: cms_globalpagepermission_pkey; Type: CONSTRAINT; Schema: public; Owner: -; Tablespace: 
--

ALTER TABLE ONLY cms_globalpagepermission
    ADD CONSTRAINT cms_globalpagepermission_pkey PRIMARY KEY (id);


--
-- Name: cms_globalpagepermission_site_globalpagepermission_id_site__key; Type: CONSTRAINT; Schema: public; Owner: -; Tablespace: 
--

ALTER TABLE ONLY cms_globalpagepermission_sites
    ADD CONSTRAINT cms_globalpagepermission_site_globalpagepermission_id_site__key UNIQUE (globalpagepermission_id, site_id);


--
-- Name: cms_globalpagepermission_sites_pkey; Type: CONSTRAINT; Schema: public; Owner: -; Tablespace: 
--

ALTER TABLE ONLY cms_globalpagepermission_sites
    ADD CONSTRAINT cms_globalpagepermission_sites_pkey PRIMARY KEY (id);


--
-- Name: cms_page_pkey; Type: CONSTRAINT; Schema: public; Owner: -; Tablespace: 
--

ALTER TABLE ONLY cms_page
    ADD CONSTRAINT cms_page_pkey PRIMARY KEY (id);


--
-- Name: cms_page_placeholders_page_id_placeholder_id_key; Type: CONSTRAINT; Schema: public; Owner: -; Tablespace: 
--

ALTER TABLE ONLY cms_page_placeholders
    ADD CONSTRAINT cms_page_placeholders_page_id_placeholder_id_key UNIQUE (page_id, placeholder_id);


--
-- Name: cms_page_placeholders_pkey; Type: CONSTRAINT; Schema: public; Owner: -; Tablespace: 
--

ALTER TABLE ONLY cms_page_placeholders
    ADD CONSTRAINT cms_page_placeholders_pkey PRIMARY KEY (id);


--
-- Name: cms_page_publisher_public_id_key; Type: CONSTRAINT; Schema: public; Owner: -; Tablespace: 
--

ALTER TABLE ONLY cms_page
    ADD CONSTRAINT cms_page_publisher_public_id_key UNIQUE (publisher_public_id);


--
-- Name: cms_pagemoderator_pkey; Type: CONSTRAINT; Schema: public; Owner: -; Tablespace: 
--

ALTER TABLE ONLY cms_pagemoderator
    ADD CONSTRAINT cms_pagemoderator_pkey PRIMARY KEY (id);


--
-- Name: cms_pagemoderatorstate_pkey; Type: CONSTRAINT; Schema: public; Owner: -; Tablespace: 
--

ALTER TABLE ONLY cms_pagemoderatorstate
    ADD CONSTRAINT cms_pagemoderatorstate_pkey PRIMARY KEY (id);


--
-- Name: cms_pagepermission_pkey; Type: CONSTRAINT; Schema: public; Owner: -; Tablespace: 
--

ALTER TABLE ONLY cms_pagepermission
    ADD CONSTRAINT cms_pagepermission_pkey PRIMARY KEY (id);


--
-- Name: cms_pageuser_pkey; Type: CONSTRAINT; Schema: public; Owner: -; Tablespace: 
--

ALTER TABLE ONLY cms_pageuser
    ADD CONSTRAINT cms_pageuser_pkey PRIMARY KEY (user_ptr_id);


--
-- Name: cms_pageusergroup_pkey; Type: CONSTRAINT; Schema: public; Owner: -; Tablespace: 
--

ALTER TABLE ONLY cms_pageusergroup
    ADD CONSTRAINT cms_pageusergroup_pkey PRIMARY KEY (group_ptr_id);


--
-- Name: cms_placeholder_pkey; Type: CONSTRAINT; Schema: public; Owner: -; Tablespace: 
--

ALTER TABLE ONLY cms_placeholder
    ADD CONSTRAINT cms_placeholder_pkey PRIMARY KEY (id);


--
-- Name: cms_title_language_page_id_key; Type: CONSTRAINT; Schema: public; Owner: -; Tablespace: 
--

ALTER TABLE ONLY cms_title
    ADD CONSTRAINT cms_title_language_page_id_key UNIQUE (language, page_id);


--
-- Name: cms_title_pkey; Type: CONSTRAINT; Schema: public; Owner: -; Tablespace: 
--

ALTER TABLE ONLY cms_title
    ADD CONSTRAINT cms_title_pkey PRIMARY KEY (id);


--
-- Name: cmsplugin_file_pkey; Type: CONSTRAINT; Schema: public; Owner: -; Tablespace: 
--

ALTER TABLE ONLY cmsplugin_file
    ADD CONSTRAINT cmsplugin_file_pkey PRIMARY KEY (cmsplugin_ptr_id);


--
-- Name: cmsplugin_link_pkey; Type: CONSTRAINT; Schema: public; Owner: -; Tablespace: 
--

ALTER TABLE ONLY cmsplugin_link
    ADD CONSTRAINT cmsplugin_link_pkey PRIMARY KEY (cmsplugin_ptr_id);


--
-- Name: cmsplugin_picture_pkey; Type: CONSTRAINT; Schema: public; Owner: -; Tablespace: 
--

ALTER TABLE ONLY cmsplugin_picture
    ADD CONSTRAINT cmsplugin_picture_pkey PRIMARY KEY (cmsplugin_ptr_id);


--
-- Name: cmsplugin_text_pkey; Type: CONSTRAINT; Schema: public; Owner: -; Tablespace: 
--

ALTER TABLE ONLY cmsplugin_text
    ADD CONSTRAINT cmsplugin_text_pkey PRIMARY KEY (cmsplugin_ptr_id);


--
-- Name: cmsplugin_twitterrecententries_pkey; Type: CONSTRAINT; Schema: public; Owner: -; Tablespace: 
--

ALTER TABLE ONLY cmsplugin_twitterrecententries
    ADD CONSTRAINT cmsplugin_twitterrecententries_pkey PRIMARY KEY (cmsplugin_ptr_id);


--
-- Name: cmsplugin_twittersearch_pkey; Type: CONSTRAINT; Schema: public; Owner: -; Tablespace: 
--

ALTER TABLE ONLY cmsplugin_twittersearch
    ADD CONSTRAINT cmsplugin_twittersearch_pkey PRIMARY KEY (cmsplugin_ptr_id);


--
-- Name: cmsplugin_video_pkey; Type: CONSTRAINT; Schema: public; Owner: -; Tablespace: 
--

ALTER TABLE ONLY cmsplugin_video
    ADD CONSTRAINT cmsplugin_video_pkey PRIMARY KEY (cmsplugin_ptr_id);


--
-- Name: db_chart_indicators_chart_id_indicator_id_key; Type: CONSTRAINT; Schema: public; Owner: -; Tablespace: 
--

ALTER TABLE ONLY db_chart_indicators
    ADD CONSTRAINT db_chart_indicators_chart_id_indicator_id_key UNIQUE (chart_id, indicator_id);


--
-- Name: db_chart_indicators_pkey; Type: CONSTRAINT; Schema: public; Owner: -; Tablespace: 
--

ALTER TABLE ONLY db_chart_indicators
    ADD CONSTRAINT db_chart_indicators_pkey PRIMARY KEY (id);


--
-- Name: db_chart_pkey; Type: CONSTRAINT; Schema: public; Owner: -; Tablespace: 
--

ALTER TABLE ONLY db_chart
    ADD CONSTRAINT db_chart_pkey PRIMARY KEY (id);


--
-- Name: db_cognitivearea_multiple_int_cognitivearea_id_multipleinte_key; Type: CONSTRAINT; Schema: public; Owner: -; Tablespace: 
--

ALTER TABLE ONLY db_cognitivearea_multiple_intelligences
    ADD CONSTRAINT db_cognitivearea_multiple_int_cognitivearea_id_multipleinte_key UNIQUE (cognitivearea_id, multipleintelligence_id);


--
-- Name: db_cognitivearea_multiple_intelligences_pkey; Type: CONSTRAINT; Schema: public; Owner: -; Tablespace: 
--

ALTER TABLE ONLY db_cognitivearea_multiple_intelligences
    ADD CONSTRAINT db_cognitivearea_multiple_intelligences_pkey PRIMARY KEY (id);


--
-- Name: db_cognitivearea_pkey; Type: CONSTRAINT; Schema: public; Owner: -; Tablespace: 
--

ALTER TABLE ONLY db_cognitivearea
    ADD CONSTRAINT db_cognitivearea_pkey PRIMARY KEY (id);


--
-- Name: db_game_pkey; Type: CONSTRAINT; Schema: public; Owner: -; Tablespace: 
--

ALTER TABLE ONLY db_game
    ADD CONSTRAINT db_game_pkey PRIMARY KEY (id);


--
-- Name: db_gameplay_pkey; Type: CONSTRAINT; Schema: public; Owner: -; Tablespace: 
--

ALTER TABLE ONLY db_gameplay
    ADD CONSTRAINT db_gameplay_pkey PRIMARY KEY (id);


--
-- Name: db_gameroute_pkey; Type: CONSTRAINT; Schema: public; Owner: -; Tablespace: 
--

ALTER TABLE ONLY db_gameroute
    ADD CONSTRAINT db_gameroute_pkey PRIMARY KEY (id);


--
-- Name: db_indicator_cognitive_areas_indicator_id_cognitivearea_id_key; Type: CONSTRAINT; Schema: public; Owner: -; Tablespace: 
--

ALTER TABLE ONLY db_indicator_cognitive_areas
    ADD CONSTRAINT db_indicator_cognitive_areas_indicator_id_cognitivearea_id_key UNIQUE (indicator_id, cognitivearea_id);


--
-- Name: db_indicator_cognitive_areas_pkey; Type: CONSTRAINT; Schema: public; Owner: -; Tablespace: 
--

ALTER TABLE ONLY db_indicator_cognitive_areas
    ADD CONSTRAINT db_indicator_cognitive_areas_pkey PRIMARY KEY (id);


--
-- Name: db_indicator_pkey; Type: CONSTRAINT; Schema: public; Owner: -; Tablespace: 
--

ALTER TABLE ONLY db_indicator
    ADD CONSTRAINT db_indicator_pkey PRIMARY KEY (id);


--
-- Name: db_level_pkey; Type: CONSTRAINT; Schema: public; Owner: -; Tablespace: 
--

ALTER TABLE ONLY db_level
    ADD CONSTRAINT db_level_pkey PRIMARY KEY (id);


--
-- Name: db_multipleintelligence_pkey; Type: CONSTRAINT; Schema: public; Owner: -; Tablespace: 
--

ALTER TABLE ONLY db_multipleintelligence
    ADD CONSTRAINT db_multipleintelligence_pkey PRIMARY KEY (id);


--
-- Name: db_player_pkey; Type: CONSTRAINT; Schema: public; Owner: -; Tablespace: 
--

ALTER TABLE ONLY db_player
    ADD CONSTRAINT db_player_pkey PRIMARY KEY (id);


--
-- Name: db_route_node_path_key; Type: CONSTRAINT; Schema: public; Owner: -; Tablespace: 
--

ALTER TABLE ONLY db_route_node
    ADD CONSTRAINT db_route_node_path_key UNIQUE (path);


--
-- Name: db_route_node_pkey; Type: CONSTRAINT; Schema: public; Owner: -; Tablespace: 
--

ALTER TABLE ONLY db_route_node
    ADD CONSTRAINT db_route_node_pkey PRIMARY KEY (id);


--
-- Name: db_scene_pkey; Type: CONSTRAINT; Schema: public; Owner: -; Tablespace: 
--

ALTER TABLE ONLY db_scene
    ADD CONSTRAINT db_scene_pkey PRIMARY KEY (id);


--
-- Name: db_score_pkey; Type: CONSTRAINT; Schema: public; Owner: -; Tablespace: 
--

ALTER TABLE ONLY db_score
    ADD CONSTRAINT db_score_pkey PRIMARY KEY (id);


--
-- Name: db_userprofile_pkey; Type: CONSTRAINT; Schema: public; Owner: -; Tablespace: 
--

ALTER TABLE ONLY db_userprofile
    ADD CONSTRAINT db_userprofile_pkey PRIMARY KEY (id);


--
-- Name: db_userprofile_user_id_key; Type: CONSTRAINT; Schema: public; Owner: -; Tablespace: 
--

ALTER TABLE ONLY db_userprofile
    ADD CONSTRAINT db_userprofile_user_id_key UNIQUE (user_id);


--
-- Name: django_admin_log_pkey; Type: CONSTRAINT; Schema: public; Owner: -; Tablespace: 
--

ALTER TABLE ONLY django_admin_log
    ADD CONSTRAINT django_admin_log_pkey PRIMARY KEY (id);


--
-- Name: django_comment_flags_pkey; Type: CONSTRAINT; Schema: public; Owner: -; Tablespace: 
--

ALTER TABLE ONLY django_comment_flags
    ADD CONSTRAINT django_comment_flags_pkey PRIMARY KEY (id);


--
-- Name: django_comment_flags_user_id_comment_id_flag_key; Type: CONSTRAINT; Schema: public; Owner: -; Tablespace: 
--

ALTER TABLE ONLY django_comment_flags
    ADD CONSTRAINT django_comment_flags_user_id_comment_id_flag_key UNIQUE (user_id, comment_id, flag);


--
-- Name: django_comments_pkey; Type: CONSTRAINT; Schema: public; Owner: -; Tablespace: 
--

ALTER TABLE ONLY django_comments
    ADD CONSTRAINT django_comments_pkey PRIMARY KEY (id);


--
-- Name: django_content_type_app_label_model_key; Type: CONSTRAINT; Schema: public; Owner: -; Tablespace: 
--

ALTER TABLE ONLY django_content_type
    ADD CONSTRAINT django_content_type_app_label_model_key UNIQUE (app_label, model);


--
-- Name: django_content_type_pkey; Type: CONSTRAINT; Schema: public; Owner: -; Tablespace: 
--

ALTER TABLE ONLY django_content_type
    ADD CONSTRAINT django_content_type_pkey PRIMARY KEY (id);


--
-- Name: django_session_pkey; Type: CONSTRAINT; Schema: public; Owner: -; Tablespace: 
--

ALTER TABLE ONLY django_session
    ADD CONSTRAINT django_session_pkey PRIMARY KEY (session_key);


--
-- Name: django_site_pkey; Type: CONSTRAINT; Schema: public; Owner: -; Tablespace: 
--

ALTER TABLE ONLY django_site
    ADD CONSTRAINT django_site_pkey PRIMARY KEY (id);


--
-- Name: menus_cachekey_pkey; Type: CONSTRAINT; Schema: public; Owner: -; Tablespace: 
--

ALTER TABLE ONLY menus_cachekey
    ADD CONSTRAINT menus_cachekey_pkey PRIMARY KEY (id);


--
-- Name: newsletter_article_pkey; Type: CONSTRAINT; Schema: public; Owner: -; Tablespace: 
--

ALTER TABLE ONLY newsletter_article
    ADD CONSTRAINT newsletter_article_pkey PRIMARY KEY (id);


--
-- Name: newsletter_emailtemplate_pkey; Type: CONSTRAINT; Schema: public; Owner: -; Tablespace: 
--

ALTER TABLE ONLY newsletter_emailtemplate
    ADD CONSTRAINT newsletter_emailtemplate_pkey PRIMARY KEY (id);


--
-- Name: newsletter_emailtemplate_title_action_key; Type: CONSTRAINT; Schema: public; Owner: -; Tablespace: 
--

ALTER TABLE ONLY newsletter_emailtemplate
    ADD CONSTRAINT newsletter_emailtemplate_title_action_key UNIQUE (title, action);


--
-- Name: newsletter_message_pkey; Type: CONSTRAINT; Schema: public; Owner: -; Tablespace: 
--

ALTER TABLE ONLY newsletter_message
    ADD CONSTRAINT newsletter_message_pkey PRIMARY KEY (id);


--
-- Name: newsletter_message_slug_newsletter_id_key; Type: CONSTRAINT; Schema: public; Owner: -; Tablespace: 
--

ALTER TABLE ONLY newsletter_message
    ADD CONSTRAINT newsletter_message_slug_newsletter_id_key UNIQUE (slug, newsletter_id);


--
-- Name: newsletter_newsletter_pkey; Type: CONSTRAINT; Schema: public; Owner: -; Tablespace: 
--

ALTER TABLE ONLY newsletter_newsletter
    ADD CONSTRAINT newsletter_newsletter_pkey PRIMARY KEY (id);


--
-- Name: newsletter_newsletter_site_newsletter_id_site_id_key; Type: CONSTRAINT; Schema: public; Owner: -; Tablespace: 
--

ALTER TABLE ONLY newsletter_newsletter_site
    ADD CONSTRAINT newsletter_newsletter_site_newsletter_id_site_id_key UNIQUE (newsletter_id, site_id);


--
-- Name: newsletter_newsletter_site_pkey; Type: CONSTRAINT; Schema: public; Owner: -; Tablespace: 
--

ALTER TABLE ONLY newsletter_newsletter_site
    ADD CONSTRAINT newsletter_newsletter_site_pkey PRIMARY KEY (id);


--
-- Name: newsletter_newsletter_slug_key; Type: CONSTRAINT; Schema: public; Owner: -; Tablespace: 
--

ALTER TABLE ONLY newsletter_newsletter
    ADD CONSTRAINT newsletter_newsletter_slug_key UNIQUE (slug);


--
-- Name: newsletter_submission_pkey; Type: CONSTRAINT; Schema: public; Owner: -; Tablespace: 
--

ALTER TABLE ONLY newsletter_submission
    ADD CONSTRAINT newsletter_submission_pkey PRIMARY KEY (id);


--
-- Name: newsletter_submission_subscri_submission_id_subscription_id_key; Type: CONSTRAINT; Schema: public; Owner: -; Tablespace: 
--

ALTER TABLE ONLY newsletter_submission_subscriptions
    ADD CONSTRAINT newsletter_submission_subscri_submission_id_subscription_id_key UNIQUE (submission_id, subscription_id);


--
-- Name: newsletter_submission_subscriptions_pkey; Type: CONSTRAINT; Schema: public; Owner: -; Tablespace: 
--

ALTER TABLE ONLY newsletter_submission_subscriptions
    ADD CONSTRAINT newsletter_submission_subscriptions_pkey PRIMARY KEY (id);


--
-- Name: newsletter_subscription_pkey; Type: CONSTRAINT; Schema: public; Owner: -; Tablespace: 
--

ALTER TABLE ONLY newsletter_subscription
    ADD CONSTRAINT newsletter_subscription_pkey PRIMARY KEY (id);


--
-- Name: newsletter_subscription_user_id_email_newsletter_id_key; Type: CONSTRAINT; Schema: public; Owner: -; Tablespace: 
--

ALTER TABLE ONLY newsletter_subscription
    ADD CONSTRAINT newsletter_subscription_user_id_email_newsletter_id_key UNIQUE (user_id, email, newsletter_id);


--
-- Name: south_migrationhistory_pkey; Type: CONSTRAINT; Schema: public; Owner: -; Tablespace: 
--

ALTER TABLE ONLY south_migrationhistory
    ADD CONSTRAINT south_migrationhistory_pkey PRIMARY KEY (id);


--
-- Name: tagging_tag_name_key; Type: CONSTRAINT; Schema: public; Owner: -; Tablespace: 
--

ALTER TABLE ONLY tagging_tag
    ADD CONSTRAINT tagging_tag_name_key UNIQUE (name);


--
-- Name: tagging_tag_pkey; Type: CONSTRAINT; Schema: public; Owner: -; Tablespace: 
--

ALTER TABLE ONLY tagging_tag
    ADD CONSTRAINT tagging_tag_pkey PRIMARY KEY (id);


--
-- Name: tagging_taggeditem_pkey; Type: CONSTRAINT; Schema: public; Owner: -; Tablespace: 
--

ALTER TABLE ONLY tagging_taggeditem
    ADD CONSTRAINT tagging_taggeditem_pkey PRIMARY KEY (id);


--
-- Name: tagging_taggeditem_tag_id_content_type_id_object_id_key; Type: CONSTRAINT; Schema: public; Owner: -; Tablespace: 
--

ALTER TABLE ONLY tagging_taggeditem
    ADD CONSTRAINT tagging_taggeditem_tag_id_content_type_id_object_id_key UNIQUE (tag_id, content_type_id, object_id);


--
-- Name: tastypie_apiaccess_pkey; Type: CONSTRAINT; Schema: public; Owner: -; Tablespace: 
--

ALTER TABLE ONLY tastypie_apiaccess
    ADD CONSTRAINT tastypie_apiaccess_pkey PRIMARY KEY (id);


--
-- Name: tastypie_apikey_pkey; Type: CONSTRAINT; Schema: public; Owner: -; Tablespace: 
--

ALTER TABLE ONLY tastypie_apikey
    ADD CONSTRAINT tastypie_apikey_pkey PRIMARY KEY (id);


--
-- Name: tastypie_apikey_user_id_key; Type: CONSTRAINT; Schema: public; Owner: -; Tablespace: 
--

ALTER TABLE ONLY tastypie_apikey
    ADD CONSTRAINT tastypie_apikey_user_id_key UNIQUE (user_id);


--
-- Name: zinnia_category_pkey; Type: CONSTRAINT; Schema: public; Owner: -; Tablespace: 
--

ALTER TABLE ONLY zinnia_category
    ADD CONSTRAINT zinnia_category_pkey PRIMARY KEY (id);


--
-- Name: zinnia_category_slug_key; Type: CONSTRAINT; Schema: public; Owner: -; Tablespace: 
--

ALTER TABLE ONLY zinnia_category
    ADD CONSTRAINT zinnia_category_slug_key UNIQUE (slug);


--
-- Name: zinnia_entry_authors_entry_id_user_id_key; Type: CONSTRAINT; Schema: public; Owner: -; Tablespace: 
--

ALTER TABLE ONLY zinnia_entry_authors
    ADD CONSTRAINT zinnia_entry_authors_entry_id_user_id_key UNIQUE (entry_id, user_id);


--
-- Name: zinnia_entry_authors_pkey; Type: CONSTRAINT; Schema: public; Owner: -; Tablespace: 
--

ALTER TABLE ONLY zinnia_entry_authors
    ADD CONSTRAINT zinnia_entry_authors_pkey PRIMARY KEY (id);


--
-- Name: zinnia_entry_categories_entry_id_category_id_key; Type: CONSTRAINT; Schema: public; Owner: -; Tablespace: 
--

ALTER TABLE ONLY zinnia_entry_categories
    ADD CONSTRAINT zinnia_entry_categories_entry_id_category_id_key UNIQUE (entry_id, category_id);


--
-- Name: zinnia_entry_categories_pkey; Type: CONSTRAINT; Schema: public; Owner: -; Tablespace: 
--

ALTER TABLE ONLY zinnia_entry_categories
    ADD CONSTRAINT zinnia_entry_categories_pkey PRIMARY KEY (id);


--
-- Name: zinnia_entry_pkey; Type: CONSTRAINT; Schema: public; Owner: -; Tablespace: 
--

ALTER TABLE ONLY zinnia_entry
    ADD CONSTRAINT zinnia_entry_pkey PRIMARY KEY (id);


--
-- Name: zinnia_entry_related_from_entry_id_to_entry_id_key; Type: CONSTRAINT; Schema: public; Owner: -; Tablespace: 
--

ALTER TABLE ONLY zinnia_entry_related
    ADD CONSTRAINT zinnia_entry_related_from_entry_id_to_entry_id_key UNIQUE (from_entry_id, to_entry_id);


--
-- Name: zinnia_entry_related_pkey; Type: CONSTRAINT; Schema: public; Owner: -; Tablespace: 
--

ALTER TABLE ONLY zinnia_entry_related
    ADD CONSTRAINT zinnia_entry_related_pkey PRIMARY KEY (id);


--
-- Name: zinnia_entry_sites_entry_id_site_id_key; Type: CONSTRAINT; Schema: public; Owner: -; Tablespace: 
--

ALTER TABLE ONLY zinnia_entry_sites
    ADD CONSTRAINT zinnia_entry_sites_entry_id_site_id_key UNIQUE (entry_id, site_id);


--
-- Name: zinnia_entry_sites_pkey; Type: CONSTRAINT; Schema: public; Owner: -; Tablespace: 
--

ALTER TABLE ONLY zinnia_entry_sites
    ADD CONSTRAINT zinnia_entry_sites_pkey PRIMARY KEY (id);


--
-- Name: auth_group_permissions_group_id; Type: INDEX; Schema: public; Owner: -; Tablespace: 
--

CREATE INDEX auth_group_permissions_group_id ON auth_group_permissions USING btree (group_id);


--
-- Name: auth_group_permissions_permission_id; Type: INDEX; Schema: public; Owner: -; Tablespace: 
--

CREATE INDEX auth_group_permissions_permission_id ON auth_group_permissions USING btree (permission_id);


--
-- Name: auth_permission_content_type_id; Type: INDEX; Schema: public; Owner: -; Tablespace: 
--

CREATE INDEX auth_permission_content_type_id ON auth_permission USING btree (content_type_id);


--
-- Name: auth_user_groups_group_id; Type: INDEX; Schema: public; Owner: -; Tablespace: 
--

CREATE INDEX auth_user_groups_group_id ON auth_user_groups USING btree (group_id);


--
-- Name: auth_user_groups_user_id; Type: INDEX; Schema: public; Owner: -; Tablespace: 
--

CREATE INDEX auth_user_groups_user_id ON auth_user_groups USING btree (user_id);


--
-- Name: auth_user_user_permissions_permission_id; Type: INDEX; Schema: public; Owner: -; Tablespace: 
--

CREATE INDEX auth_user_user_permissions_permission_id ON auth_user_user_permissions USING btree (permission_id);


--
-- Name: auth_user_user_permissions_user_id; Type: INDEX; Schema: public; Owner: -; Tablespace: 
--

CREATE INDEX auth_user_user_permissions_user_id ON auth_user_user_permissions USING btree (user_id);


--
-- Name: cms_cmsplugin_language; Type: INDEX; Schema: public; Owner: -; Tablespace: 
--

CREATE INDEX cms_cmsplugin_language ON cms_cmsplugin USING btree (language);


--
-- Name: cms_cmsplugin_language_like; Type: INDEX; Schema: public; Owner: -; Tablespace: 
--

CREATE INDEX cms_cmsplugin_language_like ON cms_cmsplugin USING btree (language varchar_pattern_ops);


--
-- Name: cms_cmsplugin_level; Type: INDEX; Schema: public; Owner: -; Tablespace: 
--

CREATE INDEX cms_cmsplugin_level ON cms_cmsplugin USING btree (level);


--
-- Name: cms_cmsplugin_lft; Type: INDEX; Schema: public; Owner: -; Tablespace: 
--

CREATE INDEX cms_cmsplugin_lft ON cms_cmsplugin USING btree (lft);


--
-- Name: cms_cmsplugin_parent_id; Type: INDEX; Schema: public; Owner: -; Tablespace: 
--

CREATE INDEX cms_cmsplugin_parent_id ON cms_cmsplugin USING btree (parent_id);


--
-- Name: cms_cmsplugin_placeholder_id; Type: INDEX; Schema: public; Owner: -; Tablespace: 
--

CREATE INDEX cms_cmsplugin_placeholder_id ON cms_cmsplugin USING btree (placeholder_id);


--
-- Name: cms_cmsplugin_plugin_type; Type: INDEX; Schema: public; Owner: -; Tablespace: 
--

CREATE INDEX cms_cmsplugin_plugin_type ON cms_cmsplugin USING btree (plugin_type);


--
-- Name: cms_cmsplugin_plugin_type_like; Type: INDEX; Schema: public; Owner: -; Tablespace: 
--

CREATE INDEX cms_cmsplugin_plugin_type_like ON cms_cmsplugin USING btree (plugin_type varchar_pattern_ops);


--
-- Name: cms_cmsplugin_rght; Type: INDEX; Schema: public; Owner: -; Tablespace: 
--

CREATE INDEX cms_cmsplugin_rght ON cms_cmsplugin USING btree (rght);


--
-- Name: cms_cmsplugin_tree_id; Type: INDEX; Schema: public; Owner: -; Tablespace: 
--

CREATE INDEX cms_cmsplugin_tree_id ON cms_cmsplugin USING btree (tree_id);


--
-- Name: cms_globalpagepermission_group_id; Type: INDEX; Schema: public; Owner: -; Tablespace: 
--

CREATE INDEX cms_globalpagepermission_group_id ON cms_globalpagepermission USING btree (group_id);


--
-- Name: cms_globalpagepermission_sites_globalpagepermission_id; Type: INDEX; Schema: public; Owner: -; Tablespace: 
--

CREATE INDEX cms_globalpagepermission_sites_globalpagepermission_id ON cms_globalpagepermission_sites USING btree (globalpagepermission_id);


--
-- Name: cms_globalpagepermission_sites_site_id; Type: INDEX; Schema: public; Owner: -; Tablespace: 
--

CREATE INDEX cms_globalpagepermission_sites_site_id ON cms_globalpagepermission_sites USING btree (site_id);


--
-- Name: cms_globalpagepermission_user_id; Type: INDEX; Schema: public; Owner: -; Tablespace: 
--

CREATE INDEX cms_globalpagepermission_user_id ON cms_globalpagepermission USING btree (user_id);


--
-- Name: cms_page_in_navigation; Type: INDEX; Schema: public; Owner: -; Tablespace: 
--

CREATE INDEX cms_page_in_navigation ON cms_page USING btree (in_navigation);


--
-- Name: cms_page_level; Type: INDEX; Schema: public; Owner: -; Tablespace: 
--

CREATE INDEX cms_page_level ON cms_page USING btree (level);


--
-- Name: cms_page_lft; Type: INDEX; Schema: public; Owner: -; Tablespace: 
--

CREATE INDEX cms_page_lft ON cms_page USING btree (lft);


--
-- Name: cms_page_limit_visibility_in_menu; Type: INDEX; Schema: public; Owner: -; Tablespace: 
--

CREATE INDEX cms_page_limit_visibility_in_menu ON cms_page USING btree (limit_visibility_in_menu);


--
-- Name: cms_page_navigation_extenders; Type: INDEX; Schema: public; Owner: -; Tablespace: 
--

CREATE INDEX cms_page_navigation_extenders ON cms_page USING btree (navigation_extenders);


--
-- Name: cms_page_navigation_extenders_like; Type: INDEX; Schema: public; Owner: -; Tablespace: 
--

CREATE INDEX cms_page_navigation_extenders_like ON cms_page USING btree (navigation_extenders varchar_pattern_ops);


--
-- Name: cms_page_parent_id; Type: INDEX; Schema: public; Owner: -; Tablespace: 
--

CREATE INDEX cms_page_parent_id ON cms_page USING btree (parent_id);


--
-- Name: cms_page_placeholders_page_id; Type: INDEX; Schema: public; Owner: -; Tablespace: 
--

CREATE INDEX cms_page_placeholders_page_id ON cms_page_placeholders USING btree (page_id);


--
-- Name: cms_page_placeholders_placeholder_id; Type: INDEX; Schema: public; Owner: -; Tablespace: 
--

CREATE INDEX cms_page_placeholders_placeholder_id ON cms_page_placeholders USING btree (placeholder_id);


--
-- Name: cms_page_publication_date; Type: INDEX; Schema: public; Owner: -; Tablespace: 
--

CREATE INDEX cms_page_publication_date ON cms_page USING btree (publication_date);


--
-- Name: cms_page_publication_end_date; Type: INDEX; Schema: public; Owner: -; Tablespace: 
--

CREATE INDEX cms_page_publication_end_date ON cms_page USING btree (publication_end_date);


--
-- Name: cms_page_publisher_is_draft; Type: INDEX; Schema: public; Owner: -; Tablespace: 
--

CREATE INDEX cms_page_publisher_is_draft ON cms_page USING btree (publisher_is_draft);


--
-- Name: cms_page_publisher_state; Type: INDEX; Schema: public; Owner: -; Tablespace: 
--

CREATE INDEX cms_page_publisher_state ON cms_page USING btree (publisher_state);


--
-- Name: cms_page_reverse_id; Type: INDEX; Schema: public; Owner: -; Tablespace: 
--

CREATE INDEX cms_page_reverse_id ON cms_page USING btree (reverse_id);


--
-- Name: cms_page_reverse_id_like; Type: INDEX; Schema: public; Owner: -; Tablespace: 
--

CREATE INDEX cms_page_reverse_id_like ON cms_page USING btree (reverse_id varchar_pattern_ops);


--
-- Name: cms_page_rght; Type: INDEX; Schema: public; Owner: -; Tablespace: 
--

CREATE INDEX cms_page_rght ON cms_page USING btree (rght);


--
-- Name: cms_page_site_id; Type: INDEX; Schema: public; Owner: -; Tablespace: 
--

CREATE INDEX cms_page_site_id ON cms_page USING btree (site_id);


--
-- Name: cms_page_soft_root; Type: INDEX; Schema: public; Owner: -; Tablespace: 
--

CREATE INDEX cms_page_soft_root ON cms_page USING btree (soft_root);


--
-- Name: cms_page_tree_id; Type: INDEX; Schema: public; Owner: -; Tablespace: 
--

CREATE INDEX cms_page_tree_id ON cms_page USING btree (tree_id);


--
-- Name: cms_pagemoderator_page_id; Type: INDEX; Schema: public; Owner: -; Tablespace: 
--

CREATE INDEX cms_pagemoderator_page_id ON cms_pagemoderator USING btree (page_id);


--
-- Name: cms_pagemoderator_user_id; Type: INDEX; Schema: public; Owner: -; Tablespace: 
--

CREATE INDEX cms_pagemoderator_user_id ON cms_pagemoderator USING btree (user_id);


--
-- Name: cms_pagemoderatorstate_page_id; Type: INDEX; Schema: public; Owner: -; Tablespace: 
--

CREATE INDEX cms_pagemoderatorstate_page_id ON cms_pagemoderatorstate USING btree (page_id);


--
-- Name: cms_pagemoderatorstate_user_id; Type: INDEX; Schema: public; Owner: -; Tablespace: 
--

CREATE INDEX cms_pagemoderatorstate_user_id ON cms_pagemoderatorstate USING btree (user_id);


--
-- Name: cms_pagepermission_group_id; Type: INDEX; Schema: public; Owner: -; Tablespace: 
--

CREATE INDEX cms_pagepermission_group_id ON cms_pagepermission USING btree (group_id);


--
-- Name: cms_pagepermission_page_id; Type: INDEX; Schema: public; Owner: -; Tablespace: 
--

CREATE INDEX cms_pagepermission_page_id ON cms_pagepermission USING btree (page_id);


--
-- Name: cms_pagepermission_user_id; Type: INDEX; Schema: public; Owner: -; Tablespace: 
--

CREATE INDEX cms_pagepermission_user_id ON cms_pagepermission USING btree (user_id);


--
-- Name: cms_pageuser_created_by_id; Type: INDEX; Schema: public; Owner: -; Tablespace: 
--

CREATE INDEX cms_pageuser_created_by_id ON cms_pageuser USING btree (created_by_id);


--
-- Name: cms_pageusergroup_created_by_id; Type: INDEX; Schema: public; Owner: -; Tablespace: 
--

CREATE INDEX cms_pageusergroup_created_by_id ON cms_pageusergroup USING btree (created_by_id);


--
-- Name: cms_placeholder_slot; Type: INDEX; Schema: public; Owner: -; Tablespace: 
--

CREATE INDEX cms_placeholder_slot ON cms_placeholder USING btree (slot);


--
-- Name: cms_placeholder_slot_like; Type: INDEX; Schema: public; Owner: -; Tablespace: 
--

CREATE INDEX cms_placeholder_slot_like ON cms_placeholder USING btree (slot varchar_pattern_ops);


--
-- Name: cms_title_application_urls; Type: INDEX; Schema: public; Owner: -; Tablespace: 
--

CREATE INDEX cms_title_application_urls ON cms_title USING btree (application_urls);


--
-- Name: cms_title_application_urls_like; Type: INDEX; Schema: public; Owner: -; Tablespace: 
--

CREATE INDEX cms_title_application_urls_like ON cms_title USING btree (application_urls varchar_pattern_ops);


--
-- Name: cms_title_has_url_overwrite; Type: INDEX; Schema: public; Owner: -; Tablespace: 
--

CREATE INDEX cms_title_has_url_overwrite ON cms_title USING btree (has_url_overwrite);


--
-- Name: cms_title_language; Type: INDEX; Schema: public; Owner: -; Tablespace: 
--

CREATE INDEX cms_title_language ON cms_title USING btree (language);


--
-- Name: cms_title_language_like; Type: INDEX; Schema: public; Owner: -; Tablespace: 
--

CREATE INDEX cms_title_language_like ON cms_title USING btree (language varchar_pattern_ops);


--
-- Name: cms_title_page_id; Type: INDEX; Schema: public; Owner: -; Tablespace: 
--

CREATE INDEX cms_title_page_id ON cms_title USING btree (page_id);


--
-- Name: cms_title_path; Type: INDEX; Schema: public; Owner: -; Tablespace: 
--

CREATE INDEX cms_title_path ON cms_title USING btree (path);


--
-- Name: cms_title_path_like; Type: INDEX; Schema: public; Owner: -; Tablespace: 
--

CREATE INDEX cms_title_path_like ON cms_title USING btree (path varchar_pattern_ops);


--
-- Name: cms_title_slug; Type: INDEX; Schema: public; Owner: -; Tablespace: 
--

CREATE INDEX cms_title_slug ON cms_title USING btree (slug);


--
-- Name: cms_title_slug_like; Type: INDEX; Schema: public; Owner: -; Tablespace: 
--

CREATE INDEX cms_title_slug_like ON cms_title USING btree (slug varchar_pattern_ops);


--
-- Name: cmsplugin_link_page_link_id; Type: INDEX; Schema: public; Owner: -; Tablespace: 
--

CREATE INDEX cmsplugin_link_page_link_id ON cmsplugin_link USING btree (page_link_id);


--
-- Name: cmsplugin_picture_page_link_id; Type: INDEX; Schema: public; Owner: -; Tablespace: 
--

CREATE INDEX cmsplugin_picture_page_link_id ON cmsplugin_picture USING btree (page_link_id);


--
-- Name: db_chart_indicators_chart_id; Type: INDEX; Schema: public; Owner: -; Tablespace: 
--

CREATE INDEX db_chart_indicators_chart_id ON db_chart_indicators USING btree (chart_id);


--
-- Name: db_chart_indicators_indicator_id; Type: INDEX; Schema: public; Owner: -; Tablespace: 
--

CREATE INDEX db_chart_indicators_indicator_id ON db_chart_indicators USING btree (indicator_id);


--
-- Name: db_chart_player_id; Type: INDEX; Schema: public; Owner: -; Tablespace: 
--

CREATE INDEX db_chart_player_id ON db_chart USING btree (player_id);


--
-- Name: db_chart_title; Type: INDEX; Schema: public; Owner: -; Tablespace: 
--

CREATE INDEX db_chart_title ON db_chart USING btree (title);


--
-- Name: db_chart_title_like; Type: INDEX; Schema: public; Owner: -; Tablespace: 
--

CREATE INDEX db_chart_title_like ON db_chart USING btree (title varchar_pattern_ops);


--
-- Name: db_chart_type; Type: INDEX; Schema: public; Owner: -; Tablespace: 
--

CREATE INDEX db_chart_type ON db_chart USING btree (type);


--
-- Name: db_chart_type_like; Type: INDEX; Schema: public; Owner: -; Tablespace: 
--

CREATE INDEX db_chart_type_like ON db_chart USING btree (type varchar_pattern_ops);


--
-- Name: db_cognitivearea_multiple_intelligences_cognitivearea_id; Type: INDEX; Schema: public; Owner: -; Tablespace: 
--

CREATE INDEX db_cognitivearea_multiple_intelligences_cognitivearea_id ON db_cognitivearea_multiple_intelligences USING btree (cognitivearea_id);


--
-- Name: db_cognitivearea_multiple_intelligences_multipleintelligence_id; Type: INDEX; Schema: public; Owner: -; Tablespace: 
--

CREATE INDEX db_cognitivearea_multiple_intelligences_multipleintelligence_id ON db_cognitivearea_multiple_intelligences USING btree (multipleintelligence_id);


--
-- Name: db_cognitivearea_name; Type: INDEX; Schema: public; Owner: -; Tablespace: 
--

CREATE INDEX db_cognitivearea_name ON db_cognitivearea USING btree (name);


--
-- Name: db_cognitivearea_name_like; Type: INDEX; Schema: public; Owner: -; Tablespace: 
--

CREATE INDEX db_cognitivearea_name_like ON db_cognitivearea USING btree (name varchar_pattern_ops);


--
-- Name: db_gameplay_game_id; Type: INDEX; Schema: public; Owner: -; Tablespace: 
--

CREATE INDEX db_gameplay_game_id ON db_gameplay USING btree (game_id);


--
-- Name: db_gameplay_player_id; Type: INDEX; Schema: public; Owner: -; Tablespace: 
--

CREATE INDEX db_gameplay_player_id ON db_gameplay USING btree (player_id);


--
-- Name: db_gameroute_game_play_id; Type: INDEX; Schema: public; Owner: -; Tablespace: 
--

CREATE INDEX db_gameroute_game_play_id ON db_gameroute USING btree (game_play_id);


--
-- Name: db_gameroute_order; Type: INDEX; Schema: public; Owner: -; Tablespace: 
--

CREATE INDEX db_gameroute_order ON db_gameroute USING btree ("order");


--
-- Name: db_indicator_cognitive_areas_cognitivearea_id; Type: INDEX; Schema: public; Owner: -; Tablespace: 
--

CREATE INDEX db_indicator_cognitive_areas_cognitivearea_id ON db_indicator_cognitive_areas USING btree (cognitivearea_id);


--
-- Name: db_indicator_cognitive_areas_indicator_id; Type: INDEX; Schema: public; Owner: -; Tablespace: 
--

CREATE INDEX db_indicator_cognitive_areas_indicator_id ON db_indicator_cognitive_areas USING btree (indicator_id);


--
-- Name: db_indicator_name; Type: INDEX; Schema: public; Owner: -; Tablespace: 
--

CREATE INDEX db_indicator_name ON db_indicator USING btree (name);


--
-- Name: db_indicator_name_like; Type: INDEX; Schema: public; Owner: -; Tablespace: 
--

CREATE INDEX db_indicator_name_like ON db_indicator USING btree (name varchar_pattern_ops);


--
-- Name: db_level_name; Type: INDEX; Schema: public; Owner: -; Tablespace: 
--

CREATE INDEX db_level_name ON db_level USING btree (name);


--
-- Name: db_level_name_like; Type: INDEX; Schema: public; Owner: -; Tablespace: 
--

CREATE INDEX db_level_name_like ON db_level USING btree (name varchar_pattern_ops);


--
-- Name: db_level_number; Type: INDEX; Schema: public; Owner: -; Tablespace: 
--

CREATE INDEX db_level_number ON db_level USING btree (number);


--
-- Name: db_multipleintelligence_name; Type: INDEX; Schema: public; Owner: -; Tablespace: 
--

CREATE INDEX db_multipleintelligence_name ON db_multipleintelligence USING btree (name);


--
-- Name: db_multipleintelligence_name_like; Type: INDEX; Schema: public; Owner: -; Tablespace: 
--

CREATE INDEX db_multipleintelligence_name_like ON db_multipleintelligence USING btree (name varchar_pattern_ops);


--
-- Name: db_player_user_profile_id; Type: INDEX; Schema: public; Owner: -; Tablespace: 
--

CREATE INDEX db_player_user_profile_id ON db_player USING btree (user_profile_id);


--
-- Name: db_route_node_game_route_id; Type: INDEX; Schema: public; Owner: -; Tablespace: 
--

CREATE INDEX db_route_node_game_route_id ON db_route_node USING btree (game_route_id);


--
-- Name: db_route_node_scene_id; Type: INDEX; Schema: public; Owner: -; Tablespace: 
--

CREATE INDEX db_route_node_scene_id ON db_route_node USING btree (scene_id);


--
-- Name: db_scene_level_id; Type: INDEX; Schema: public; Owner: -; Tablespace: 
--

CREATE INDEX db_scene_level_id ON db_scene USING btree (level_id);


--
-- Name: db_scene_name; Type: INDEX; Schema: public; Owner: -; Tablespace: 
--

CREATE INDEX db_scene_name ON db_scene USING btree (name);


--
-- Name: db_scene_name_like; Type: INDEX; Schema: public; Owner: -; Tablespace: 
--

CREATE INDEX db_scene_name_like ON db_scene USING btree (name varchar_pattern_ops);


--
-- Name: db_score_game_route_id; Type: INDEX; Schema: public; Owner: -; Tablespace: 
--

CREATE INDEX db_score_game_route_id ON db_score USING btree (game_route_id);


--
-- Name: db_score_indicator_id; Type: INDEX; Schema: public; Owner: -; Tablespace: 
--

CREATE INDEX db_score_indicator_id ON db_score USING btree (indicator_id);


--
-- Name: django_admin_log_content_type_id; Type: INDEX; Schema: public; Owner: -; Tablespace: 
--

CREATE INDEX django_admin_log_content_type_id ON django_admin_log USING btree (content_type_id);


--
-- Name: django_admin_log_user_id; Type: INDEX; Schema: public; Owner: -; Tablespace: 
--

CREATE INDEX django_admin_log_user_id ON django_admin_log USING btree (user_id);


--
-- Name: django_comment_flags_comment_id; Type: INDEX; Schema: public; Owner: -; Tablespace: 
--

CREATE INDEX django_comment_flags_comment_id ON django_comment_flags USING btree (comment_id);


--
-- Name: django_comment_flags_flag; Type: INDEX; Schema: public; Owner: -; Tablespace: 
--

CREATE INDEX django_comment_flags_flag ON django_comment_flags USING btree (flag);


--
-- Name: django_comment_flags_flag_like; Type: INDEX; Schema: public; Owner: -; Tablespace: 
--

CREATE INDEX django_comment_flags_flag_like ON django_comment_flags USING btree (flag varchar_pattern_ops);


--
-- Name: django_comment_flags_user_id; Type: INDEX; Schema: public; Owner: -; Tablespace: 
--

CREATE INDEX django_comment_flags_user_id ON django_comment_flags USING btree (user_id);


--
-- Name: django_comments_content_type_id; Type: INDEX; Schema: public; Owner: -; Tablespace: 
--

CREATE INDEX django_comments_content_type_id ON django_comments USING btree (content_type_id);


--
-- Name: django_comments_site_id; Type: INDEX; Schema: public; Owner: -; Tablespace: 
--

CREATE INDEX django_comments_site_id ON django_comments USING btree (site_id);


--
-- Name: django_comments_user_id; Type: INDEX; Schema: public; Owner: -; Tablespace: 
--

CREATE INDEX django_comments_user_id ON django_comments USING btree (user_id);


--
-- Name: django_session_expire_date; Type: INDEX; Schema: public; Owner: -; Tablespace: 
--

CREATE INDEX django_session_expire_date ON django_session USING btree (expire_date);


--
-- Name: newsletter_article_post_id; Type: INDEX; Schema: public; Owner: -; Tablespace: 
--

CREATE INDEX newsletter_article_post_id ON newsletter_article USING btree (post_id);


--
-- Name: newsletter_article_sortorder; Type: INDEX; Schema: public; Owner: -; Tablespace: 
--

CREATE INDEX newsletter_article_sortorder ON newsletter_article USING btree (sortorder);


--
-- Name: newsletter_emailtemplate_action; Type: INDEX; Schema: public; Owner: -; Tablespace: 
--

CREATE INDEX newsletter_emailtemplate_action ON newsletter_emailtemplate USING btree (action);


--
-- Name: newsletter_emailtemplate_action_like; Type: INDEX; Schema: public; Owner: -; Tablespace: 
--

CREATE INDEX newsletter_emailtemplate_action_like ON newsletter_emailtemplate USING btree (action varchar_pattern_ops);


--
-- Name: newsletter_message_newsletter_id; Type: INDEX; Schema: public; Owner: -; Tablespace: 
--

CREATE INDEX newsletter_message_newsletter_id ON newsletter_message USING btree (newsletter_id);


--
-- Name: newsletter_message_slug; Type: INDEX; Schema: public; Owner: -; Tablespace: 
--

CREATE INDEX newsletter_message_slug ON newsletter_message USING btree (slug);


--
-- Name: newsletter_message_slug_like; Type: INDEX; Schema: public; Owner: -; Tablespace: 
--

CREATE INDEX newsletter_message_slug_like ON newsletter_message USING btree (slug varchar_pattern_ops);


--
-- Name: newsletter_newsletter_message_template_id; Type: INDEX; Schema: public; Owner: -; Tablespace: 
--

CREATE INDEX newsletter_newsletter_message_template_id ON newsletter_newsletter USING btree (message_template_id);


--
-- Name: newsletter_newsletter_site_newsletter_id; Type: INDEX; Schema: public; Owner: -; Tablespace: 
--

CREATE INDEX newsletter_newsletter_site_newsletter_id ON newsletter_newsletter_site USING btree (newsletter_id);


--
-- Name: newsletter_newsletter_site_site_id; Type: INDEX; Schema: public; Owner: -; Tablespace: 
--

CREATE INDEX newsletter_newsletter_site_site_id ON newsletter_newsletter_site USING btree (site_id);


--
-- Name: newsletter_newsletter_subscribe_template_id; Type: INDEX; Schema: public; Owner: -; Tablespace: 
--

CREATE INDEX newsletter_newsletter_subscribe_template_id ON newsletter_newsletter USING btree (subscribe_template_id);


--
-- Name: newsletter_newsletter_unsubscribe_template_id; Type: INDEX; Schema: public; Owner: -; Tablespace: 
--

CREATE INDEX newsletter_newsletter_unsubscribe_template_id ON newsletter_newsletter USING btree (unsubscribe_template_id);


--
-- Name: newsletter_newsletter_update_template_id; Type: INDEX; Schema: public; Owner: -; Tablespace: 
--

CREATE INDEX newsletter_newsletter_update_template_id ON newsletter_newsletter USING btree (update_template_id);


--
-- Name: newsletter_newsletter_visible; Type: INDEX; Schema: public; Owner: -; Tablespace: 
--

CREATE INDEX newsletter_newsletter_visible ON newsletter_newsletter USING btree (visible);


--
-- Name: newsletter_submission_message_id; Type: INDEX; Schema: public; Owner: -; Tablespace: 
--

CREATE INDEX newsletter_submission_message_id ON newsletter_submission USING btree (message_id);


--
-- Name: newsletter_submission_newsletter_id; Type: INDEX; Schema: public; Owner: -; Tablespace: 
--

CREATE INDEX newsletter_submission_newsletter_id ON newsletter_submission USING btree (newsletter_id);


--
-- Name: newsletter_submission_prepared; Type: INDEX; Schema: public; Owner: -; Tablespace: 
--

CREATE INDEX newsletter_submission_prepared ON newsletter_submission USING btree (prepared);


--
-- Name: newsletter_submission_publish; Type: INDEX; Schema: public; Owner: -; Tablespace: 
--

CREATE INDEX newsletter_submission_publish ON newsletter_submission USING btree (publish);


--
-- Name: newsletter_submission_publish_date; Type: INDEX; Schema: public; Owner: -; Tablespace: 
--

CREATE INDEX newsletter_submission_publish_date ON newsletter_submission USING btree (publish_date);


--
-- Name: newsletter_submission_sending; Type: INDEX; Schema: public; Owner: -; Tablespace: 
--

CREATE INDEX newsletter_submission_sending ON newsletter_submission USING btree (sending);


--
-- Name: newsletter_submission_sent; Type: INDEX; Schema: public; Owner: -; Tablespace: 
--

CREATE INDEX newsletter_submission_sent ON newsletter_submission USING btree (sent);


--
-- Name: newsletter_submission_subscriptions_submission_id; Type: INDEX; Schema: public; Owner: -; Tablespace: 
--

CREATE INDEX newsletter_submission_subscriptions_submission_id ON newsletter_submission_subscriptions USING btree (submission_id);


--
-- Name: newsletter_submission_subscriptions_subscription_id; Type: INDEX; Schema: public; Owner: -; Tablespace: 
--

CREATE INDEX newsletter_submission_subscriptions_subscription_id ON newsletter_submission_subscriptions USING btree (subscription_id);


--
-- Name: newsletter_subscription_email; Type: INDEX; Schema: public; Owner: -; Tablespace: 
--

CREATE INDEX newsletter_subscription_email ON newsletter_subscription USING btree (email);


--
-- Name: newsletter_subscription_email_like; Type: INDEX; Schema: public; Owner: -; Tablespace: 
--

CREATE INDEX newsletter_subscription_email_like ON newsletter_subscription USING btree (email varchar_pattern_ops);


--
-- Name: newsletter_subscription_newsletter_id; Type: INDEX; Schema: public; Owner: -; Tablespace: 
--

CREATE INDEX newsletter_subscription_newsletter_id ON newsletter_subscription USING btree (newsletter_id);


--
-- Name: newsletter_subscription_subscribed; Type: INDEX; Schema: public; Owner: -; Tablespace: 
--

CREATE INDEX newsletter_subscription_subscribed ON newsletter_subscription USING btree (subscribed);


--
-- Name: newsletter_subscription_unsubscribed; Type: INDEX; Schema: public; Owner: -; Tablespace: 
--

CREATE INDEX newsletter_subscription_unsubscribed ON newsletter_subscription USING btree (unsubscribed);


--
-- Name: newsletter_subscription_user_id; Type: INDEX; Schema: public; Owner: -; Tablespace: 
--

CREATE INDEX newsletter_subscription_user_id ON newsletter_subscription USING btree (user_id);


--
-- Name: tagging_taggeditem_content_type_id; Type: INDEX; Schema: public; Owner: -; Tablespace: 
--

CREATE INDEX tagging_taggeditem_content_type_id ON tagging_taggeditem USING btree (content_type_id);


--
-- Name: tagging_taggeditem_object_id; Type: INDEX; Schema: public; Owner: -; Tablespace: 
--

CREATE INDEX tagging_taggeditem_object_id ON tagging_taggeditem USING btree (object_id);


--
-- Name: tagging_taggeditem_tag_id; Type: INDEX; Schema: public; Owner: -; Tablespace: 
--

CREATE INDEX tagging_taggeditem_tag_id ON tagging_taggeditem USING btree (tag_id);


--
-- Name: zinnia_category_level; Type: INDEX; Schema: public; Owner: -; Tablespace: 
--

CREATE INDEX zinnia_category_level ON zinnia_category USING btree (level);


--
-- Name: zinnia_category_lft; Type: INDEX; Schema: public; Owner: -; Tablespace: 
--

CREATE INDEX zinnia_category_lft ON zinnia_category USING btree (lft);


--
-- Name: zinnia_category_parent_id; Type: INDEX; Schema: public; Owner: -; Tablespace: 
--

CREATE INDEX zinnia_category_parent_id ON zinnia_category USING btree (parent_id);


--
-- Name: zinnia_category_rght; Type: INDEX; Schema: public; Owner: -; Tablespace: 
--

CREATE INDEX zinnia_category_rght ON zinnia_category USING btree (rght);


--
-- Name: zinnia_category_tree_id; Type: INDEX; Schema: public; Owner: -; Tablespace: 
--

CREATE INDEX zinnia_category_tree_id ON zinnia_category USING btree (tree_id);


--
-- Name: zinnia_entry_authors_entry_id; Type: INDEX; Schema: public; Owner: -; Tablespace: 
--

CREATE INDEX zinnia_entry_authors_entry_id ON zinnia_entry_authors USING btree (entry_id);


--
-- Name: zinnia_entry_authors_user_id; Type: INDEX; Schema: public; Owner: -; Tablespace: 
--

CREATE INDEX zinnia_entry_authors_user_id ON zinnia_entry_authors USING btree (user_id);


--
-- Name: zinnia_entry_categories_category_id; Type: INDEX; Schema: public; Owner: -; Tablespace: 
--

CREATE INDEX zinnia_entry_categories_category_id ON zinnia_entry_categories USING btree (category_id);


--
-- Name: zinnia_entry_categories_entry_id; Type: INDEX; Schema: public; Owner: -; Tablespace: 
--

CREATE INDEX zinnia_entry_categories_entry_id ON zinnia_entry_categories USING btree (entry_id);


--
-- Name: zinnia_entry_related_from_entry_id; Type: INDEX; Schema: public; Owner: -; Tablespace: 
--

CREATE INDEX zinnia_entry_related_from_entry_id ON zinnia_entry_related USING btree (from_entry_id);


--
-- Name: zinnia_entry_related_to_entry_id; Type: INDEX; Schema: public; Owner: -; Tablespace: 
--

CREATE INDEX zinnia_entry_related_to_entry_id ON zinnia_entry_related USING btree (to_entry_id);


--
-- Name: zinnia_entry_sites_entry_id; Type: INDEX; Schema: public; Owner: -; Tablespace: 
--

CREATE INDEX zinnia_entry_sites_entry_id ON zinnia_entry_sites USING btree (entry_id);


--
-- Name: zinnia_entry_sites_site_id; Type: INDEX; Schema: public; Owner: -; Tablespace: 
--

CREATE INDEX zinnia_entry_sites_site_id ON zinnia_entry_sites USING btree (site_id);


--
-- Name: zinnia_entry_slug; Type: INDEX; Schema: public; Owner: -; Tablespace: 
--

CREATE INDEX zinnia_entry_slug ON zinnia_entry USING btree (slug);


--
-- Name: zinnia_entry_slug_like; Type: INDEX; Schema: public; Owner: -; Tablespace: 
--

CREATE INDEX zinnia_entry_slug_like ON zinnia_entry USING btree (slug varchar_pattern_ops);


--
-- Name: auth_group_permissions_permission_id_fkey; Type: FK CONSTRAINT; Schema: public; Owner: -
--

ALTER TABLE ONLY auth_group_permissions
    ADD CONSTRAINT auth_group_permissions_permission_id_fkey FOREIGN KEY (permission_id) REFERENCES auth_permission(id) DEFERRABLE INITIALLY DEFERRED;


--
-- Name: auth_user_groups_group_id_fkey; Type: FK CONSTRAINT; Schema: public; Owner: -
--

ALTER TABLE ONLY auth_user_groups
    ADD CONSTRAINT auth_user_groups_group_id_fkey FOREIGN KEY (group_id) REFERENCES auth_group(id) DEFERRABLE INITIALLY DEFERRED;


--
-- Name: auth_user_user_permissions_permission_id_fkey; Type: FK CONSTRAINT; Schema: public; Owner: -
--

ALTER TABLE ONLY auth_user_user_permissions
    ADD CONSTRAINT auth_user_user_permissions_permission_id_fkey FOREIGN KEY (permission_id) REFERENCES auth_permission(id) DEFERRABLE INITIALLY DEFERRED;


--
-- Name: chart_id_refs_id_d6d6c649; Type: FK CONSTRAINT; Schema: public; Owner: -
--

ALTER TABLE ONLY db_chart_indicators
    ADD CONSTRAINT chart_id_refs_id_d6d6c649 FOREIGN KEY (chart_id) REFERENCES db_chart(id) DEFERRABLE INITIALLY DEFERRED;


--
-- Name: cms_cmsplugin_placeholder_id_fkey; Type: FK CONSTRAINT; Schema: public; Owner: -
--

ALTER TABLE ONLY cms_cmsplugin
    ADD CONSTRAINT cms_cmsplugin_placeholder_id_fkey FOREIGN KEY (placeholder_id) REFERENCES cms_placeholder(id) DEFERRABLE INITIALLY DEFERRED;


--
-- Name: cms_globalpagepermission_group_id_fkey; Type: FK CONSTRAINT; Schema: public; Owner: -
--

ALTER TABLE ONLY cms_globalpagepermission
    ADD CONSTRAINT cms_globalpagepermission_group_id_fkey FOREIGN KEY (group_id) REFERENCES auth_group(id) DEFERRABLE INITIALLY DEFERRED;


--
-- Name: cms_globalpagepermission_sites_site_id_fkey; Type: FK CONSTRAINT; Schema: public; Owner: -
--

ALTER TABLE ONLY cms_globalpagepermission_sites
    ADD CONSTRAINT cms_globalpagepermission_sites_site_id_fkey FOREIGN KEY (site_id) REFERENCES django_site(id) DEFERRABLE INITIALLY DEFERRED;


--
-- Name: cms_globalpagepermission_user_id_fkey; Type: FK CONSTRAINT; Schema: public; Owner: -
--

ALTER TABLE ONLY cms_globalpagepermission
    ADD CONSTRAINT cms_globalpagepermission_user_id_fkey FOREIGN KEY (user_id) REFERENCES auth_user(id) DEFERRABLE INITIALLY DEFERRED;


--
-- Name: cms_page_placeholders_placeholder_id_fkey; Type: FK CONSTRAINT; Schema: public; Owner: -
--

ALTER TABLE ONLY cms_page_placeholders
    ADD CONSTRAINT cms_page_placeholders_placeholder_id_fkey FOREIGN KEY (placeholder_id) REFERENCES cms_placeholder(id) DEFERRABLE INITIALLY DEFERRED;


--
-- Name: cms_page_site_id_fkey; Type: FK CONSTRAINT; Schema: public; Owner: -
--

ALTER TABLE ONLY cms_page
    ADD CONSTRAINT cms_page_site_id_fkey FOREIGN KEY (site_id) REFERENCES django_site(id) DEFERRABLE INITIALLY DEFERRED;


--
-- Name: cms_pagemoderator_page_id_fkey; Type: FK CONSTRAINT; Schema: public; Owner: -
--

ALTER TABLE ONLY cms_pagemoderator
    ADD CONSTRAINT cms_pagemoderator_page_id_fkey FOREIGN KEY (page_id) REFERENCES cms_page(id) DEFERRABLE INITIALLY DEFERRED;


--
-- Name: cms_pagemoderator_user_id_fkey; Type: FK CONSTRAINT; Schema: public; Owner: -
--

ALTER TABLE ONLY cms_pagemoderator
    ADD CONSTRAINT cms_pagemoderator_user_id_fkey FOREIGN KEY (user_id) REFERENCES auth_user(id) DEFERRABLE INITIALLY DEFERRED;


--
-- Name: cms_pagemoderatorstate_page_id_fkey; Type: FK CONSTRAINT; Schema: public; Owner: -
--

ALTER TABLE ONLY cms_pagemoderatorstate
    ADD CONSTRAINT cms_pagemoderatorstate_page_id_fkey FOREIGN KEY (page_id) REFERENCES cms_page(id) DEFERRABLE INITIALLY DEFERRED;


--
-- Name: cms_pagemoderatorstate_user_id_fkey; Type: FK CONSTRAINT; Schema: public; Owner: -
--

ALTER TABLE ONLY cms_pagemoderatorstate
    ADD CONSTRAINT cms_pagemoderatorstate_user_id_fkey FOREIGN KEY (user_id) REFERENCES auth_user(id) DEFERRABLE INITIALLY DEFERRED;


--
-- Name: cms_pagepermission_group_id_fkey; Type: FK CONSTRAINT; Schema: public; Owner: -
--

ALTER TABLE ONLY cms_pagepermission
    ADD CONSTRAINT cms_pagepermission_group_id_fkey FOREIGN KEY (group_id) REFERENCES auth_group(id) DEFERRABLE INITIALLY DEFERRED;


--
-- Name: cms_pagepermission_page_id_fkey; Type: FK CONSTRAINT; Schema: public; Owner: -
--

ALTER TABLE ONLY cms_pagepermission
    ADD CONSTRAINT cms_pagepermission_page_id_fkey FOREIGN KEY (page_id) REFERENCES cms_page(id) DEFERRABLE INITIALLY DEFERRED;


--
-- Name: cms_pagepermission_user_id_fkey; Type: FK CONSTRAINT; Schema: public; Owner: -
--

ALTER TABLE ONLY cms_pagepermission
    ADD CONSTRAINT cms_pagepermission_user_id_fkey FOREIGN KEY (user_id) REFERENCES auth_user(id) DEFERRABLE INITIALLY DEFERRED;


--
-- Name: cms_pageuser_created_by_id_fkey; Type: FK CONSTRAINT; Schema: public; Owner: -
--

ALTER TABLE ONLY cms_pageuser
    ADD CONSTRAINT cms_pageuser_created_by_id_fkey FOREIGN KEY (created_by_id) REFERENCES auth_user(id) DEFERRABLE INITIALLY DEFERRED;


--
-- Name: cms_pageuser_user_ptr_id_fkey; Type: FK CONSTRAINT; Schema: public; Owner: -
--

ALTER TABLE ONLY cms_pageuser
    ADD CONSTRAINT cms_pageuser_user_ptr_id_fkey FOREIGN KEY (user_ptr_id) REFERENCES auth_user(id) DEFERRABLE INITIALLY DEFERRED;


--
-- Name: cms_pageusergroup_created_by_id_fkey; Type: FK CONSTRAINT; Schema: public; Owner: -
--

ALTER TABLE ONLY cms_pageusergroup
    ADD CONSTRAINT cms_pageusergroup_created_by_id_fkey FOREIGN KEY (created_by_id) REFERENCES auth_user(id) DEFERRABLE INITIALLY DEFERRED;


--
-- Name: cms_pageusergroup_group_ptr_id_fkey; Type: FK CONSTRAINT; Schema: public; Owner: -
--

ALTER TABLE ONLY cms_pageusergroup
    ADD CONSTRAINT cms_pageusergroup_group_ptr_id_fkey FOREIGN KEY (group_ptr_id) REFERENCES auth_group(id) DEFERRABLE INITIALLY DEFERRED;


--
-- Name: cms_title_page_id_fkey; Type: FK CONSTRAINT; Schema: public; Owner: -
--

ALTER TABLE ONLY cms_title
    ADD CONSTRAINT cms_title_page_id_fkey FOREIGN KEY (page_id) REFERENCES cms_page(id) DEFERRABLE INITIALLY DEFERRED;


--
-- Name: cmsplugin_file_cmsplugin_ptr_id_fkey; Type: FK CONSTRAINT; Schema: public; Owner: -
--

ALTER TABLE ONLY cmsplugin_file
    ADD CONSTRAINT cmsplugin_file_cmsplugin_ptr_id_fkey FOREIGN KEY (cmsplugin_ptr_id) REFERENCES cms_cmsplugin(id) DEFERRABLE INITIALLY DEFERRED;


--
-- Name: cmsplugin_link_cmsplugin_ptr_id_fkey; Type: FK CONSTRAINT; Schema: public; Owner: -
--

ALTER TABLE ONLY cmsplugin_link
    ADD CONSTRAINT cmsplugin_link_cmsplugin_ptr_id_fkey FOREIGN KEY (cmsplugin_ptr_id) REFERENCES cms_cmsplugin(id) DEFERRABLE INITIALLY DEFERRED;


--
-- Name: cmsplugin_link_page_link_id_fkey; Type: FK CONSTRAINT; Schema: public; Owner: -
--

ALTER TABLE ONLY cmsplugin_link
    ADD CONSTRAINT cmsplugin_link_page_link_id_fkey FOREIGN KEY (page_link_id) REFERENCES cms_page(id) DEFERRABLE INITIALLY DEFERRED;


--
-- Name: cmsplugin_picture_cmsplugin_ptr_id_fkey; Type: FK CONSTRAINT; Schema: public; Owner: -
--

ALTER TABLE ONLY cmsplugin_picture
    ADD CONSTRAINT cmsplugin_picture_cmsplugin_ptr_id_fkey FOREIGN KEY (cmsplugin_ptr_id) REFERENCES cms_cmsplugin(id) DEFERRABLE INITIALLY DEFERRED;


--
-- Name: cmsplugin_picture_page_link_id_fkey; Type: FK CONSTRAINT; Schema: public; Owner: -
--

ALTER TABLE ONLY cmsplugin_picture
    ADD CONSTRAINT cmsplugin_picture_page_link_id_fkey FOREIGN KEY (page_link_id) REFERENCES cms_page(id) DEFERRABLE INITIALLY DEFERRED;


--
-- Name: cmsplugin_text_cmsplugin_ptr_id_fkey; Type: FK CONSTRAINT; Schema: public; Owner: -
--

ALTER TABLE ONLY cmsplugin_text
    ADD CONSTRAINT cmsplugin_text_cmsplugin_ptr_id_fkey FOREIGN KEY (cmsplugin_ptr_id) REFERENCES cms_cmsplugin(id) DEFERRABLE INITIALLY DEFERRED;


--
-- Name: cmsplugin_twitterrecententries_cmsplugin_ptr_id_fkey; Type: FK CONSTRAINT; Schema: public; Owner: -
--

ALTER TABLE ONLY cmsplugin_twitterrecententries
    ADD CONSTRAINT cmsplugin_twitterrecententries_cmsplugin_ptr_id_fkey FOREIGN KEY (cmsplugin_ptr_id) REFERENCES cms_cmsplugin(id) DEFERRABLE INITIALLY DEFERRED;


--
-- Name: cmsplugin_twittersearch_cmsplugin_ptr_id_fkey; Type: FK CONSTRAINT; Schema: public; Owner: -
--

ALTER TABLE ONLY cmsplugin_twittersearch
    ADD CONSTRAINT cmsplugin_twittersearch_cmsplugin_ptr_id_fkey FOREIGN KEY (cmsplugin_ptr_id) REFERENCES cms_cmsplugin(id) DEFERRABLE INITIALLY DEFERRED;


--
-- Name: cmsplugin_video_cmsplugin_ptr_id_fkey; Type: FK CONSTRAINT; Schema: public; Owner: -
--

ALTER TABLE ONLY cmsplugin_video
    ADD CONSTRAINT cmsplugin_video_cmsplugin_ptr_id_fkey FOREIGN KEY (cmsplugin_ptr_id) REFERENCES cms_cmsplugin(id) DEFERRABLE INITIALLY DEFERRED;


--
-- Name: cognitivearea_id_refs_id_2aaae3e2; Type: FK CONSTRAINT; Schema: public; Owner: -
--

ALTER TABLE ONLY db_cognitivearea_multiple_intelligences
    ADD CONSTRAINT cognitivearea_id_refs_id_2aaae3e2 FOREIGN KEY (cognitivearea_id) REFERENCES db_cognitivearea(id) DEFERRABLE INITIALLY DEFERRED;


--
-- Name: content_type_id_refs_id_728de91f; Type: FK CONSTRAINT; Schema: public; Owner: -
--

ALTER TABLE ONLY auth_permission
    ADD CONSTRAINT content_type_id_refs_id_728de91f FOREIGN KEY (content_type_id) REFERENCES django_content_type(id) DEFERRABLE INITIALLY DEFERRED;


--
-- Name: db_chart_indicators_indicator_id_fkey; Type: FK CONSTRAINT; Schema: public; Owner: -
--

ALTER TABLE ONLY db_chart_indicators
    ADD CONSTRAINT db_chart_indicators_indicator_id_fkey FOREIGN KEY (indicator_id) REFERENCES db_indicator(id) DEFERRABLE INITIALLY DEFERRED;


--
-- Name: db_chart_player_id_fkey; Type: FK CONSTRAINT; Schema: public; Owner: -
--

ALTER TABLE ONLY db_chart
    ADD CONSTRAINT db_chart_player_id_fkey FOREIGN KEY (player_id) REFERENCES db_player(id) DEFERRABLE INITIALLY DEFERRED;


--
-- Name: db_cognitivearea_multiple_intellig_multipleintelligence_id_fkey; Type: FK CONSTRAINT; Schema: public; Owner: -
--

ALTER TABLE ONLY db_cognitivearea_multiple_intelligences
    ADD CONSTRAINT db_cognitivearea_multiple_intellig_multipleintelligence_id_fkey FOREIGN KEY (multipleintelligence_id) REFERENCES db_multipleintelligence(id) DEFERRABLE INITIALLY DEFERRED;


--
-- Name: db_gameplay_game_id_fkey; Type: FK CONSTRAINT; Schema: public; Owner: -
--

ALTER TABLE ONLY db_gameplay
    ADD CONSTRAINT db_gameplay_game_id_fkey FOREIGN KEY (game_id) REFERENCES db_game(id) DEFERRABLE INITIALLY DEFERRED;


--
-- Name: db_gameplay_player_id_fkey; Type: FK CONSTRAINT; Schema: public; Owner: -
--

ALTER TABLE ONLY db_gameplay
    ADD CONSTRAINT db_gameplay_player_id_fkey FOREIGN KEY (player_id) REFERENCES db_player(id) DEFERRABLE INITIALLY DEFERRED;


--
-- Name: db_gameroute_game_play_id_fkey; Type: FK CONSTRAINT; Schema: public; Owner: -
--

ALTER TABLE ONLY db_gameroute
    ADD CONSTRAINT db_gameroute_game_play_id_fkey FOREIGN KEY (game_play_id) REFERENCES db_gameplay(id) DEFERRABLE INITIALLY DEFERRED;


--
-- Name: db_indicator_cognitive_areas_cognitivearea_id_fkey; Type: FK CONSTRAINT; Schema: public; Owner: -
--

ALTER TABLE ONLY db_indicator_cognitive_areas
    ADD CONSTRAINT db_indicator_cognitive_areas_cognitivearea_id_fkey FOREIGN KEY (cognitivearea_id) REFERENCES db_cognitivearea(id) DEFERRABLE INITIALLY DEFERRED;


--
-- Name: db_player_user_profile_id_fkey; Type: FK CONSTRAINT; Schema: public; Owner: -
--

ALTER TABLE ONLY db_player
    ADD CONSTRAINT db_player_user_profile_id_fkey FOREIGN KEY (user_profile_id) REFERENCES db_userprofile(id) DEFERRABLE INITIALLY DEFERRED;


--
-- Name: db_route_node_game_route_id_fkey; Type: FK CONSTRAINT; Schema: public; Owner: -
--

ALTER TABLE ONLY db_route_node
    ADD CONSTRAINT db_route_node_game_route_id_fkey FOREIGN KEY (game_route_id) REFERENCES db_gameroute(id) DEFERRABLE INITIALLY DEFERRED;


--
-- Name: db_route_node_scene_id_fkey; Type: FK CONSTRAINT; Schema: public; Owner: -
--

ALTER TABLE ONLY db_route_node
    ADD CONSTRAINT db_route_node_scene_id_fkey FOREIGN KEY (scene_id) REFERENCES db_scene(id) DEFERRABLE INITIALLY DEFERRED;


--
-- Name: db_scene_level_id_fkey; Type: FK CONSTRAINT; Schema: public; Owner: -
--

ALTER TABLE ONLY db_scene
    ADD CONSTRAINT db_scene_level_id_fkey FOREIGN KEY (level_id) REFERENCES db_level(id) DEFERRABLE INITIALLY DEFERRED;


--
-- Name: db_score_game_route_id_fkey; Type: FK CONSTRAINT; Schema: public; Owner: -
--

ALTER TABLE ONLY db_score
    ADD CONSTRAINT db_score_game_route_id_fkey FOREIGN KEY (game_route_id) REFERENCES db_gameroute(id) DEFERRABLE INITIALLY DEFERRED;


--
-- Name: db_score_indicator_id_fkey; Type: FK CONSTRAINT; Schema: public; Owner: -
--

ALTER TABLE ONLY db_score
    ADD CONSTRAINT db_score_indicator_id_fkey FOREIGN KEY (indicator_id) REFERENCES db_indicator(id) DEFERRABLE INITIALLY DEFERRED;


--
-- Name: db_userprofile_user_id_fkey; Type: FK CONSTRAINT; Schema: public; Owner: -
--

ALTER TABLE ONLY db_userprofile
    ADD CONSTRAINT db_userprofile_user_id_fkey FOREIGN KEY (user_id) REFERENCES auth_user(id) DEFERRABLE INITIALLY DEFERRED;


--
-- Name: django_admin_log_content_type_id_fkey; Type: FK CONSTRAINT; Schema: public; Owner: -
--

ALTER TABLE ONLY django_admin_log
    ADD CONSTRAINT django_admin_log_content_type_id_fkey FOREIGN KEY (content_type_id) REFERENCES django_content_type(id) DEFERRABLE INITIALLY DEFERRED;


--
-- Name: django_admin_log_user_id_fkey; Type: FK CONSTRAINT; Schema: public; Owner: -
--

ALTER TABLE ONLY django_admin_log
    ADD CONSTRAINT django_admin_log_user_id_fkey FOREIGN KEY (user_id) REFERENCES auth_user(id) DEFERRABLE INITIALLY DEFERRED;


--
-- Name: django_comment_flags_comment_id_fkey; Type: FK CONSTRAINT; Schema: public; Owner: -
--

ALTER TABLE ONLY django_comment_flags
    ADD CONSTRAINT django_comment_flags_comment_id_fkey FOREIGN KEY (comment_id) REFERENCES django_comments(id) DEFERRABLE INITIALLY DEFERRED;


--
-- Name: django_comment_flags_user_id_fkey; Type: FK CONSTRAINT; Schema: public; Owner: -
--

ALTER TABLE ONLY django_comment_flags
    ADD CONSTRAINT django_comment_flags_user_id_fkey FOREIGN KEY (user_id) REFERENCES auth_user(id) DEFERRABLE INITIALLY DEFERRED;


--
-- Name: django_comments_content_type_id_fkey; Type: FK CONSTRAINT; Schema: public; Owner: -
--

ALTER TABLE ONLY django_comments
    ADD CONSTRAINT django_comments_content_type_id_fkey FOREIGN KEY (content_type_id) REFERENCES django_content_type(id) DEFERRABLE INITIALLY DEFERRED;


--
-- Name: django_comments_site_id_fkey; Type: FK CONSTRAINT; Schema: public; Owner: -
--

ALTER TABLE ONLY django_comments
    ADD CONSTRAINT django_comments_site_id_fkey FOREIGN KEY (site_id) REFERENCES django_site(id) DEFERRABLE INITIALLY DEFERRED;


--
-- Name: django_comments_user_id_fkey; Type: FK CONSTRAINT; Schema: public; Owner: -
--

ALTER TABLE ONLY django_comments
    ADD CONSTRAINT django_comments_user_id_fkey FOREIGN KEY (user_id) REFERENCES auth_user(id) DEFERRABLE INITIALLY DEFERRED;


--
-- Name: entry_id_refs_id_350895b0; Type: FK CONSTRAINT; Schema: public; Owner: -
--

ALTER TABLE ONLY zinnia_entry_sites
    ADD CONSTRAINT entry_id_refs_id_350895b0 FOREIGN KEY (entry_id) REFERENCES zinnia_entry(id) DEFERRABLE INITIALLY DEFERRED;


--
-- Name: entry_id_refs_id_6fb6ebd9; Type: FK CONSTRAINT; Schema: public; Owner: -
--

ALTER TABLE ONLY zinnia_entry_categories
    ADD CONSTRAINT entry_id_refs_id_6fb6ebd9 FOREIGN KEY (entry_id) REFERENCES zinnia_entry(id) DEFERRABLE INITIALLY DEFERRED;


--
-- Name: entry_id_refs_id_da51dea2; Type: FK CONSTRAINT; Schema: public; Owner: -
--

ALTER TABLE ONLY zinnia_entry_authors
    ADD CONSTRAINT entry_id_refs_id_da51dea2 FOREIGN KEY (entry_id) REFERENCES zinnia_entry(id) DEFERRABLE INITIALLY DEFERRED;


--
-- Name: from_entry_id_refs_id_4d833995; Type: FK CONSTRAINT; Schema: public; Owner: -
--

ALTER TABLE ONLY zinnia_entry_related
    ADD CONSTRAINT from_entry_id_refs_id_4d833995 FOREIGN KEY (from_entry_id) REFERENCES zinnia_entry(id) DEFERRABLE INITIALLY DEFERRED;


--
-- Name: globalpagepermission_id_refs_id_2c730e06; Type: FK CONSTRAINT; Schema: public; Owner: -
--

ALTER TABLE ONLY cms_globalpagepermission_sites
    ADD CONSTRAINT globalpagepermission_id_refs_id_2c730e06 FOREIGN KEY (globalpagepermission_id) REFERENCES cms_globalpagepermission(id) DEFERRABLE INITIALLY DEFERRED;


--
-- Name: group_id_refs_id_3cea63fe; Type: FK CONSTRAINT; Schema: public; Owner: -
--

ALTER TABLE ONLY auth_group_permissions
    ADD CONSTRAINT group_id_refs_id_3cea63fe FOREIGN KEY (group_id) REFERENCES auth_group(id) DEFERRABLE INITIALLY DEFERRED;


--
-- Name: indicator_id_refs_id_cebb9c7b; Type: FK CONSTRAINT; Schema: public; Owner: -
--

ALTER TABLE ONLY db_indicator_cognitive_areas
    ADD CONSTRAINT indicator_id_refs_id_cebb9c7b FOREIGN KEY (indicator_id) REFERENCES db_indicator(id) DEFERRABLE INITIALLY DEFERRED;


--
-- Name: newsletter_id_refs_id_84794b78; Type: FK CONSTRAINT; Schema: public; Owner: -
--

ALTER TABLE ONLY newsletter_newsletter_site
    ADD CONSTRAINT newsletter_id_refs_id_84794b78 FOREIGN KEY (newsletter_id) REFERENCES newsletter_newsletter(id) DEFERRABLE INITIALLY DEFERRED;


--
-- Name: newsletter_message_newsletter_id_fkey; Type: FK CONSTRAINT; Schema: public; Owner: -
--

ALTER TABLE ONLY newsletter_message
    ADD CONSTRAINT newsletter_message_newsletter_id_fkey FOREIGN KEY (newsletter_id) REFERENCES newsletter_newsletter(id) DEFERRABLE INITIALLY DEFERRED;


--
-- Name: newsletter_newsletter_message_template_id_fkey; Type: FK CONSTRAINT; Schema: public; Owner: -
--

ALTER TABLE ONLY newsletter_newsletter
    ADD CONSTRAINT newsletter_newsletter_message_template_id_fkey FOREIGN KEY (message_template_id) REFERENCES newsletter_emailtemplate(id) DEFERRABLE INITIALLY DEFERRED;


--
-- Name: newsletter_newsletter_site_site_id_fkey; Type: FK CONSTRAINT; Schema: public; Owner: -
--

ALTER TABLE ONLY newsletter_newsletter_site
    ADD CONSTRAINT newsletter_newsletter_site_site_id_fkey FOREIGN KEY (site_id) REFERENCES django_site(id) DEFERRABLE INITIALLY DEFERRED;


--
-- Name: newsletter_newsletter_subscribe_template_id_fkey; Type: FK CONSTRAINT; Schema: public; Owner: -
--

ALTER TABLE ONLY newsletter_newsletter
    ADD CONSTRAINT newsletter_newsletter_subscribe_template_id_fkey FOREIGN KEY (subscribe_template_id) REFERENCES newsletter_emailtemplate(id) DEFERRABLE INITIALLY DEFERRED;


--
-- Name: newsletter_newsletter_unsubscribe_template_id_fkey; Type: FK CONSTRAINT; Schema: public; Owner: -
--

ALTER TABLE ONLY newsletter_newsletter
    ADD CONSTRAINT newsletter_newsletter_unsubscribe_template_id_fkey FOREIGN KEY (unsubscribe_template_id) REFERENCES newsletter_emailtemplate(id) DEFERRABLE INITIALLY DEFERRED;


--
-- Name: newsletter_newsletter_update_template_id_fkey; Type: FK CONSTRAINT; Schema: public; Owner: -
--

ALTER TABLE ONLY newsletter_newsletter
    ADD CONSTRAINT newsletter_newsletter_update_template_id_fkey FOREIGN KEY (update_template_id) REFERENCES newsletter_emailtemplate(id) DEFERRABLE INITIALLY DEFERRED;


--
-- Name: newsletter_submission_message_id_fkey; Type: FK CONSTRAINT; Schema: public; Owner: -
--

ALTER TABLE ONLY newsletter_submission
    ADD CONSTRAINT newsletter_submission_message_id_fkey FOREIGN KEY (message_id) REFERENCES newsletter_message(id) DEFERRABLE INITIALLY DEFERRED;


--
-- Name: newsletter_submission_newsletter_id_fkey; Type: FK CONSTRAINT; Schema: public; Owner: -
--

ALTER TABLE ONLY newsletter_submission
    ADD CONSTRAINT newsletter_submission_newsletter_id_fkey FOREIGN KEY (newsletter_id) REFERENCES newsletter_newsletter(id) DEFERRABLE INITIALLY DEFERRED;


--
-- Name: newsletter_submission_subscriptions_subscription_id_fkey; Type: FK CONSTRAINT; Schema: public; Owner: -
--

ALTER TABLE ONLY newsletter_submission_subscriptions
    ADD CONSTRAINT newsletter_submission_subscriptions_subscription_id_fkey FOREIGN KEY (subscription_id) REFERENCES newsletter_subscription(id) DEFERRABLE INITIALLY DEFERRED;


--
-- Name: newsletter_subscription_newsletter_id_fkey; Type: FK CONSTRAINT; Schema: public; Owner: -
--

ALTER TABLE ONLY newsletter_subscription
    ADD CONSTRAINT newsletter_subscription_newsletter_id_fkey FOREIGN KEY (newsletter_id) REFERENCES newsletter_newsletter(id) DEFERRABLE INITIALLY DEFERRED;


--
-- Name: newsletter_subscription_user_id_fkey; Type: FK CONSTRAINT; Schema: public; Owner: -
--

ALTER TABLE ONLY newsletter_subscription
    ADD CONSTRAINT newsletter_subscription_user_id_fkey FOREIGN KEY (user_id) REFERENCES auth_user(id) DEFERRABLE INITIALLY DEFERRED;


--
-- Name: page_id_refs_id_b22baae5; Type: FK CONSTRAINT; Schema: public; Owner: -
--

ALTER TABLE ONLY cms_page_placeholders
    ADD CONSTRAINT page_id_refs_id_b22baae5 FOREIGN KEY (page_id) REFERENCES cms_page(id) DEFERRABLE INITIALLY DEFERRED;


--
-- Name: parent_id_refs_id_653a773; Type: FK CONSTRAINT; Schema: public; Owner: -
--

ALTER TABLE ONLY cms_page
    ADD CONSTRAINT parent_id_refs_id_653a773 FOREIGN KEY (parent_id) REFERENCES cms_page(id) DEFERRABLE INITIALLY DEFERRED;


--
-- Name: parent_id_refs_id_ce18ab03; Type: FK CONSTRAINT; Schema: public; Owner: -
--

ALTER TABLE ONLY zinnia_category
    ADD CONSTRAINT parent_id_refs_id_ce18ab03 FOREIGN KEY (parent_id) REFERENCES zinnia_category(id) DEFERRABLE INITIALLY DEFERRED;


--
-- Name: parent_id_refs_id_e0b32a03; Type: FK CONSTRAINT; Schema: public; Owner: -
--

ALTER TABLE ONLY cms_cmsplugin
    ADD CONSTRAINT parent_id_refs_id_e0b32a03 FOREIGN KEY (parent_id) REFERENCES cms_cmsplugin(id) DEFERRABLE INITIALLY DEFERRED;


--
-- Name: post_id_refs_id_f4af84a2; Type: FK CONSTRAINT; Schema: public; Owner: -
--

ALTER TABLE ONLY newsletter_article
    ADD CONSTRAINT post_id_refs_id_f4af84a2 FOREIGN KEY (post_id) REFERENCES newsletter_message(id) DEFERRABLE INITIALLY DEFERRED;


--
-- Name: publisher_public_id_refs_id_653a773; Type: FK CONSTRAINT; Schema: public; Owner: -
--

ALTER TABLE ONLY cms_page
    ADD CONSTRAINT publisher_public_id_refs_id_653a773 FOREIGN KEY (publisher_public_id) REFERENCES cms_page(id) DEFERRABLE INITIALLY DEFERRED;


--
-- Name: submission_id_refs_id_dc024220; Type: FK CONSTRAINT; Schema: public; Owner: -
--

ALTER TABLE ONLY newsletter_submission_subscriptions
    ADD CONSTRAINT submission_id_refs_id_dc024220 FOREIGN KEY (submission_id) REFERENCES newsletter_submission(id) DEFERRABLE INITIALLY DEFERRED;


--
-- Name: tagging_taggeditem_content_type_id_fkey; Type: FK CONSTRAINT; Schema: public; Owner: -
--

ALTER TABLE ONLY tagging_taggeditem
    ADD CONSTRAINT tagging_taggeditem_content_type_id_fkey FOREIGN KEY (content_type_id) REFERENCES django_content_type(id) DEFERRABLE INITIALLY DEFERRED;


--
-- Name: tagging_taggeditem_tag_id_fkey; Type: FK CONSTRAINT; Schema: public; Owner: -
--

ALTER TABLE ONLY tagging_taggeditem
    ADD CONSTRAINT tagging_taggeditem_tag_id_fkey FOREIGN KEY (tag_id) REFERENCES tagging_tag(id) DEFERRABLE INITIALLY DEFERRED;


--
-- Name: tastypie_apikey_user_id_fkey; Type: FK CONSTRAINT; Schema: public; Owner: -
--

ALTER TABLE ONLY tastypie_apikey
    ADD CONSTRAINT tastypie_apikey_user_id_fkey FOREIGN KEY (user_id) REFERENCES auth_user(id) DEFERRABLE INITIALLY DEFERRED;


--
-- Name: to_entry_id_refs_id_4d833995; Type: FK CONSTRAINT; Schema: public; Owner: -
--

ALTER TABLE ONLY zinnia_entry_related
    ADD CONSTRAINT to_entry_id_refs_id_4d833995 FOREIGN KEY (to_entry_id) REFERENCES zinnia_entry(id) DEFERRABLE INITIALLY DEFERRED;


--
-- Name: user_id_refs_id_831107f1; Type: FK CONSTRAINT; Schema: public; Owner: -
--

ALTER TABLE ONLY auth_user_groups
    ADD CONSTRAINT user_id_refs_id_831107f1 FOREIGN KEY (user_id) REFERENCES auth_user(id) DEFERRABLE INITIALLY DEFERRED;


--
-- Name: user_id_refs_id_f2045483; Type: FK CONSTRAINT; Schema: public; Owner: -
--

ALTER TABLE ONLY auth_user_user_permissions
    ADD CONSTRAINT user_id_refs_id_f2045483 FOREIGN KEY (user_id) REFERENCES auth_user(id) DEFERRABLE INITIALLY DEFERRED;


--
-- Name: zinnia_entry_authors_user_id_fkey; Type: FK CONSTRAINT; Schema: public; Owner: -
--

ALTER TABLE ONLY zinnia_entry_authors
    ADD CONSTRAINT zinnia_entry_authors_user_id_fkey FOREIGN KEY (user_id) REFERENCES auth_user(id) DEFERRABLE INITIALLY DEFERRED;


--
-- Name: zinnia_entry_categories_category_id_fkey; Type: FK CONSTRAINT; Schema: public; Owner: -
--

ALTER TABLE ONLY zinnia_entry_categories
    ADD CONSTRAINT zinnia_entry_categories_category_id_fkey FOREIGN KEY (category_id) REFERENCES zinnia_category(id) DEFERRABLE INITIALLY DEFERRED;


--
-- Name: zinnia_entry_sites_site_id_fkey; Type: FK CONSTRAINT; Schema: public; Owner: -
--

ALTER TABLE ONLY zinnia_entry_sites
    ADD CONSTRAINT zinnia_entry_sites_site_id_fkey FOREIGN KEY (site_id) REFERENCES django_site(id) DEFERRABLE INITIALLY DEFERRED;


--
-- PostgreSQL database dump complete
--

