--
-- PostgreSQL database dump
--

SET statement_timeout = 0;
SET client_encoding = 'UTF8';
SET standard_conforming_strings = on;
SET check_function_bodies = false;
SET client_min_messages = warning;

--
-- Name: plpgsql; Type: EXTENSION; Schema: -; Owner: -
--

CREATE EXTENSION IF NOT EXISTS plpgsql WITH SCHEMA pg_catalog;


--
-- Name: EXTENSION plpgsql; Type: COMMENT; Schema: -; Owner: -
--

COMMENT ON EXTENSION plpgsql IS 'PL/pgSQL procedural language';


SET search_path = public, pg_catalog;

SET default_tablespace = '';

SET default_with_oids = false;

--
-- Name: auth_group; Type: TABLE; Schema: public; Owner: -; Tablespace: 
--

CREATE TABLE auth_group (
    id integer NOT NULL,
    name character varying(80) NOT NULL
);


--
-- Name: auth_group_id_seq; Type: SEQUENCE; Schema: public; Owner: -
--

CREATE SEQUENCE auth_group_id_seq
    START WITH 1
    INCREMENT BY 1
    NO MINVALUE
    NO MAXVALUE
    CACHE 1;


--
-- Name: auth_group_id_seq; Type: SEQUENCE OWNED BY; Schema: public; Owner: -
--

ALTER SEQUENCE auth_group_id_seq OWNED BY auth_group.id;


--
-- Name: auth_group_id_seq; Type: SEQUENCE SET; Schema: public; Owner: -
--

SELECT pg_catalog.setval('auth_group_id_seq', 1, false);


--
-- Name: auth_group_permissions; Type: TABLE; Schema: public; Owner: -; Tablespace: 
--

CREATE TABLE auth_group_permissions (
    id integer NOT NULL,
    group_id integer NOT NULL,
    permission_id integer NOT NULL
);


--
-- Name: auth_group_permissions_id_seq; Type: SEQUENCE; Schema: public; Owner: -
--

CREATE SEQUENCE auth_group_permissions_id_seq
    START WITH 1
    INCREMENT BY 1
    NO MINVALUE
    NO MAXVALUE
    CACHE 1;


--
-- Name: auth_group_permissions_id_seq; Type: SEQUENCE OWNED BY; Schema: public; Owner: -
--

ALTER SEQUENCE auth_group_permissions_id_seq OWNED BY auth_group_permissions.id;


--
-- Name: auth_group_permissions_id_seq; Type: SEQUENCE SET; Schema: public; Owner: -
--

SELECT pg_catalog.setval('auth_group_permissions_id_seq', 1, false);


--
-- Name: auth_permission; Type: TABLE; Schema: public; Owner: -; Tablespace: 
--

CREATE TABLE auth_permission (
    id integer NOT NULL,
    name character varying(50) NOT NULL,
    content_type_id integer NOT NULL,
    codename character varying(100) NOT NULL
);


--
-- Name: auth_permission_id_seq; Type: SEQUENCE; Schema: public; Owner: -
--

CREATE SEQUENCE auth_permission_id_seq
    START WITH 1
    INCREMENT BY 1
    NO MINVALUE
    NO MAXVALUE
    CACHE 1;


--
-- Name: auth_permission_id_seq; Type: SEQUENCE OWNED BY; Schema: public; Owner: -
--

ALTER SEQUENCE auth_permission_id_seq OWNED BY auth_permission.id;


--
-- Name: auth_permission_id_seq; Type: SEQUENCE SET; Schema: public; Owner: -
--

SELECT pg_catalog.setval('auth_permission_id_seq', 253, true);


--
-- Name: auth_user; Type: TABLE; Schema: public; Owner: -; Tablespace: 
--

CREATE TABLE auth_user (
    id integer NOT NULL,
    username character varying(30) NOT NULL,
    first_name character varying(30) NOT NULL,
    last_name character varying(30) NOT NULL,
    email character varying(75) NOT NULL,
    password character varying(128) NOT NULL,
    is_staff boolean NOT NULL,
    is_active boolean NOT NULL,
    is_superuser boolean NOT NULL,
    last_login timestamp with time zone NOT NULL,
    date_joined timestamp with time zone NOT NULL
);


--
-- Name: auth_user_groups; Type: TABLE; Schema: public; Owner: -; Tablespace: 
--

CREATE TABLE auth_user_groups (
    id integer NOT NULL,
    user_id integer NOT NULL,
    group_id integer NOT NULL
);


--
-- Name: auth_user_groups_id_seq; Type: SEQUENCE; Schema: public; Owner: -
--

CREATE SEQUENCE auth_user_groups_id_seq
    START WITH 1
    INCREMENT BY 1
    NO MINVALUE
    NO MAXVALUE
    CACHE 1;


--
-- Name: auth_user_groups_id_seq; Type: SEQUENCE OWNED BY; Schema: public; Owner: -
--

ALTER SEQUENCE auth_user_groups_id_seq OWNED BY auth_user_groups.id;


--
-- Name: auth_user_groups_id_seq; Type: SEQUENCE SET; Schema: public; Owner: -
--

SELECT pg_catalog.setval('auth_user_groups_id_seq', 1, false);


--
-- Name: auth_user_id_seq; Type: SEQUENCE; Schema: public; Owner: -
--

CREATE SEQUENCE auth_user_id_seq
    START WITH 1
    INCREMENT BY 1
    NO MINVALUE
    NO MAXVALUE
    CACHE 1;


--
-- Name: auth_user_id_seq; Type: SEQUENCE OWNED BY; Schema: public; Owner: -
--

ALTER SEQUENCE auth_user_id_seq OWNED BY auth_user.id;


--
-- Name: auth_user_id_seq; Type: SEQUENCE SET; Schema: public; Owner: -
--

SELECT pg_catalog.setval('auth_user_id_seq', 9, true);


--
-- Name: auth_user_user_permissions; Type: TABLE; Schema: public; Owner: -; Tablespace: 
--

CREATE TABLE auth_user_user_permissions (
    id integer NOT NULL,
    user_id integer NOT NULL,
    permission_id integer NOT NULL
);


--
-- Name: auth_user_user_permissions_id_seq; Type: SEQUENCE; Schema: public; Owner: -
--

CREATE SEQUENCE auth_user_user_permissions_id_seq
    START WITH 1
    INCREMENT BY 1
    NO MINVALUE
    NO MAXVALUE
    CACHE 1;


--
-- Name: auth_user_user_permissions_id_seq; Type: SEQUENCE OWNED BY; Schema: public; Owner: -
--

ALTER SEQUENCE auth_user_user_permissions_id_seq OWNED BY auth_user_user_permissions.id;


--
-- Name: auth_user_user_permissions_id_seq; Type: SEQUENCE SET; Schema: public; Owner: -
--

SELECT pg_catalog.setval('auth_user_user_permissions_id_seq', 11, true);


--
-- Name: cms_cmsplugin; Type: TABLE; Schema: public; Owner: -; Tablespace: 
--

CREATE TABLE cms_cmsplugin (
    id integer NOT NULL,
    placeholder_id integer,
    parent_id integer,
    "position" smallint,
    language character varying(15) NOT NULL,
    plugin_type character varying(50) NOT NULL,
    creation_date timestamp with time zone NOT NULL,
    level integer NOT NULL,
    lft integer NOT NULL,
    rght integer NOT NULL,
    tree_id integer NOT NULL,
    changed_date timestamp with time zone NOT NULL,
    CONSTRAINT cms_cmsplugin_level_check CHECK ((level >= 0)),
    CONSTRAINT cms_cmsplugin_lft_check CHECK ((lft >= 0)),
    CONSTRAINT cms_cmsplugin_position_check CHECK (("position" >= 0)),
    CONSTRAINT cms_cmsplugin_rght_check CHECK ((rght >= 0)),
    CONSTRAINT cms_cmsplugin_tree_id_check CHECK ((tree_id >= 0))
);


--
-- Name: cms_cmsplugin_id_seq; Type: SEQUENCE; Schema: public; Owner: -
--

CREATE SEQUENCE cms_cmsplugin_id_seq
    START WITH 1
    INCREMENT BY 1
    NO MINVALUE
    NO MAXVALUE
    CACHE 1;


--
-- Name: cms_cmsplugin_id_seq; Type: SEQUENCE OWNED BY; Schema: public; Owner: -
--

ALTER SEQUENCE cms_cmsplugin_id_seq OWNED BY cms_cmsplugin.id;


--
-- Name: cms_cmsplugin_id_seq; Type: SEQUENCE SET; Schema: public; Owner: -
--

SELECT pg_catalog.setval('cms_cmsplugin_id_seq', 62, true);


--
-- Name: cms_globalpagepermission; Type: TABLE; Schema: public; Owner: -; Tablespace: 
--

CREATE TABLE cms_globalpagepermission (
    id integer NOT NULL,
    user_id integer,
    group_id integer,
    can_change boolean NOT NULL,
    can_add boolean NOT NULL,
    can_delete boolean NOT NULL,
    can_change_advanced_settings boolean NOT NULL,
    can_publish boolean NOT NULL,
    can_change_permissions boolean NOT NULL,
    can_move_page boolean NOT NULL,
    can_moderate boolean NOT NULL,
    can_view boolean NOT NULL,
    can_recover_page boolean NOT NULL
);


--
-- Name: cms_globalpagepermission_id_seq; Type: SEQUENCE; Schema: public; Owner: -
--

CREATE SEQUENCE cms_globalpagepermission_id_seq
    START WITH 1
    INCREMENT BY 1
    NO MINVALUE
    NO MAXVALUE
    CACHE 1;


--
-- Name: cms_globalpagepermission_id_seq; Type: SEQUENCE OWNED BY; Schema: public; Owner: -
--

ALTER SEQUENCE cms_globalpagepermission_id_seq OWNED BY cms_globalpagepermission.id;


--
-- Name: cms_globalpagepermission_id_seq; Type: SEQUENCE SET; Schema: public; Owner: -
--

SELECT pg_catalog.setval('cms_globalpagepermission_id_seq', 1, false);


--
-- Name: cms_globalpagepermission_sites; Type: TABLE; Schema: public; Owner: -; Tablespace: 
--

CREATE TABLE cms_globalpagepermission_sites (
    id integer NOT NULL,
    globalpagepermission_id integer NOT NULL,
    site_id integer NOT NULL
);


--
-- Name: cms_globalpagepermission_sites_id_seq; Type: SEQUENCE; Schema: public; Owner: -
--

CREATE SEQUENCE cms_globalpagepermission_sites_id_seq
    START WITH 1
    INCREMENT BY 1
    NO MINVALUE
    NO MAXVALUE
    CACHE 1;


--
-- Name: cms_globalpagepermission_sites_id_seq; Type: SEQUENCE OWNED BY; Schema: public; Owner: -
--

ALTER SEQUENCE cms_globalpagepermission_sites_id_seq OWNED BY cms_globalpagepermission_sites.id;


--
-- Name: cms_globalpagepermission_sites_id_seq; Type: SEQUENCE SET; Schema: public; Owner: -
--

SELECT pg_catalog.setval('cms_globalpagepermission_sites_id_seq', 1, false);


--
-- Name: cms_page; Type: TABLE; Schema: public; Owner: -; Tablespace: 
--

CREATE TABLE cms_page (
    id integer NOT NULL,
    created_by character varying(70) NOT NULL,
    changed_by character varying(70) NOT NULL,
    parent_id integer,
    creation_date timestamp with time zone NOT NULL,
    changed_date timestamp with time zone NOT NULL,
    publication_date timestamp with time zone,
    publication_end_date timestamp with time zone,
    in_navigation boolean NOT NULL,
    soft_root boolean NOT NULL,
    reverse_id character varying(40),
    navigation_extenders character varying(80),
    published boolean NOT NULL,
    template character varying(100) NOT NULL,
    site_id integer NOT NULL,
    moderator_state smallint NOT NULL,
    level integer NOT NULL,
    lft integer NOT NULL,
    rght integer NOT NULL,
    tree_id integer NOT NULL,
    login_required boolean NOT NULL,
    limit_visibility_in_menu smallint,
    publisher_is_draft boolean NOT NULL,
    publisher_public_id integer,
    publisher_state smallint NOT NULL,
    CONSTRAINT cms_page_level_check CHECK ((level >= 0)),
    CONSTRAINT cms_page_lft_check CHECK ((lft >= 0)),
    CONSTRAINT cms_page_rght_check CHECK ((rght >= 0)),
    CONSTRAINT cms_page_tree_id_check CHECK ((tree_id >= 0))
);


--
-- Name: cms_page_id_seq; Type: SEQUENCE; Schema: public; Owner: -
--

CREATE SEQUENCE cms_page_id_seq
    START WITH 1
    INCREMENT BY 1
    NO MINVALUE
    NO MAXVALUE
    CACHE 1;


--
-- Name: cms_page_id_seq; Type: SEQUENCE OWNED BY; Schema: public; Owner: -
--

ALTER SEQUENCE cms_page_id_seq OWNED BY cms_page.id;


--
-- Name: cms_page_id_seq; Type: SEQUENCE SET; Schema: public; Owner: -
--

SELECT pg_catalog.setval('cms_page_id_seq', 8, true);


--
-- Name: cms_page_placeholders; Type: TABLE; Schema: public; Owner: -; Tablespace: 
--

CREATE TABLE cms_page_placeholders (
    id integer NOT NULL,
    page_id integer NOT NULL,
    placeholder_id integer NOT NULL
);


--
-- Name: cms_page_placeholders_id_seq; Type: SEQUENCE; Schema: public; Owner: -
--

CREATE SEQUENCE cms_page_placeholders_id_seq
    START WITH 1
    INCREMENT BY 1
    NO MINVALUE
    NO MAXVALUE
    CACHE 1;


--
-- Name: cms_page_placeholders_id_seq; Type: SEQUENCE OWNED BY; Schema: public; Owner: -
--

ALTER SEQUENCE cms_page_placeholders_id_seq OWNED BY cms_page_placeholders.id;


--
-- Name: cms_page_placeholders_id_seq; Type: SEQUENCE SET; Schema: public; Owner: -
--

SELECT pg_catalog.setval('cms_page_placeholders_id_seq', 37, true);


--
-- Name: cms_pagemoderator; Type: TABLE; Schema: public; Owner: -; Tablespace: 
--

CREATE TABLE cms_pagemoderator (
    id integer NOT NULL,
    page_id integer NOT NULL,
    user_id integer NOT NULL,
    moderate_page boolean NOT NULL,
    moderate_children boolean NOT NULL,
    moderate_descendants boolean NOT NULL
);


--
-- Name: cms_pagemoderator_id_seq; Type: SEQUENCE; Schema: public; Owner: -
--

CREATE SEQUENCE cms_pagemoderator_id_seq
    START WITH 1
    INCREMENT BY 1
    NO MINVALUE
    NO MAXVALUE
    CACHE 1;


--
-- Name: cms_pagemoderator_id_seq; Type: SEQUENCE OWNED BY; Schema: public; Owner: -
--

ALTER SEQUENCE cms_pagemoderator_id_seq OWNED BY cms_pagemoderator.id;


--
-- Name: cms_pagemoderator_id_seq; Type: SEQUENCE SET; Schema: public; Owner: -
--

SELECT pg_catalog.setval('cms_pagemoderator_id_seq', 1, false);


--
-- Name: cms_pagemoderatorstate; Type: TABLE; Schema: public; Owner: -; Tablespace: 
--

CREATE TABLE cms_pagemoderatorstate (
    id integer NOT NULL,
    page_id integer NOT NULL,
    user_id integer,
    created timestamp with time zone NOT NULL,
    action character varying(3),
    message text NOT NULL
);


--
-- Name: cms_pagemoderatorstate_id_seq; Type: SEQUENCE; Schema: public; Owner: -
--

CREATE SEQUENCE cms_pagemoderatorstate_id_seq
    START WITH 1
    INCREMENT BY 1
    NO MINVALUE
    NO MAXVALUE
    CACHE 1;


--
-- Name: cms_pagemoderatorstate_id_seq; Type: SEQUENCE OWNED BY; Schema: public; Owner: -
--

ALTER SEQUENCE cms_pagemoderatorstate_id_seq OWNED BY cms_pagemoderatorstate.id;


--
-- Name: cms_pagemoderatorstate_id_seq; Type: SEQUENCE SET; Schema: public; Owner: -
--

SELECT pg_catalog.setval('cms_pagemoderatorstate_id_seq', 1, false);


--
-- Name: cms_pagepermission; Type: TABLE; Schema: public; Owner: -; Tablespace: 
--

CREATE TABLE cms_pagepermission (
    id integer NOT NULL,
    user_id integer,
    group_id integer,
    can_change boolean NOT NULL,
    can_add boolean NOT NULL,
    can_delete boolean NOT NULL,
    can_change_advanced_settings boolean NOT NULL,
    can_publish boolean NOT NULL,
    can_change_permissions boolean NOT NULL,
    can_move_page boolean NOT NULL,
    can_moderate boolean NOT NULL,
    can_view boolean NOT NULL,
    grant_on integer NOT NULL,
    page_id integer
);


--
-- Name: cms_pagepermission_id_seq; Type: SEQUENCE; Schema: public; Owner: -
--

CREATE SEQUENCE cms_pagepermission_id_seq
    START WITH 1
    INCREMENT BY 1
    NO MINVALUE
    NO MAXVALUE
    CACHE 1;


--
-- Name: cms_pagepermission_id_seq; Type: SEQUENCE OWNED BY; Schema: public; Owner: -
--

ALTER SEQUENCE cms_pagepermission_id_seq OWNED BY cms_pagepermission.id;


--
-- Name: cms_pagepermission_id_seq; Type: SEQUENCE SET; Schema: public; Owner: -
--

SELECT pg_catalog.setval('cms_pagepermission_id_seq', 1, false);


--
-- Name: cms_pageuser; Type: TABLE; Schema: public; Owner: -; Tablespace: 
--

CREATE TABLE cms_pageuser (
    user_ptr_id integer NOT NULL,
    created_by_id integer NOT NULL
);


--
-- Name: cms_pageusergroup; Type: TABLE; Schema: public; Owner: -; Tablespace: 
--

CREATE TABLE cms_pageusergroup (
    group_ptr_id integer NOT NULL,
    created_by_id integer NOT NULL
);


--
-- Name: cms_placeholder; Type: TABLE; Schema: public; Owner: -; Tablespace: 
--

CREATE TABLE cms_placeholder (
    id integer NOT NULL,
    slot character varying(50) NOT NULL,
    default_width smallint,
    CONSTRAINT cms_placeholder_default_width_check CHECK ((default_width >= 0))
);


--
-- Name: cms_placeholder_id_seq; Type: SEQUENCE; Schema: public; Owner: -
--

CREATE SEQUENCE cms_placeholder_id_seq
    START WITH 1
    INCREMENT BY 1
    NO MINVALUE
    NO MAXVALUE
    CACHE 1;


--
-- Name: cms_placeholder_id_seq; Type: SEQUENCE OWNED BY; Schema: public; Owner: -
--

ALTER SEQUENCE cms_placeholder_id_seq OWNED BY cms_placeholder.id;


--
-- Name: cms_placeholder_id_seq; Type: SEQUENCE SET; Schema: public; Owner: -
--

SELECT pg_catalog.setval('cms_placeholder_id_seq', 38, true);


--
-- Name: cms_title; Type: TABLE; Schema: public; Owner: -; Tablespace: 
--

CREATE TABLE cms_title (
    id integer NOT NULL,
    language character varying(15) NOT NULL,
    title character varying(255) NOT NULL,
    menu_title character varying(255),
    slug character varying(255) NOT NULL,
    path character varying(255) NOT NULL,
    has_url_overwrite boolean NOT NULL,
    application_urls character varying(200),
    redirect character varying(255),
    meta_description text,
    meta_keywords character varying(255),
    page_title character varying(255),
    page_id integer NOT NULL,
    creation_date timestamp with time zone NOT NULL
);


--
-- Name: cms_title_id_seq; Type: SEQUENCE; Schema: public; Owner: -
--

CREATE SEQUENCE cms_title_id_seq
    START WITH 1
    INCREMENT BY 1
    NO MINVALUE
    NO MAXVALUE
    CACHE 1;


--
-- Name: cms_title_id_seq; Type: SEQUENCE OWNED BY; Schema: public; Owner: -
--

ALTER SEQUENCE cms_title_id_seq OWNED BY cms_title.id;


--
-- Name: cms_title_id_seq; Type: SEQUENCE SET; Schema: public; Owner: -
--

SELECT pg_catalog.setval('cms_title_id_seq', 15, true);


--
-- Name: cmsplugin_calendarentriesplugin; Type: TABLE; Schema: public; Owner: -; Tablespace: 
--

CREATE TABLE cmsplugin_calendarentriesplugin (
    cmsplugin_ptr_id integer NOT NULL,
    year integer,
    month integer
);


--
-- Name: cmsplugin_file; Type: TABLE; Schema: public; Owner: -; Tablespace: 
--

CREATE TABLE cmsplugin_file (
    cmsplugin_ptr_id integer NOT NULL,
    file character varying(100) NOT NULL,
    title character varying(255)
);


--
-- Name: cmsplugin_latestentriesplugin; Type: TABLE; Schema: public; Owner: -; Tablespace: 
--

CREATE TABLE cmsplugin_latestentriesplugin (
    cmsplugin_ptr_id integer NOT NULL,
    subcategories boolean NOT NULL,
    number_of_entries integer NOT NULL,
    template_to_render character varying(250) NOT NULL
);


--
-- Name: cmsplugin_link; Type: TABLE; Schema: public; Owner: -; Tablespace: 
--

CREATE TABLE cmsplugin_link (
    cmsplugin_ptr_id integer NOT NULL,
    name character varying(256) NOT NULL,
    url character varying(200),
    page_link_id integer,
    mailto character varying(75),
    target character varying(100) NOT NULL
);


--
-- Name: cmsplugin_picture; Type: TABLE; Schema: public; Owner: -; Tablespace: 
--

CREATE TABLE cmsplugin_picture (
    cmsplugin_ptr_id integer NOT NULL,
    image character varying(100) NOT NULL,
    url character varying(255),
    page_link_id integer,
    alt character varying(255),
    longdesc character varying(255),
    "float" character varying(10)
);


--
-- Name: cmsplugin_queryentriesplugin; Type: TABLE; Schema: public; Owner: -; Tablespace: 
--

CREATE TABLE cmsplugin_queryentriesplugin (
    cmsplugin_ptr_id integer NOT NULL,
    query character varying(250) NOT NULL,
    number_of_entries integer NOT NULL,
    template_to_render character varying(250) NOT NULL
);


--
-- Name: cmsplugin_randomentriesplugin; Type: TABLE; Schema: public; Owner: -; Tablespace: 
--

CREATE TABLE cmsplugin_randomentriesplugin (
    cmsplugin_ptr_id integer NOT NULL,
    number_of_entries integer NOT NULL,
    template_to_render character varying(250) NOT NULL
);


--
-- Name: cmsplugin_selectedentriesplugin; Type: TABLE; Schema: public; Owner: -; Tablespace: 
--

CREATE TABLE cmsplugin_selectedentriesplugin (
    cmsplugin_ptr_id integer NOT NULL,
    template_to_render character varying(250) NOT NULL
);


--
-- Name: cmsplugin_text; Type: TABLE; Schema: public; Owner: -; Tablespace: 
--

CREATE TABLE cmsplugin_text (
    cmsplugin_ptr_id integer NOT NULL,
    body text NOT NULL
);


--
-- Name: cmsplugin_twitterrecententries; Type: TABLE; Schema: public; Owner: -; Tablespace: 
--

CREATE TABLE cmsplugin_twitterrecententries (
    cmsplugin_ptr_id integer NOT NULL,
    title character varying(75) NOT NULL,
    twitter_user character varying(75) NOT NULL,
    count smallint NOT NULL,
    link_hint character varying(75) NOT NULL,
    CONSTRAINT cmsplugin_twitterrecententries_count_check CHECK ((count >= 0))
);


--
-- Name: cmsplugin_twittersearch; Type: TABLE; Schema: public; Owner: -; Tablespace: 
--

CREATE TABLE cmsplugin_twittersearch (
    cmsplugin_ptr_id integer NOT NULL,
    title character varying(75) NOT NULL,
    query character varying(200) NOT NULL,
    count smallint NOT NULL,
    CONSTRAINT cmsplugin_twittersearch_count_check CHECK ((count >= 0))
);


--
-- Name: cmsplugin_video; Type: TABLE; Schema: public; Owner: -; Tablespace: 
--

CREATE TABLE cmsplugin_video (
    cmsplugin_ptr_id integer NOT NULL,
    movie character varying(100),
    movie_url character varying(255),
    image character varying(100),
    width smallint NOT NULL,
    height smallint NOT NULL,
    auto_play boolean NOT NULL,
    auto_hide boolean NOT NULL,
    fullscreen boolean NOT NULL,
    loop boolean NOT NULL,
    bgcolor character varying(6) NOT NULL,
    textcolor character varying(6) NOT NULL,
    seekbarcolor character varying(6) NOT NULL,
    seekbarbgcolor character varying(6) NOT NULL,
    loadingbarcolor character varying(6) NOT NULL,
    buttonoutcolor character varying(6) NOT NULL,
    buttonovercolor character varying(6) NOT NULL,
    buttonhighlightcolor character varying(6) NOT NULL,
    CONSTRAINT cmsplugin_video_height_check CHECK ((height >= 0)),
    CONSTRAINT cmsplugin_video_width_check CHECK ((width >= 0))
);


--
-- Name: cmsplugin_zinnia_latestentriesplugin_authors; Type: TABLE; Schema: public; Owner: -; Tablespace: 
--

CREATE TABLE cmsplugin_zinnia_latestentriesplugin_authors (
    id integer NOT NULL,
    latestentriesplugin_id integer NOT NULL,
    user_id integer NOT NULL
);


--
-- Name: cmsplugin_zinnia_latestentriesplugin_authors_id_seq; Type: SEQUENCE; Schema: public; Owner: -
--

CREATE SEQUENCE cmsplugin_zinnia_latestentriesplugin_authors_id_seq
    START WITH 1
    INCREMENT BY 1
    NO MINVALUE
    NO MAXVALUE
    CACHE 1;


--
-- Name: cmsplugin_zinnia_latestentriesplugin_authors_id_seq; Type: SEQUENCE OWNED BY; Schema: public; Owner: -
--

ALTER SEQUENCE cmsplugin_zinnia_latestentriesplugin_authors_id_seq OWNED BY cmsplugin_zinnia_latestentriesplugin_authors.id;


--
-- Name: cmsplugin_zinnia_latestentriesplugin_authors_id_seq; Type: SEQUENCE SET; Schema: public; Owner: -
--

SELECT pg_catalog.setval('cmsplugin_zinnia_latestentriesplugin_authors_id_seq', 1, false);


--
-- Name: cmsplugin_zinnia_latestentriesplugin_categories; Type: TABLE; Schema: public; Owner: -; Tablespace: 
--

CREATE TABLE cmsplugin_zinnia_latestentriesplugin_categories (
    id integer NOT NULL,
    latestentriesplugin_id integer NOT NULL,
    category_id integer NOT NULL
);


--
-- Name: cmsplugin_zinnia_latestentriesplugin_categories_id_seq; Type: SEQUENCE; Schema: public; Owner: -
--

CREATE SEQUENCE cmsplugin_zinnia_latestentriesplugin_categories_id_seq
    START WITH 1
    INCREMENT BY 1
    NO MINVALUE
    NO MAXVALUE
    CACHE 1;


--
-- Name: cmsplugin_zinnia_latestentriesplugin_categories_id_seq; Type: SEQUENCE OWNED BY; Schema: public; Owner: -
--

ALTER SEQUENCE cmsplugin_zinnia_latestentriesplugin_categories_id_seq OWNED BY cmsplugin_zinnia_latestentriesplugin_categories.id;


--
-- Name: cmsplugin_zinnia_latestentriesplugin_categories_id_seq; Type: SEQUENCE SET; Schema: public; Owner: -
--

SELECT pg_catalog.setval('cmsplugin_zinnia_latestentriesplugin_categories_id_seq', 1, false);


--
-- Name: cmsplugin_zinnia_latestentriesplugin_tags; Type: TABLE; Schema: public; Owner: -; Tablespace: 
--

CREATE TABLE cmsplugin_zinnia_latestentriesplugin_tags (
    id integer NOT NULL,
    latestentriesplugin_id integer NOT NULL,
    tag_id integer NOT NULL
);


--
-- Name: cmsplugin_zinnia_latestentriesplugin_tags_id_seq; Type: SEQUENCE; Schema: public; Owner: -
--

CREATE SEQUENCE cmsplugin_zinnia_latestentriesplugin_tags_id_seq
    START WITH 1
    INCREMENT BY 1
    NO MINVALUE
    NO MAXVALUE
    CACHE 1;


--
-- Name: cmsplugin_zinnia_latestentriesplugin_tags_id_seq; Type: SEQUENCE OWNED BY; Schema: public; Owner: -
--

ALTER SEQUENCE cmsplugin_zinnia_latestentriesplugin_tags_id_seq OWNED BY cmsplugin_zinnia_latestentriesplugin_tags.id;


--
-- Name: cmsplugin_zinnia_latestentriesplugin_tags_id_seq; Type: SEQUENCE SET; Schema: public; Owner: -
--

SELECT pg_catalog.setval('cmsplugin_zinnia_latestentriesplugin_tags_id_seq', 1, false);


--
-- Name: cmsplugin_zinnia_selectedentriesplugin_entries; Type: TABLE; Schema: public; Owner: -; Tablespace: 
--

CREATE TABLE cmsplugin_zinnia_selectedentriesplugin_entries (
    id integer NOT NULL,
    selectedentriesplugin_id integer NOT NULL,
    entry_id integer NOT NULL
);


--
-- Name: cmsplugin_zinnia_selectedentriesplugin_entries_id_seq; Type: SEQUENCE; Schema: public; Owner: -
--

CREATE SEQUENCE cmsplugin_zinnia_selectedentriesplugin_entries_id_seq
    START WITH 1
    INCREMENT BY 1
    NO MINVALUE
    NO MAXVALUE
    CACHE 1;


--
-- Name: cmsplugin_zinnia_selectedentriesplugin_entries_id_seq; Type: SEQUENCE OWNED BY; Schema: public; Owner: -
--

ALTER SEQUENCE cmsplugin_zinnia_selectedentriesplugin_entries_id_seq OWNED BY cmsplugin_zinnia_selectedentriesplugin_entries.id;


--
-- Name: cmsplugin_zinnia_selectedentriesplugin_entries_id_seq; Type: SEQUENCE SET; Schema: public; Owner: -
--

SELECT pg_catalog.setval('cmsplugin_zinnia_selectedentriesplugin_entries_id_seq', 1, false);


--
-- Name: db_chart; Type: TABLE; Schema: public; Owner: -; Tablespace: 
--

CREATE TABLE db_chart (
    id integer NOT NULL,
    meta text,
    deleted boolean NOT NULL,
    "dtCreationDateTime" timestamp with time zone NOT NULL,
    "dtModificationDateTime" timestamp with time zone NOT NULL,
    title character varying(255) NOT NULL,
    summary text NOT NULL,
    type character varying(20) NOT NULL,
    player_id integer NOT NULL,
    title_es character varying(255) NOT NULL,
    summary_es text NOT NULL,
    chart_uuid uuid
);


--
-- Name: db_chart_id_seq; Type: SEQUENCE; Schema: public; Owner: -
--

CREATE SEQUENCE db_chart_id_seq
    START WITH 1
    INCREMENT BY 1
    NO MINVALUE
    NO MAXVALUE
    CACHE 1;


--
-- Name: db_chart_id_seq; Type: SEQUENCE OWNED BY; Schema: public; Owner: -
--

ALTER SEQUENCE db_chart_id_seq OWNED BY db_chart.id;


--
-- Name: db_chart_id_seq; Type: SEQUENCE SET; Schema: public; Owner: -
--

SELECT pg_catalog.setval('db_chart_id_seq', 1, false);


--
-- Name: db_chart_indicators; Type: TABLE; Schema: public; Owner: -; Tablespace: 
--

CREATE TABLE db_chart_indicators (
    id integer NOT NULL,
    chart_id integer NOT NULL,
    indicator_id integer NOT NULL
);


--
-- Name: db_chart_indicators_id_seq; Type: SEQUENCE; Schema: public; Owner: -
--

CREATE SEQUENCE db_chart_indicators_id_seq
    START WITH 1
    INCREMENT BY 1
    NO MINVALUE
    NO MAXVALUE
    CACHE 1;


--
-- Name: db_chart_indicators_id_seq; Type: SEQUENCE OWNED BY; Schema: public; Owner: -
--

ALTER SEQUENCE db_chart_indicators_id_seq OWNED BY db_chart_indicators.id;


--
-- Name: db_chart_indicators_id_seq; Type: SEQUENCE SET; Schema: public; Owner: -
--

SELECT pg_catalog.setval('db_chart_indicators_id_seq', 1, false);


--
-- Name: db_cluster; Type: TABLE; Schema: public; Owner: -; Tablespace: 
--

CREATE TABLE db_cluster (
    id integer NOT NULL,
    meta text,
    deleted boolean NOT NULL,
    "dtCreationDateTime" timestamp with time zone NOT NULL,
    "dtModificationDateTime" timestamp with time zone NOT NULL,
    name character varying(255) NOT NULL,
    name_es character varying(255) NOT NULL,
    summary text,
    summary_es text,
    active boolean NOT NULL,
    cluster_uuid uuid
);


--
-- Name: db_cluster_domain_areas; Type: TABLE; Schema: public; Owner: -; Tablespace: 
--

CREATE TABLE db_cluster_domain_areas (
    id integer NOT NULL,
    cluster_id integer NOT NULL,
    domainarea_id integer NOT NULL
);


--
-- Name: db_cluster_domain_areas_id_seq; Type: SEQUENCE; Schema: public; Owner: -
--

CREATE SEQUENCE db_cluster_domain_areas_id_seq
    START WITH 1
    INCREMENT BY 1
    NO MINVALUE
    NO MAXVALUE
    CACHE 1;


--
-- Name: db_cluster_domain_areas_id_seq; Type: SEQUENCE OWNED BY; Schema: public; Owner: -
--

ALTER SEQUENCE db_cluster_domain_areas_id_seq OWNED BY db_cluster_domain_areas.id;


--
-- Name: db_cluster_domain_areas_id_seq; Type: SEQUENCE SET; Schema: public; Owner: -
--

SELECT pg_catalog.setval('db_cluster_domain_areas_id_seq', 60, true);


--
-- Name: db_cluster_id_seq; Type: SEQUENCE; Schema: public; Owner: -
--

CREATE SEQUENCE db_cluster_id_seq
    START WITH 1
    INCREMENT BY 1
    NO MINVALUE
    NO MAXVALUE
    CACHE 1;


--
-- Name: db_cluster_id_seq; Type: SEQUENCE OWNED BY; Schema: public; Owner: -
--

ALTER SEQUENCE db_cluster_id_seq OWNED BY db_cluster.id;


--
-- Name: db_cluster_id_seq; Type: SEQUENCE SET; Schema: public; Owner: -
--

SELECT pg_catalog.setval('db_cluster_id_seq', 29, true);


--
-- Name: db_cognitivearea; Type: TABLE; Schema: public; Owner: -; Tablespace: 
--

CREATE TABLE db_cognitivearea (
    id integer NOT NULL,
    meta text,
    deleted boolean NOT NULL,
    "dtCreationDateTime" timestamp with time zone NOT NULL,
    "dtModificationDateTime" timestamp with time zone NOT NULL,
    name character varying(255) NOT NULL,
    active boolean NOT NULL,
    name_es character varying(255) NOT NULL,
    summary text,
    summary_es text,
    cognitivearea_uuid uuid
);


--
-- Name: db_cognitivearea_id_seq; Type: SEQUENCE; Schema: public; Owner: -
--

CREATE SEQUENCE db_cognitivearea_id_seq
    START WITH 1
    INCREMENT BY 1
    NO MINVALUE
    NO MAXVALUE
    CACHE 1;


--
-- Name: db_cognitivearea_id_seq; Type: SEQUENCE OWNED BY; Schema: public; Owner: -
--

ALTER SEQUENCE db_cognitivearea_id_seq OWNED BY db_cognitivearea.id;


--
-- Name: db_cognitivearea_id_seq; Type: SEQUENCE SET; Schema: public; Owner: -
--

SELECT pg_catalog.setval('db_cognitivearea_id_seq', 3, true);


--
-- Name: db_cognitivearea_multiple_intelligences; Type: TABLE; Schema: public; Owner: -; Tablespace: 
--

CREATE TABLE db_cognitivearea_multiple_intelligences (
    id integer NOT NULL,
    cognitivearea_id integer NOT NULL,
    multipleintelligence_id integer NOT NULL
);


--
-- Name: db_cognitivearea_multiple_intelligences_id_seq; Type: SEQUENCE; Schema: public; Owner: -
--

CREATE SEQUENCE db_cognitivearea_multiple_intelligences_id_seq
    START WITH 1
    INCREMENT BY 1
    NO MINVALUE
    NO MAXVALUE
    CACHE 1;


--
-- Name: db_cognitivearea_multiple_intelligences_id_seq; Type: SEQUENCE OWNED BY; Schema: public; Owner: -
--

ALTER SEQUENCE db_cognitivearea_multiple_intelligences_id_seq OWNED BY db_cognitivearea_multiple_intelligences.id;


--
-- Name: db_cognitivearea_multiple_intelligences_id_seq; Type: SEQUENCE SET; Schema: public; Owner: -
--

SELECT pg_catalog.setval('db_cognitivearea_multiple_intelligences_id_seq', 20, true);


--
-- Name: db_domainarea; Type: TABLE; Schema: public; Owner: -; Tablespace: 
--

CREATE TABLE db_domainarea (
    id integer NOT NULL,
    meta text,
    deleted boolean NOT NULL,
    "dtCreationDateTime" timestamp with time zone NOT NULL,
    "dtModificationDateTime" timestamp with time zone NOT NULL,
    name character varying(255) NOT NULL,
    name_es character varying(255) NOT NULL,
    summary text,
    summary_es text,
    active boolean NOT NULL,
    domainarea_uuid uuid
);


--
-- Name: db_domainarea_cognitive_areas; Type: TABLE; Schema: public; Owner: -; Tablespace: 
--

CREATE TABLE db_domainarea_cognitive_areas (
    id integer NOT NULL,
    domainarea_id integer NOT NULL,
    cognitivearea_id integer NOT NULL
);


--
-- Name: db_domainarea_cognitive_areas_id_seq; Type: SEQUENCE; Schema: public; Owner: -
--

CREATE SEQUENCE db_domainarea_cognitive_areas_id_seq
    START WITH 1
    INCREMENT BY 1
    NO MINVALUE
    NO MAXVALUE
    CACHE 1;


--
-- Name: db_domainarea_cognitive_areas_id_seq; Type: SEQUENCE OWNED BY; Schema: public; Owner: -
--

ALTER SEQUENCE db_domainarea_cognitive_areas_id_seq OWNED BY db_domainarea_cognitive_areas.id;


--
-- Name: db_domainarea_cognitive_areas_id_seq; Type: SEQUENCE SET; Schema: public; Owner: -
--

SELECT pg_catalog.setval('db_domainarea_cognitive_areas_id_seq', 46, true);


--
-- Name: db_domainarea_id_seq; Type: SEQUENCE; Schema: public; Owner: -
--

CREATE SEQUENCE db_domainarea_id_seq
    START WITH 1
    INCREMENT BY 1
    NO MINVALUE
    NO MAXVALUE
    CACHE 1;


--
-- Name: db_domainarea_id_seq; Type: SEQUENCE OWNED BY; Schema: public; Owner: -
--

ALTER SEQUENCE db_domainarea_id_seq OWNED BY db_domainarea.id;


--
-- Name: db_domainarea_id_seq; Type: SEQUENCE SET; Schema: public; Owner: -
--

SELECT pg_catalog.setval('db_domainarea_id_seq', 15, true);


--
-- Name: db_game; Type: TABLE; Schema: public; Owner: -; Tablespace: 
--

CREATE TABLE db_game (
    id integer NOT NULL,
    meta text,
    deleted boolean NOT NULL,
    "dtCreationDateTime" timestamp with time zone NOT NULL,
    "dtModificationDateTime" timestamp with time zone NOT NULL,
    name character varying(200) NOT NULL,
    min_age_months smallint NOT NULL,
    max_age_months smallint NOT NULL,
    short_desc text,
    long_desc text,
    name_es character varying(200) NOT NULL,
    short_desc_es text,
    long_desc_es text,
    owner_id integer NOT NULL,
    game_uuid uuid,
    levels integer NOT NULL,
    CONSTRAINT ck_levels_pstv_1a4811c506b4753d CHECK ((levels >= 0)),
    CONSTRAINT db_game_levels_check CHECK ((levels >= 0))
);


--
-- Name: db_game_id_seq; Type: SEQUENCE; Schema: public; Owner: -
--

CREATE SEQUENCE db_game_id_seq
    START WITH 1
    INCREMENT BY 1
    NO MINVALUE
    NO MAXVALUE
    CACHE 1;


--
-- Name: db_game_id_seq; Type: SEQUENCE OWNED BY; Schema: public; Owner: -
--

ALTER SEQUENCE db_game_id_seq OWNED BY db_game.id;


--
-- Name: db_game_id_seq; Type: SEQUENCE SET; Schema: public; Owner: -
--

SELECT pg_catalog.setval('db_game_id_seq', 2, true);


--
-- Name: db_gameplay; Type: TABLE; Schema: public; Owner: -; Tablespace: 
--

CREATE TABLE db_gameplay (
    id integer NOT NULL,
    meta text,
    deleted boolean NOT NULL,
    "dtCreationDateTime" timestamp with time zone NOT NULL,
    "dtModificationDateTime" timestamp with time zone NOT NULL,
    is_playing boolean NOT NULL,
    start_play timestamp with time zone NOT NULL,
    end_play timestamp with time zone,
    player_id integer NOT NULL,
    game_id integer NOT NULL,
    gameplay_uuid uuid
);


--
-- Name: db_gameplay_id_seq; Type: SEQUENCE; Schema: public; Owner: -
--

CREATE SEQUENCE db_gameplay_id_seq
    START WITH 1
    INCREMENT BY 1
    NO MINVALUE
    NO MAXVALUE
    CACHE 1;


--
-- Name: db_gameplay_id_seq; Type: SEQUENCE OWNED BY; Schema: public; Owner: -
--

ALTER SEQUENCE db_gameplay_id_seq OWNED BY db_gameplay.id;


--
-- Name: db_gameplay_id_seq; Type: SEQUENCE SET; Schema: public; Owner: -
--

SELECT pg_catalog.setval('db_gameplay_id_seq', 44, true);


--
-- Name: db_gameroute; Type: TABLE; Schema: public; Owner: -; Tablespace: 
--

CREATE TABLE db_gameroute (
    id integer NOT NULL,
    meta text,
    deleted boolean NOT NULL,
    "dtCreationDateTime" timestamp with time zone NOT NULL,
    "dtModificationDateTime" timestamp with time zone NOT NULL,
    elapsed_time integer NOT NULL,
    "order" integer NOT NULL,
    game_play_id integer NOT NULL,
    gameroute_uuid uuid
);


--
-- Name: db_gameroute_id_seq; Type: SEQUENCE; Schema: public; Owner: -
--

CREATE SEQUENCE db_gameroute_id_seq
    START WITH 1
    INCREMENT BY 1
    NO MINVALUE
    NO MAXVALUE
    CACHE 1;


--
-- Name: db_gameroute_id_seq; Type: SEQUENCE OWNED BY; Schema: public; Owner: -
--

ALTER SEQUENCE db_gameroute_id_seq OWNED BY db_gameroute.id;


--
-- Name: db_gameroute_id_seq; Type: SEQUENCE SET; Schema: public; Owner: -
--

SELECT pg_catalog.setval('db_gameroute_id_seq', 87, true);


--
-- Name: db_gamescoring; Type: TABLE; Schema: public; Owner: -; Tablespace: 
--

CREATE TABLE db_gamescoring (
    id integer NOT NULL,
    meta text,
    deleted boolean NOT NULL,
    "dtCreationDateTime" timestamp with time zone NOT NULL,
    "dtModificationDateTime" timestamp with time zone NOT NULL,
    game_id integer NOT NULL,
    indicator_id integer NOT NULL
);


--
-- Name: db_gamescoring_id_seq; Type: SEQUENCE; Schema: public; Owner: -
--

CREATE SEQUENCE db_gamescoring_id_seq
    START WITH 1
    INCREMENT BY 1
    NO MINVALUE
    NO MAXVALUE
    CACHE 1;


--
-- Name: db_gamescoring_id_seq; Type: SEQUENCE OWNED BY; Schema: public; Owner: -
--

ALTER SEQUENCE db_gamescoring_id_seq OWNED BY db_gamescoring.id;


--
-- Name: db_gamescoring_id_seq; Type: SEQUENCE SET; Schema: public; Owner: -
--

SELECT pg_catalog.setval('db_gamescoring_id_seq', 2, true);


--
-- Name: db_indicator; Type: TABLE; Schema: public; Owner: -; Tablespace: 
--

CREATE TABLE db_indicator (
    id integer NOT NULL,
    meta text,
    deleted boolean NOT NULL,
    "dtCreationDateTime" timestamp with time zone NOT NULL,
    "dtModificationDateTime" timestamp with time zone NOT NULL,
    name character varying(255) NOT NULL,
    name_es character varying(255) NOT NULL,
    summary text,
    summary_es text,
    indicator_uuid uuid
);


--
-- Name: db_indicator_clusters; Type: TABLE; Schema: public; Owner: -; Tablespace: 
--

CREATE TABLE db_indicator_clusters (
    id integer NOT NULL,
    indicator_id integer NOT NULL,
    cluster_id integer NOT NULL
);


--
-- Name: db_indicator_clusters_id_seq; Type: SEQUENCE; Schema: public; Owner: -
--

CREATE SEQUENCE db_indicator_clusters_id_seq
    START WITH 1
    INCREMENT BY 1
    NO MINVALUE
    NO MAXVALUE
    CACHE 1;


--
-- Name: db_indicator_clusters_id_seq; Type: SEQUENCE OWNED BY; Schema: public; Owner: -
--

ALTER SEQUENCE db_indicator_clusters_id_seq OWNED BY db_indicator_clusters.id;


--
-- Name: db_indicator_clusters_id_seq; Type: SEQUENCE SET; Schema: public; Owner: -
--

SELECT pg_catalog.setval('db_indicator_clusters_id_seq', 300, true);


--
-- Name: db_indicator_id_seq; Type: SEQUENCE; Schema: public; Owner: -
--

CREATE SEQUENCE db_indicator_id_seq
    START WITH 1
    INCREMENT BY 1
    NO MINVALUE
    NO MAXVALUE
    CACHE 1;


--
-- Name: db_indicator_id_seq; Type: SEQUENCE OWNED BY; Schema: public; Owner: -
--

ALTER SEQUENCE db_indicator_id_seq OWNED BY db_indicator.id;


--
-- Name: db_indicator_id_seq; Type: SEQUENCE SET; Schema: public; Owner: -
--

SELECT pg_catalog.setval('db_indicator_id_seq', 53, true);


--
-- Name: db_multipleintelligence; Type: TABLE; Schema: public; Owner: -; Tablespace: 
--

CREATE TABLE db_multipleintelligence (
    id integer NOT NULL,
    meta text,
    deleted boolean NOT NULL,
    "dtCreationDateTime" timestamp with time zone NOT NULL,
    "dtModificationDateTime" timestamp with time zone NOT NULL,
    name character varying(255) NOT NULL,
    "order" smallint NOT NULL,
    active boolean NOT NULL,
    name_es character varying(255) NOT NULL,
    summary text,
    summary_es text,
    multipleintelligence_uuid uuid
);


--
-- Name: db_multipleintelligence_id_seq; Type: SEQUENCE; Schema: public; Owner: -
--

CREATE SEQUENCE db_multipleintelligence_id_seq
    START WITH 1
    INCREMENT BY 1
    NO MINVALUE
    NO MAXVALUE
    CACHE 1;


--
-- Name: db_multipleintelligence_id_seq; Type: SEQUENCE OWNED BY; Schema: public; Owner: -
--

ALTER SEQUENCE db_multipleintelligence_id_seq OWNED BY db_multipleintelligence.id;


--
-- Name: db_multipleintelligence_id_seq; Type: SEQUENCE SET; Schema: public; Owner: -
--

SELECT pg_catalog.setval('db_multipleintelligence_id_seq', 8, true);


--
-- Name: db_player; Type: TABLE; Schema: public; Owner: -; Tablespace: 
--

CREATE TABLE db_player (
    id integer NOT NULL,
    meta text,
    deleted boolean NOT NULL,
    "dtCreationDateTime" timestamp with time zone NOT NULL,
    "dtModificationDateTime" timestamp with time zone NOT NULL,
    nickname character varying(25) NOT NULL,
    months smallint NOT NULL,
    user_profile_id integer NOT NULL,
    player_uuid uuid,
    sex character varying(1)
);


--
-- Name: db_player_id_seq; Type: SEQUENCE; Schema: public; Owner: -
--

CREATE SEQUENCE db_player_id_seq
    START WITH 1
    INCREMENT BY 1
    NO MINVALUE
    NO MAXVALUE
    CACHE 1;


--
-- Name: db_player_id_seq; Type: SEQUENCE OWNED BY; Schema: public; Owner: -
--

ALTER SEQUENCE db_player_id_seq OWNED BY db_player.id;


--
-- Name: db_player_id_seq; Type: SEQUENCE SET; Schema: public; Owner: -
--

SELECT pg_catalog.setval('db_player_id_seq', 5, true);


--
-- Name: db_rawdata; Type: TABLE; Schema: public; Owner: -; Tablespace: 
--

CREATE TABLE db_rawdata (
    id integer NOT NULL,
    player_uuid uuid NOT NULL,
    data text,
    game_uuid uuid,
    valid boolean NOT NULL,
    deleted boolean NOT NULL,
    gameplay_uuid uuid NOT NULL,
    gameroute_uuid uuid NOT NULL,
    rawdata_uuid uuid,
    processed boolean NOT NULL,
    "dtCreationDateTime" timestamp with time zone,
    "dtModificationDateTime" timestamp with time zone,
    screenplay_uuid uuid
);


--
-- Name: db_rawdata_id_seq; Type: SEQUENCE; Schema: public; Owner: -
--

CREATE SEQUENCE db_rawdata_id_seq
    START WITH 1
    INCREMENT BY 1
    NO MINVALUE
    NO MAXVALUE
    CACHE 1;


--
-- Name: db_rawdata_id_seq; Type: SEQUENCE OWNED BY; Schema: public; Owner: -
--

ALTER SEQUENCE db_rawdata_id_seq OWNED BY db_rawdata.id;


--
-- Name: db_rawdata_id_seq; Type: SEQUENCE SET; Schema: public; Owner: -
--

SELECT pg_catalog.setval('db_rawdata_id_seq', 1, true);


--
-- Name: db_score; Type: TABLE; Schema: public; Owner: -; Tablespace: 
--

CREATE TABLE db_score (
    id integer NOT NULL,
    meta text,
    deleted boolean NOT NULL,
    "dtCreationDateTime" timestamp with time zone NOT NULL,
    "dtModificationDateTime" timestamp with time zone NOT NULL,
    game_route_id integer NOT NULL,
    indicator_id integer NOT NULL,
    value double precision NOT NULL,
    full_report text
);


--
-- Name: db_score_id_seq; Type: SEQUENCE; Schema: public; Owner: -
--

CREATE SEQUENCE db_score_id_seq
    START WITH 1
    INCREMENT BY 1
    NO MINVALUE
    NO MAXVALUE
    CACHE 1;


--
-- Name: db_score_id_seq; Type: SEQUENCE OWNED BY; Schema: public; Owner: -
--

ALTER SEQUENCE db_score_id_seq OWNED BY db_score.id;


--
-- Name: db_score_id_seq; Type: SEQUENCE SET; Schema: public; Owner: -
--

SELECT pg_catalog.setval('db_score_id_seq', 1, false);


--
-- Name: db_screenplay; Type: TABLE; Schema: public; Owner: -; Tablespace: 
--

CREATE TABLE db_screenplay (
    id integer NOT NULL,
    meta text,
    deleted boolean NOT NULL,
    "dtCreationDateTime" timestamp with time zone NOT NULL,
    "dtModificationDateTime" timestamp with time zone NOT NULL,
    screenplay_uuid uuid,
    gameroute_id integer NOT NULL,
    "order" smallint NOT NULL,
    level smallint NOT NULL,
    partial_report text
);


--
-- Name: db_screenplay_id_seq; Type: SEQUENCE; Schema: public; Owner: -
--

CREATE SEQUENCE db_screenplay_id_seq
    START WITH 1
    INCREMENT BY 1
    NO MINVALUE
    NO MAXVALUE
    CACHE 1;


--
-- Name: db_screenplay_id_seq; Type: SEQUENCE OWNED BY; Schema: public; Owner: -
--

ALTER SEQUENCE db_screenplay_id_seq OWNED BY db_screenplay.id;


--
-- Name: db_screenplay_id_seq; Type: SEQUENCE SET; Schema: public; Owner: -
--

SELECT pg_catalog.setval('db_screenplay_id_seq', 2, true);


--
-- Name: db_userprofile; Type: TABLE; Schema: public; Owner: -; Tablespace: 
--

CREATE TABLE db_userprofile (
    id integer NOT NULL,
    meta text,
    deleted boolean NOT NULL,
    "dtCreationDateTime" timestamp with time zone NOT NULL,
    "dtModificationDateTime" timestamp with time zone NOT NULL,
    user_id integer NOT NULL,
    sex character varying(1) NOT NULL,
    country_code character varying(2) NOT NULL,
    image character varying(200) NOT NULL,
    completed boolean NOT NULL,
    unregistered boolean NOT NULL,
    userprofile_uuid uuid,
    preferred_language character varying(5) NOT NULL,
    image_height_field smallint NOT NULL,
    image_width_field smallint NOT NULL,
    subscribed boolean NOT NULL,
    CONSTRAINT ck_image_height_field_pstv_4cdcd67002948eb8 CHECK ((image_height_field >= 0)),
    CONSTRAINT ck_image_width_field_pstv_31ab2c6b675b2c7c CHECK ((image_width_field >= 0)),
    CONSTRAINT db_userprofile_image_height_field_check CHECK ((image_height_field >= 0)),
    CONSTRAINT db_userprofile_image_width_field_check CHECK ((image_width_field >= 0))
);


--
-- Name: db_userprofile_id_seq; Type: SEQUENCE; Schema: public; Owner: -
--

CREATE SEQUENCE db_userprofile_id_seq
    START WITH 1
    INCREMENT BY 1
    NO MINVALUE
    NO MAXVALUE
    CACHE 1;


--
-- Name: db_userprofile_id_seq; Type: SEQUENCE OWNED BY; Schema: public; Owner: -
--

ALTER SEQUENCE db_userprofile_id_seq OWNED BY db_userprofile.id;


--
-- Name: db_userprofile_id_seq; Type: SEQUENCE SET; Schema: public; Owner: -
--

SELECT pg_catalog.setval('db_userprofile_id_seq', 7, true);


--
-- Name: django_admin_log; Type: TABLE; Schema: public; Owner: -; Tablespace: 
--

CREATE TABLE django_admin_log (
    id integer NOT NULL,
    action_time timestamp with time zone NOT NULL,
    user_id integer NOT NULL,
    content_type_id integer,
    object_id text,
    object_repr character varying(200) NOT NULL,
    action_flag smallint NOT NULL,
    change_message text NOT NULL,
    CONSTRAINT django_admin_log_action_flag_check CHECK ((action_flag >= 0))
);


--
-- Name: django_admin_log_id_seq; Type: SEQUENCE; Schema: public; Owner: -
--

CREATE SEQUENCE django_admin_log_id_seq
    START WITH 1
    INCREMENT BY 1
    NO MINVALUE
    NO MAXVALUE
    CACHE 1;


--
-- Name: django_admin_log_id_seq; Type: SEQUENCE OWNED BY; Schema: public; Owner: -
--

ALTER SEQUENCE django_admin_log_id_seq OWNED BY django_admin_log.id;


--
-- Name: django_admin_log_id_seq; Type: SEQUENCE SET; Schema: public; Owner: -
--

SELECT pg_catalog.setval('django_admin_log_id_seq', 387, true);


--
-- Name: django_comment_flags; Type: TABLE; Schema: public; Owner: -; Tablespace: 
--

CREATE TABLE django_comment_flags (
    id integer NOT NULL,
    user_id integer NOT NULL,
    comment_id integer NOT NULL,
    flag character varying(30) NOT NULL,
    flag_date timestamp with time zone NOT NULL
);


--
-- Name: django_comment_flags_id_seq; Type: SEQUENCE; Schema: public; Owner: -
--

CREATE SEQUENCE django_comment_flags_id_seq
    START WITH 1
    INCREMENT BY 1
    NO MINVALUE
    NO MAXVALUE
    CACHE 1;


--
-- Name: django_comment_flags_id_seq; Type: SEQUENCE OWNED BY; Schema: public; Owner: -
--

ALTER SEQUENCE django_comment_flags_id_seq OWNED BY django_comment_flags.id;


--
-- Name: django_comment_flags_id_seq; Type: SEQUENCE SET; Schema: public; Owner: -
--

SELECT pg_catalog.setval('django_comment_flags_id_seq', 308, true);


--
-- Name: django_comments; Type: TABLE; Schema: public; Owner: -; Tablespace: 
--

CREATE TABLE django_comments (
    id integer NOT NULL,
    content_type_id integer NOT NULL,
    object_pk text NOT NULL,
    site_id integer NOT NULL,
    user_id integer,
    user_name character varying(50) NOT NULL,
    user_email character varying(75) NOT NULL,
    user_url character varying(200) NOT NULL,
    comment text NOT NULL,
    submit_date timestamp with time zone NOT NULL,
    ip_address inet,
    is_public boolean NOT NULL,
    is_removed boolean NOT NULL
);


--
-- Name: django_comments_id_seq; Type: SEQUENCE; Schema: public; Owner: -
--

CREATE SEQUENCE django_comments_id_seq
    START WITH 1
    INCREMENT BY 1
    NO MINVALUE
    NO MAXVALUE
    CACHE 1;


--
-- Name: django_comments_id_seq; Type: SEQUENCE OWNED BY; Schema: public; Owner: -
--

ALTER SEQUENCE django_comments_id_seq OWNED BY django_comments.id;


--
-- Name: django_comments_id_seq; Type: SEQUENCE SET; Schema: public; Owner: -
--

SELECT pg_catalog.setval('django_comments_id_seq', 184, true);


--
-- Name: django_content_type; Type: TABLE; Schema: public; Owner: -; Tablespace: 
--

CREATE TABLE django_content_type (
    id integer NOT NULL,
    name character varying(100) NOT NULL,
    app_label character varying(100) NOT NULL,
    model character varying(100) NOT NULL
);


--
-- Name: django_content_type_id_seq; Type: SEQUENCE; Schema: public; Owner: -
--

CREATE SEQUENCE django_content_type_id_seq
    START WITH 1
    INCREMENT BY 1
    NO MINVALUE
    NO MAXVALUE
    CACHE 1;


--
-- Name: django_content_type_id_seq; Type: SEQUENCE OWNED BY; Schema: public; Owner: -
--

ALTER SEQUENCE django_content_type_id_seq OWNED BY django_content_type.id;


--
-- Name: django_content_type_id_seq; Type: SEQUENCE SET; Schema: public; Owner: -
--

SELECT pg_catalog.setval('django_content_type_id_seq', 82, true);


--
-- Name: django_session; Type: TABLE; Schema: public; Owner: -; Tablespace: 
--

CREATE TABLE django_session (
    session_key character varying(40) NOT NULL,
    session_data text NOT NULL,
    expire_date timestamp with time zone NOT NULL
);


--
-- Name: django_site; Type: TABLE; Schema: public; Owner: -; Tablespace: 
--

CREATE TABLE django_site (
    id integer NOT NULL,
    domain character varying(100) NOT NULL,
    name character varying(50) NOT NULL
);


--
-- Name: django_site_id_seq; Type: SEQUENCE; Schema: public; Owner: -
--

CREATE SEQUENCE django_site_id_seq
    START WITH 1
    INCREMENT BY 1
    NO MINVALUE
    NO MAXVALUE
    CACHE 1;


--
-- Name: django_site_id_seq; Type: SEQUENCE OWNED BY; Schema: public; Owner: -
--

ALTER SEQUENCE django_site_id_seq OWNED BY django_site.id;


--
-- Name: django_site_id_seq; Type: SEQUENCE SET; Schema: public; Owner: -
--

SELECT pg_catalog.setval('django_site_id_seq', 2, true);


--
-- Name: menus_cachekey; Type: TABLE; Schema: public; Owner: -; Tablespace: 
--

CREATE TABLE menus_cachekey (
    id integer NOT NULL,
    language character varying(255) NOT NULL,
    site integer NOT NULL,
    key character varying(255) NOT NULL,
    CONSTRAINT menus_cachekey_site_check CHECK ((site >= 0))
);


--
-- Name: menus_cachekey_id_seq; Type: SEQUENCE; Schema: public; Owner: -
--

CREATE SEQUENCE menus_cachekey_id_seq
    START WITH 1
    INCREMENT BY 1
    NO MINVALUE
    NO MAXVALUE
    CACHE 1;


--
-- Name: menus_cachekey_id_seq; Type: SEQUENCE OWNED BY; Schema: public; Owner: -
--

ALTER SEQUENCE menus_cachekey_id_seq OWNED BY menus_cachekey.id;


--
-- Name: menus_cachekey_id_seq; Type: SEQUENCE SET; Schema: public; Owner: -
--

SELECT pg_catalog.setval('menus_cachekey_id_seq', 1, false);


--
-- Name: newsletter_article; Type: TABLE; Schema: public; Owner: -; Tablespace: 
--

CREATE TABLE newsletter_article (
    id integer NOT NULL,
    sortorder integer NOT NULL,
    title character varying(200) NOT NULL,
    text text NOT NULL,
    url character varying(200),
    image character varying(100),
    thumb character varying(600),
    post_id integer NOT NULL,
    CONSTRAINT newsletter_article_sortorder_check CHECK ((sortorder >= 0))
);


--
-- Name: newsletter_article_id_seq; Type: SEQUENCE; Schema: public; Owner: -
--

CREATE SEQUENCE newsletter_article_id_seq
    START WITH 1
    INCREMENT BY 1
    NO MINVALUE
    NO MAXVALUE
    CACHE 1;


--
-- Name: newsletter_article_id_seq; Type: SEQUENCE OWNED BY; Schema: public; Owner: -
--

ALTER SEQUENCE newsletter_article_id_seq OWNED BY newsletter_article.id;


--
-- Name: newsletter_article_id_seq; Type: SEQUENCE SET; Schema: public; Owner: -
--

SELECT pg_catalog.setval('newsletter_article_id_seq', 1, false);


--
-- Name: newsletter_emailtemplate; Type: TABLE; Schema: public; Owner: -; Tablespace: 
--

CREATE TABLE newsletter_emailtemplate (
    id integer NOT NULL,
    title character varying(200) NOT NULL,
    action character varying(16) NOT NULL,
    subject character varying(255) NOT NULL,
    text text NOT NULL,
    html text
);


--
-- Name: newsletter_emailtemplate_id_seq; Type: SEQUENCE; Schema: public; Owner: -
--

CREATE SEQUENCE newsletter_emailtemplate_id_seq
    START WITH 1
    INCREMENT BY 1
    NO MINVALUE
    NO MAXVALUE
    CACHE 1;


--
-- Name: newsletter_emailtemplate_id_seq; Type: SEQUENCE OWNED BY; Schema: public; Owner: -
--

ALTER SEQUENCE newsletter_emailtemplate_id_seq OWNED BY newsletter_emailtemplate.id;


--
-- Name: newsletter_emailtemplate_id_seq; Type: SEQUENCE SET; Schema: public; Owner: -
--

SELECT pg_catalog.setval('newsletter_emailtemplate_id_seq', 5, true);


--
-- Name: newsletter_message; Type: TABLE; Schema: public; Owner: -; Tablespace: 
--

CREATE TABLE newsletter_message (
    id integer NOT NULL,
    title character varying(200) NOT NULL,
    slug character varying(50) NOT NULL,
    newsletter_id integer NOT NULL,
    date_create timestamp with time zone NOT NULL,
    date_modify timestamp with time zone NOT NULL
);


--
-- Name: newsletter_message_id_seq; Type: SEQUENCE; Schema: public; Owner: -
--

CREATE SEQUENCE newsletter_message_id_seq
    START WITH 1
    INCREMENT BY 1
    NO MINVALUE
    NO MAXVALUE
    CACHE 1;


--
-- Name: newsletter_message_id_seq; Type: SEQUENCE OWNED BY; Schema: public; Owner: -
--

ALTER SEQUENCE newsletter_message_id_seq OWNED BY newsletter_message.id;


--
-- Name: newsletter_message_id_seq; Type: SEQUENCE SET; Schema: public; Owner: -
--

SELECT pg_catalog.setval('newsletter_message_id_seq', 1, false);


--
-- Name: newsletter_newsletter; Type: TABLE; Schema: public; Owner: -; Tablespace: 
--

CREATE TABLE newsletter_newsletter (
    id integer NOT NULL,
    title character varying(200) NOT NULL,
    slug character varying(50) NOT NULL,
    email character varying(75) NOT NULL,
    sender character varying(200) NOT NULL,
    visible boolean NOT NULL,
    subscribe_template_id integer NOT NULL,
    unsubscribe_template_id integer NOT NULL,
    update_template_id integer NOT NULL,
    message_template_id integer NOT NULL
);


--
-- Name: newsletter_newsletter_id_seq; Type: SEQUENCE; Schema: public; Owner: -
--

CREATE SEQUENCE newsletter_newsletter_id_seq
    START WITH 1
    INCREMENT BY 1
    NO MINVALUE
    NO MAXVALUE
    CACHE 1;


--
-- Name: newsletter_newsletter_id_seq; Type: SEQUENCE OWNED BY; Schema: public; Owner: -
--

ALTER SEQUENCE newsletter_newsletter_id_seq OWNED BY newsletter_newsletter.id;


--
-- Name: newsletter_newsletter_id_seq; Type: SEQUENCE SET; Schema: public; Owner: -
--

SELECT pg_catalog.setval('newsletter_newsletter_id_seq', 1, true);


--
-- Name: newsletter_newsletter_site; Type: TABLE; Schema: public; Owner: -; Tablespace: 
--

CREATE TABLE newsletter_newsletter_site (
    id integer NOT NULL,
    newsletter_id integer NOT NULL,
    site_id integer NOT NULL
);


--
-- Name: newsletter_newsletter_site_id_seq; Type: SEQUENCE; Schema: public; Owner: -
--

CREATE SEQUENCE newsletter_newsletter_site_id_seq
    START WITH 1
    INCREMENT BY 1
    NO MINVALUE
    NO MAXVALUE
    CACHE 1;


--
-- Name: newsletter_newsletter_site_id_seq; Type: SEQUENCE OWNED BY; Schema: public; Owner: -
--

ALTER SEQUENCE newsletter_newsletter_site_id_seq OWNED BY newsletter_newsletter_site.id;


--
-- Name: newsletter_newsletter_site_id_seq; Type: SEQUENCE SET; Schema: public; Owner: -
--

SELECT pg_catalog.setval('newsletter_newsletter_site_id_seq', 3, true);


--
-- Name: newsletter_submission; Type: TABLE; Schema: public; Owner: -; Tablespace: 
--

CREATE TABLE newsletter_submission (
    id integer NOT NULL,
    newsletter_id integer NOT NULL,
    message_id integer NOT NULL,
    publish_date timestamp with time zone,
    publish boolean NOT NULL,
    prepared boolean NOT NULL,
    sent boolean NOT NULL,
    sending boolean NOT NULL
);


--
-- Name: newsletter_submission_id_seq; Type: SEQUENCE; Schema: public; Owner: -
--

CREATE SEQUENCE newsletter_submission_id_seq
    START WITH 1
    INCREMENT BY 1
    NO MINVALUE
    NO MAXVALUE
    CACHE 1;


--
-- Name: newsletter_submission_id_seq; Type: SEQUENCE OWNED BY; Schema: public; Owner: -
--

ALTER SEQUENCE newsletter_submission_id_seq OWNED BY newsletter_submission.id;


--
-- Name: newsletter_submission_id_seq; Type: SEQUENCE SET; Schema: public; Owner: -
--

SELECT pg_catalog.setval('newsletter_submission_id_seq', 1, false);


--
-- Name: newsletter_submission_subscriptions; Type: TABLE; Schema: public; Owner: -; Tablespace: 
--

CREATE TABLE newsletter_submission_subscriptions (
    id integer NOT NULL,
    submission_id integer NOT NULL,
    subscription_id integer NOT NULL
);


--
-- Name: newsletter_submission_subscriptions_id_seq; Type: SEQUENCE; Schema: public; Owner: -
--

CREATE SEQUENCE newsletter_submission_subscriptions_id_seq
    START WITH 1
    INCREMENT BY 1
    NO MINVALUE
    NO MAXVALUE
    CACHE 1;


--
-- Name: newsletter_submission_subscriptions_id_seq; Type: SEQUENCE OWNED BY; Schema: public; Owner: -
--

ALTER SEQUENCE newsletter_submission_subscriptions_id_seq OWNED BY newsletter_submission_subscriptions.id;


--
-- Name: newsletter_submission_subscriptions_id_seq; Type: SEQUENCE SET; Schema: public; Owner: -
--

SELECT pg_catalog.setval('newsletter_submission_subscriptions_id_seq', 1, false);


--
-- Name: newsletter_subscription; Type: TABLE; Schema: public; Owner: -; Tablespace: 
--

CREATE TABLE newsletter_subscription (
    id integer NOT NULL,
    user_id integer,
    name character varying(30),
    email character varying(75),
    ip inet,
    newsletter_id integer NOT NULL,
    create_date timestamp with time zone NOT NULL,
    activation_code character varying(40) NOT NULL,
    subscribed boolean NOT NULL,
    subscribe_date timestamp with time zone,
    unsubscribed boolean NOT NULL,
    unsubscribe_date timestamp with time zone
);


--
-- Name: newsletter_subscription_id_seq; Type: SEQUENCE; Schema: public; Owner: -
--

CREATE SEQUENCE newsletter_subscription_id_seq
    START WITH 1
    INCREMENT BY 1
    NO MINVALUE
    NO MAXVALUE
    CACHE 1;


--
-- Name: newsletter_subscription_id_seq; Type: SEQUENCE OWNED BY; Schema: public; Owner: -
--

ALTER SEQUENCE newsletter_subscription_id_seq OWNED BY newsletter_subscription.id;


--
-- Name: newsletter_subscription_id_seq; Type: SEQUENCE SET; Schema: public; Owner: -
--

SELECT pg_catalog.setval('newsletter_subscription_id_seq', 2, true);


--
-- Name: registration_registrationprofile; Type: TABLE; Schema: public; Owner: -; Tablespace: 
--

CREATE TABLE registration_registrationprofile (
    id integer NOT NULL,
    user_id integer NOT NULL,
    activation_key character varying(40) NOT NULL
);


--
-- Name: registration_registrationprofile_id_seq; Type: SEQUENCE; Schema: public; Owner: -
--

CREATE SEQUENCE registration_registrationprofile_id_seq
    START WITH 1
    INCREMENT BY 1
    NO MINVALUE
    NO MAXVALUE
    CACHE 1;


--
-- Name: registration_registrationprofile_id_seq; Type: SEQUENCE OWNED BY; Schema: public; Owner: -
--

ALTER SEQUENCE registration_registrationprofile_id_seq OWNED BY registration_registrationprofile.id;


--
-- Name: registration_registrationprofile_id_seq; Type: SEQUENCE SET; Schema: public; Owner: -
--

SELECT pg_catalog.setval('registration_registrationprofile_id_seq', 1, false);


--
-- Name: south_migrationhistory; Type: TABLE; Schema: public; Owner: -; Tablespace: 
--

CREATE TABLE south_migrationhistory (
    id integer NOT NULL,
    app_name character varying(255) NOT NULL,
    migration character varying(255) NOT NULL,
    applied timestamp with time zone NOT NULL
);


--
-- Name: south_migrationhistory_id_seq; Type: SEQUENCE; Schema: public; Owner: -
--

CREATE SEQUENCE south_migrationhistory_id_seq
    START WITH 1
    INCREMENT BY 1
    NO MINVALUE
    NO MAXVALUE
    CACHE 1;


--
-- Name: south_migrationhistory_id_seq; Type: SEQUENCE OWNED BY; Schema: public; Owner: -
--

ALTER SEQUENCE south_migrationhistory_id_seq OWNED BY south_migrationhistory.id;


--
-- Name: south_migrationhistory_id_seq; Type: SEQUENCE SET; Schema: public; Owner: -
--

SELECT pg_catalog.setval('south_migrationhistory_id_seq', 123, true);


--
-- Name: tagging_tag; Type: TABLE; Schema: public; Owner: -; Tablespace: 
--

CREATE TABLE tagging_tag (
    id integer NOT NULL,
    name character varying(50) NOT NULL
);


--
-- Name: tagging_tag_id_seq; Type: SEQUENCE; Schema: public; Owner: -
--

CREATE SEQUENCE tagging_tag_id_seq
    START WITH 1
    INCREMENT BY 1
    NO MINVALUE
    NO MAXVALUE
    CACHE 1;


--
-- Name: tagging_tag_id_seq; Type: SEQUENCE OWNED BY; Schema: public; Owner: -
--

ALTER SEQUENCE tagging_tag_id_seq OWNED BY tagging_tag.id;


--
-- Name: tagging_tag_id_seq; Type: SEQUENCE SET; Schema: public; Owner: -
--

SELECT pg_catalog.setval('tagging_tag_id_seq', 35, true);


--
-- Name: tagging_taggeditem; Type: TABLE; Schema: public; Owner: -; Tablespace: 
--

CREATE TABLE tagging_taggeditem (
    id integer NOT NULL,
    tag_id integer NOT NULL,
    content_type_id integer NOT NULL,
    object_id integer NOT NULL,
    CONSTRAINT tagging_taggeditem_object_id_check CHECK ((object_id >= 0))
);


--
-- Name: tagging_taggeditem_id_seq; Type: SEQUENCE; Schema: public; Owner: -
--

CREATE SEQUENCE tagging_taggeditem_id_seq
    START WITH 1
    INCREMENT BY 1
    NO MINVALUE
    NO MAXVALUE
    CACHE 1;


--
-- Name: tagging_taggeditem_id_seq; Type: SEQUENCE OWNED BY; Schema: public; Owner: -
--

ALTER SEQUENCE tagging_taggeditem_id_seq OWNED BY tagging_taggeditem.id;


--
-- Name: tagging_taggeditem_id_seq; Type: SEQUENCE SET; Schema: public; Owner: -
--

SELECT pg_catalog.setval('tagging_taggeditem_id_seq', 40, true);


--
-- Name: tastypie_apiaccess; Type: TABLE; Schema: public; Owner: -; Tablespace: 
--

CREATE TABLE tastypie_apiaccess (
    id integer NOT NULL,
    identifier character varying(255) NOT NULL,
    url character varying(255) NOT NULL,
    request_method character varying(10) NOT NULL,
    accessed integer NOT NULL,
    CONSTRAINT tastypie_apiaccess_accessed_check CHECK ((accessed >= 0))
);


--
-- Name: tastypie_apiaccess_id_seq; Type: SEQUENCE; Schema: public; Owner: -
--

CREATE SEQUENCE tastypie_apiaccess_id_seq
    START WITH 1
    INCREMENT BY 1
    NO MINVALUE
    NO MAXVALUE
    CACHE 1;


--
-- Name: tastypie_apiaccess_id_seq; Type: SEQUENCE OWNED BY; Schema: public; Owner: -
--

ALTER SEQUENCE tastypie_apiaccess_id_seq OWNED BY tastypie_apiaccess.id;


--
-- Name: tastypie_apiaccess_id_seq; Type: SEQUENCE SET; Schema: public; Owner: -
--

SELECT pg_catalog.setval('tastypie_apiaccess_id_seq', 1, false);


--
-- Name: tastypie_apikey; Type: TABLE; Schema: public; Owner: -; Tablespace: 
--

CREATE TABLE tastypie_apikey (
    id integer NOT NULL,
    user_id integer NOT NULL,
    key character varying(256) NOT NULL,
    created timestamp with time zone NOT NULL
);


--
-- Name: tastypie_apikey_id_seq; Type: SEQUENCE; Schema: public; Owner: -
--

CREATE SEQUENCE tastypie_apikey_id_seq
    START WITH 1
    INCREMENT BY 1
    NO MINVALUE
    NO MAXVALUE
    CACHE 1;


--
-- Name: tastypie_apikey_id_seq; Type: SEQUENCE OWNED BY; Schema: public; Owner: -
--

ALTER SEQUENCE tastypie_apikey_id_seq OWNED BY tastypie_apikey.id;


--
-- Name: tastypie_apikey_id_seq; Type: SEQUENCE SET; Schema: public; Owner: -
--

SELECT pg_catalog.setval('tastypie_apikey_id_seq', 5, true);


--
-- Name: zinnia_category; Type: TABLE; Schema: public; Owner: -; Tablespace: 
--

CREATE TABLE zinnia_category (
    id integer NOT NULL,
    title character varying(255) NOT NULL,
    slug character varying(255) NOT NULL,
    description text NOT NULL,
    parent_id integer,
    lft integer NOT NULL,
    rght integer NOT NULL,
    tree_id integer NOT NULL,
    level integer NOT NULL,
    title_en character varying(255),
    title_es character varying(255),
    description_en text,
    description_es text,
    CONSTRAINT zinnia_category_level_check CHECK ((level >= 0)),
    CONSTRAINT zinnia_category_lft_check CHECK ((lft >= 0)),
    CONSTRAINT zinnia_category_rght_check CHECK ((rght >= 0)),
    CONSTRAINT zinnia_category_tree_id_check CHECK ((tree_id >= 0))
);


--
-- Name: zinnia_category_id_seq; Type: SEQUENCE; Schema: public; Owner: -
--

CREATE SEQUENCE zinnia_category_id_seq
    START WITH 1
    INCREMENT BY 1
    NO MINVALUE
    NO MAXVALUE
    CACHE 1;


--
-- Name: zinnia_category_id_seq; Type: SEQUENCE OWNED BY; Schema: public; Owner: -
--

ALTER SEQUENCE zinnia_category_id_seq OWNED BY zinnia_category.id;


--
-- Name: zinnia_category_id_seq; Type: SEQUENCE SET; Schema: public; Owner: -
--

SELECT pg_catalog.setval('zinnia_category_id_seq', 3, true);


--
-- Name: zinnia_entry; Type: TABLE; Schema: public; Owner: -; Tablespace: 
--

CREATE TABLE zinnia_entry (
    id integer NOT NULL,
    title character varying(255) NOT NULL,
    image character varying(100) NOT NULL,
    content text NOT NULL,
    excerpt text NOT NULL,
    tags character varying(255) NOT NULL,
    slug character varying(255) NOT NULL,
    status integer NOT NULL,
    featured boolean NOT NULL,
    comment_enabled boolean NOT NULL,
    pingback_enabled boolean NOT NULL,
    creation_date timestamp with time zone NOT NULL,
    last_update timestamp with time zone NOT NULL,
    start_publication timestamp with time zone,
    end_publication timestamp with time zone,
    login_required boolean NOT NULL,
    password character varying(50) NOT NULL,
    template character varying(250) NOT NULL,
    title_en character varying(255),
    title_es character varying(255),
    content_en text,
    content_es text,
    excerpt_en text,
    excerpt_es text
);


--
-- Name: zinnia_entry_authors; Type: TABLE; Schema: public; Owner: -; Tablespace: 
--

CREATE TABLE zinnia_entry_authors (
    id integer NOT NULL,
    entry_id integer NOT NULL,
    user_id integer NOT NULL
);


--
-- Name: zinnia_entry_authors_id_seq; Type: SEQUENCE; Schema: public; Owner: -
--

CREATE SEQUENCE zinnia_entry_authors_id_seq
    START WITH 1
    INCREMENT BY 1
    NO MINVALUE
    NO MAXVALUE
    CACHE 1;


--
-- Name: zinnia_entry_authors_id_seq; Type: SEQUENCE OWNED BY; Schema: public; Owner: -
--

ALTER SEQUENCE zinnia_entry_authors_id_seq OWNED BY zinnia_entry_authors.id;


--
-- Name: zinnia_entry_authors_id_seq; Type: SEQUENCE SET; Schema: public; Owner: -
--

SELECT pg_catalog.setval('zinnia_entry_authors_id_seq', 90, true);


--
-- Name: zinnia_entry_categories; Type: TABLE; Schema: public; Owner: -; Tablespace: 
--

CREATE TABLE zinnia_entry_categories (
    id integer NOT NULL,
    entry_id integer NOT NULL,
    category_id integer NOT NULL
);


--
-- Name: zinnia_entry_categories_id_seq; Type: SEQUENCE; Schema: public; Owner: -
--

CREATE SEQUENCE zinnia_entry_categories_id_seq
    START WITH 1
    INCREMENT BY 1
    NO MINVALUE
    NO MAXVALUE
    CACHE 1;


--
-- Name: zinnia_entry_categories_id_seq; Type: SEQUENCE OWNED BY; Schema: public; Owner: -
--

ALTER SEQUENCE zinnia_entry_categories_id_seq OWNED BY zinnia_entry_categories.id;


--
-- Name: zinnia_entry_categories_id_seq; Type: SEQUENCE SET; Schema: public; Owner: -
--

SELECT pg_catalog.setval('zinnia_entry_categories_id_seq', 56, true);


--
-- Name: zinnia_entry_id_seq; Type: SEQUENCE; Schema: public; Owner: -
--

CREATE SEQUENCE zinnia_entry_id_seq
    START WITH 1
    INCREMENT BY 1
    NO MINVALUE
    NO MAXVALUE
    CACHE 1;


--
-- Name: zinnia_entry_id_seq; Type: SEQUENCE OWNED BY; Schema: public; Owner: -
--

ALTER SEQUENCE zinnia_entry_id_seq OWNED BY zinnia_entry.id;


--
-- Name: zinnia_entry_id_seq; Type: SEQUENCE SET; Schema: public; Owner: -
--

SELECT pg_catalog.setval('zinnia_entry_id_seq', 6, true);


--
-- Name: zinnia_entry_related; Type: TABLE; Schema: public; Owner: -; Tablespace: 
--

CREATE TABLE zinnia_entry_related (
    id integer NOT NULL,
    from_entry_id integer NOT NULL,
    to_entry_id integer NOT NULL
);


--
-- Name: zinnia_entry_related_id_seq; Type: SEQUENCE; Schema: public; Owner: -
--

CREATE SEQUENCE zinnia_entry_related_id_seq
    START WITH 1
    INCREMENT BY 1
    NO MINVALUE
    NO MAXVALUE
    CACHE 1;


--
-- Name: zinnia_entry_related_id_seq; Type: SEQUENCE OWNED BY; Schema: public; Owner: -
--

ALTER SEQUENCE zinnia_entry_related_id_seq OWNED BY zinnia_entry_related.id;


--
-- Name: zinnia_entry_related_id_seq; Type: SEQUENCE SET; Schema: public; Owner: -
--

SELECT pg_catalog.setval('zinnia_entry_related_id_seq', 54, true);


--
-- Name: zinnia_entry_sites; Type: TABLE; Schema: public; Owner: -; Tablespace: 
--

CREATE TABLE zinnia_entry_sites (
    id integer NOT NULL,
    entry_id integer NOT NULL,
    site_id integer NOT NULL
);


--
-- Name: zinnia_entry_sites_id_seq; Type: SEQUENCE; Schema: public; Owner: -
--

CREATE SEQUENCE zinnia_entry_sites_id_seq
    START WITH 1
    INCREMENT BY 1
    NO MINVALUE
    NO MAXVALUE
    CACHE 1;


--
-- Name: zinnia_entry_sites_id_seq; Type: SEQUENCE OWNED BY; Schema: public; Owner: -
--

ALTER SEQUENCE zinnia_entry_sites_id_seq OWNED BY zinnia_entry_sites.id;


--
-- Name: zinnia_entry_sites_id_seq; Type: SEQUENCE SET; Schema: public; Owner: -
--

SELECT pg_catalog.setval('zinnia_entry_sites_id_seq', 90, true);


--
-- Name: id; Type: DEFAULT; Schema: public; Owner: -
--

ALTER TABLE ONLY auth_group ALTER COLUMN id SET DEFAULT nextval('auth_group_id_seq'::regclass);


--
-- Name: id; Type: DEFAULT; Schema: public; Owner: -
--

ALTER TABLE ONLY auth_group_permissions ALTER COLUMN id SET DEFAULT nextval('auth_group_permissions_id_seq'::regclass);


--
-- Name: id; Type: DEFAULT; Schema: public; Owner: -
--

ALTER TABLE ONLY auth_permission ALTER COLUMN id SET DEFAULT nextval('auth_permission_id_seq'::regclass);


--
-- Name: id; Type: DEFAULT; Schema: public; Owner: -
--

ALTER TABLE ONLY auth_user ALTER COLUMN id SET DEFAULT nextval('auth_user_id_seq'::regclass);


--
-- Name: id; Type: DEFAULT; Schema: public; Owner: -
--

ALTER TABLE ONLY auth_user_groups ALTER COLUMN id SET DEFAULT nextval('auth_user_groups_id_seq'::regclass);


--
-- Name: id; Type: DEFAULT; Schema: public; Owner: -
--

ALTER TABLE ONLY auth_user_user_permissions ALTER COLUMN id SET DEFAULT nextval('auth_user_user_permissions_id_seq'::regclass);


--
-- Name: id; Type: DEFAULT; Schema: public; Owner: -
--

ALTER TABLE ONLY cms_cmsplugin ALTER COLUMN id SET DEFAULT nextval('cms_cmsplugin_id_seq'::regclass);


--
-- Name: id; Type: DEFAULT; Schema: public; Owner: -
--

ALTER TABLE ONLY cms_globalpagepermission ALTER COLUMN id SET DEFAULT nextval('cms_globalpagepermission_id_seq'::regclass);


--
-- Name: id; Type: DEFAULT; Schema: public; Owner: -
--

ALTER TABLE ONLY cms_globalpagepermission_sites ALTER COLUMN id SET DEFAULT nextval('cms_globalpagepermission_sites_id_seq'::regclass);


--
-- Name: id; Type: DEFAULT; Schema: public; Owner: -
--

ALTER TABLE ONLY cms_page ALTER COLUMN id SET DEFAULT nextval('cms_page_id_seq'::regclass);


--
-- Name: id; Type: DEFAULT; Schema: public; Owner: -
--

ALTER TABLE ONLY cms_page_placeholders ALTER COLUMN id SET DEFAULT nextval('cms_page_placeholders_id_seq'::regclass);


--
-- Name: id; Type: DEFAULT; Schema: public; Owner: -
--

ALTER TABLE ONLY cms_pagemoderator ALTER COLUMN id SET DEFAULT nextval('cms_pagemoderator_id_seq'::regclass);


--
-- Name: id; Type: DEFAULT; Schema: public; Owner: -
--

ALTER TABLE ONLY cms_pagemoderatorstate ALTER COLUMN id SET DEFAULT nextval('cms_pagemoderatorstate_id_seq'::regclass);


--
-- Name: id; Type: DEFAULT; Schema: public; Owner: -
--

ALTER TABLE ONLY cms_pagepermission ALTER COLUMN id SET DEFAULT nextval('cms_pagepermission_id_seq'::regclass);


--
-- Name: id; Type: DEFAULT; Schema: public; Owner: -
--

ALTER TABLE ONLY cms_placeholder ALTER COLUMN id SET DEFAULT nextval('cms_placeholder_id_seq'::regclass);


--
-- Name: id; Type: DEFAULT; Schema: public; Owner: -
--

ALTER TABLE ONLY cms_title ALTER COLUMN id SET DEFAULT nextval('cms_title_id_seq'::regclass);


--
-- Name: id; Type: DEFAULT; Schema: public; Owner: -
--

ALTER TABLE ONLY cmsplugin_zinnia_latestentriesplugin_authors ALTER COLUMN id SET DEFAULT nextval('cmsplugin_zinnia_latestentriesplugin_authors_id_seq'::regclass);


--
-- Name: id; Type: DEFAULT; Schema: public; Owner: -
--

ALTER TABLE ONLY cmsplugin_zinnia_latestentriesplugin_categories ALTER COLUMN id SET DEFAULT nextval('cmsplugin_zinnia_latestentriesplugin_categories_id_seq'::regclass);


--
-- Name: id; Type: DEFAULT; Schema: public; Owner: -
--

ALTER TABLE ONLY cmsplugin_zinnia_latestentriesplugin_tags ALTER COLUMN id SET DEFAULT nextval('cmsplugin_zinnia_latestentriesplugin_tags_id_seq'::regclass);


--
-- Name: id; Type: DEFAULT; Schema: public; Owner: -
--

ALTER TABLE ONLY cmsplugin_zinnia_selectedentriesplugin_entries ALTER COLUMN id SET DEFAULT nextval('cmsplugin_zinnia_selectedentriesplugin_entries_id_seq'::regclass);


--
-- Name: id; Type: DEFAULT; Schema: public; Owner: -
--

ALTER TABLE ONLY db_chart ALTER COLUMN id SET DEFAULT nextval('db_chart_id_seq'::regclass);


--
-- Name: id; Type: DEFAULT; Schema: public; Owner: -
--

ALTER TABLE ONLY db_chart_indicators ALTER COLUMN id SET DEFAULT nextval('db_chart_indicators_id_seq'::regclass);


--
-- Name: id; Type: DEFAULT; Schema: public; Owner: -
--

ALTER TABLE ONLY db_cluster ALTER COLUMN id SET DEFAULT nextval('db_cluster_id_seq'::regclass);


--
-- Name: id; Type: DEFAULT; Schema: public; Owner: -
--

ALTER TABLE ONLY db_cluster_domain_areas ALTER COLUMN id SET DEFAULT nextval('db_cluster_domain_areas_id_seq'::regclass);


--
-- Name: id; Type: DEFAULT; Schema: public; Owner: -
--

ALTER TABLE ONLY db_cognitivearea ALTER COLUMN id SET DEFAULT nextval('db_cognitivearea_id_seq'::regclass);


--
-- Name: id; Type: DEFAULT; Schema: public; Owner: -
--

ALTER TABLE ONLY db_cognitivearea_multiple_intelligences ALTER COLUMN id SET DEFAULT nextval('db_cognitivearea_multiple_intelligences_id_seq'::regclass);


--
-- Name: id; Type: DEFAULT; Schema: public; Owner: -
--

ALTER TABLE ONLY db_domainarea ALTER COLUMN id SET DEFAULT nextval('db_domainarea_id_seq'::regclass);


--
-- Name: id; Type: DEFAULT; Schema: public; Owner: -
--

ALTER TABLE ONLY db_domainarea_cognitive_areas ALTER COLUMN id SET DEFAULT nextval('db_domainarea_cognitive_areas_id_seq'::regclass);


--
-- Name: id; Type: DEFAULT; Schema: public; Owner: -
--

ALTER TABLE ONLY db_game ALTER COLUMN id SET DEFAULT nextval('db_game_id_seq'::regclass);


--
-- Name: id; Type: DEFAULT; Schema: public; Owner: -
--

ALTER TABLE ONLY db_gameplay ALTER COLUMN id SET DEFAULT nextval('db_gameplay_id_seq'::regclass);


--
-- Name: id; Type: DEFAULT; Schema: public; Owner: -
--

ALTER TABLE ONLY db_gameroute ALTER COLUMN id SET DEFAULT nextval('db_gameroute_id_seq'::regclass);


--
-- Name: id; Type: DEFAULT; Schema: public; Owner: -
--

ALTER TABLE ONLY db_gamescoring ALTER COLUMN id SET DEFAULT nextval('db_gamescoring_id_seq'::regclass);


--
-- Name: id; Type: DEFAULT; Schema: public; Owner: -
--

ALTER TABLE ONLY db_indicator ALTER COLUMN id SET DEFAULT nextval('db_indicator_id_seq'::regclass);


--
-- Name: id; Type: DEFAULT; Schema: public; Owner: -
--

ALTER TABLE ONLY db_indicator_clusters ALTER COLUMN id SET DEFAULT nextval('db_indicator_clusters_id_seq'::regclass);


--
-- Name: id; Type: DEFAULT; Schema: public; Owner: -
--

ALTER TABLE ONLY db_multipleintelligence ALTER COLUMN id SET DEFAULT nextval('db_multipleintelligence_id_seq'::regclass);


--
-- Name: id; Type: DEFAULT; Schema: public; Owner: -
--

ALTER TABLE ONLY db_player ALTER COLUMN id SET DEFAULT nextval('db_player_id_seq'::regclass);


--
-- Name: id; Type: DEFAULT; Schema: public; Owner: -
--

ALTER TABLE ONLY db_rawdata ALTER COLUMN id SET DEFAULT nextval('db_rawdata_id_seq'::regclass);


--
-- Name: id; Type: DEFAULT; Schema: public; Owner: -
--

ALTER TABLE ONLY db_score ALTER COLUMN id SET DEFAULT nextval('db_score_id_seq'::regclass);


--
-- Name: id; Type: DEFAULT; Schema: public; Owner: -
--

ALTER TABLE ONLY db_screenplay ALTER COLUMN id SET DEFAULT nextval('db_screenplay_id_seq'::regclass);


--
-- Name: id; Type: DEFAULT; Schema: public; Owner: -
--

ALTER TABLE ONLY db_userprofile ALTER COLUMN id SET DEFAULT nextval('db_userprofile_id_seq'::regclass);


--
-- Name: id; Type: DEFAULT; Schema: public; Owner: -
--

ALTER TABLE ONLY django_admin_log ALTER COLUMN id SET DEFAULT nextval('django_admin_log_id_seq'::regclass);


--
-- Name: id; Type: DEFAULT; Schema: public; Owner: -
--

ALTER TABLE ONLY django_comment_flags ALTER COLUMN id SET DEFAULT nextval('django_comment_flags_id_seq'::regclass);


--
-- Name: id; Type: DEFAULT; Schema: public; Owner: -
--

ALTER TABLE ONLY django_comments ALTER COLUMN id SET DEFAULT nextval('django_comments_id_seq'::regclass);


--
-- Name: id; Type: DEFAULT; Schema: public; Owner: -
--

ALTER TABLE ONLY django_content_type ALTER COLUMN id SET DEFAULT nextval('django_content_type_id_seq'::regclass);


--
-- Name: id; Type: DEFAULT; Schema: public; Owner: -
--

ALTER TABLE ONLY django_site ALTER COLUMN id SET DEFAULT nextval('django_site_id_seq'::regclass);


--
-- Name: id; Type: DEFAULT; Schema: public; Owner: -
--

ALTER TABLE ONLY menus_cachekey ALTER COLUMN id SET DEFAULT nextval('menus_cachekey_id_seq'::regclass);


--
-- Name: id; Type: DEFAULT; Schema: public; Owner: -
--

ALTER TABLE ONLY newsletter_article ALTER COLUMN id SET DEFAULT nextval('newsletter_article_id_seq'::regclass);


--
-- Name: id; Type: DEFAULT; Schema: public; Owner: -
--

ALTER TABLE ONLY newsletter_emailtemplate ALTER COLUMN id SET DEFAULT nextval('newsletter_emailtemplate_id_seq'::regclass);


--
-- Name: id; Type: DEFAULT; Schema: public; Owner: -
--

ALTER TABLE ONLY newsletter_message ALTER COLUMN id SET DEFAULT nextval('newsletter_message_id_seq'::regclass);


--
-- Name: id; Type: DEFAULT; Schema: public; Owner: -
--

ALTER TABLE ONLY newsletter_newsletter ALTER COLUMN id SET DEFAULT nextval('newsletter_newsletter_id_seq'::regclass);


--
-- Name: id; Type: DEFAULT; Schema: public; Owner: -
--

ALTER TABLE ONLY newsletter_newsletter_site ALTER COLUMN id SET DEFAULT nextval('newsletter_newsletter_site_id_seq'::regclass);


--
-- Name: id; Type: DEFAULT; Schema: public; Owner: -
--

ALTER TABLE ONLY newsletter_submission ALTER COLUMN id SET DEFAULT nextval('newsletter_submission_id_seq'::regclass);


--
-- Name: id; Type: DEFAULT; Schema: public; Owner: -
--

ALTER TABLE ONLY newsletter_submission_subscriptions ALTER COLUMN id SET DEFAULT nextval('newsletter_submission_subscriptions_id_seq'::regclass);


--
-- Name: id; Type: DEFAULT; Schema: public; Owner: -
--

ALTER TABLE ONLY newsletter_subscription ALTER COLUMN id SET DEFAULT nextval('newsletter_subscription_id_seq'::regclass);


--
-- Name: id; Type: DEFAULT; Schema: public; Owner: -
--

ALTER TABLE ONLY registration_registrationprofile ALTER COLUMN id SET DEFAULT nextval('registration_registrationprofile_id_seq'::regclass);


--
-- Name: id; Type: DEFAULT; Schema: public; Owner: -
--

ALTER TABLE ONLY south_migrationhistory ALTER COLUMN id SET DEFAULT nextval('south_migrationhistory_id_seq'::regclass);


--
-- Name: id; Type: DEFAULT; Schema: public; Owner: -
--

ALTER TABLE ONLY tagging_tag ALTER COLUMN id SET DEFAULT nextval('tagging_tag_id_seq'::regclass);


--
-- Name: id; Type: DEFAULT; Schema: public; Owner: -
--

ALTER TABLE ONLY tagging_taggeditem ALTER COLUMN id SET DEFAULT nextval('tagging_taggeditem_id_seq'::regclass);


--
-- Name: id; Type: DEFAULT; Schema: public; Owner: -
--

ALTER TABLE ONLY tastypie_apiaccess ALTER COLUMN id SET DEFAULT nextval('tastypie_apiaccess_id_seq'::regclass);


--
-- Name: id; Type: DEFAULT; Schema: public; Owner: -
--

ALTER TABLE ONLY tastypie_apikey ALTER COLUMN id SET DEFAULT nextval('tastypie_apikey_id_seq'::regclass);


--
-- Name: id; Type: DEFAULT; Schema: public; Owner: -
--

ALTER TABLE ONLY zinnia_category ALTER COLUMN id SET DEFAULT nextval('zinnia_category_id_seq'::regclass);


--
-- Name: id; Type: DEFAULT; Schema: public; Owner: -
--

ALTER TABLE ONLY zinnia_entry ALTER COLUMN id SET DEFAULT nextval('zinnia_entry_id_seq'::regclass);


--
-- Name: id; Type: DEFAULT; Schema: public; Owner: -
--

ALTER TABLE ONLY zinnia_entry_authors ALTER COLUMN id SET DEFAULT nextval('zinnia_entry_authors_id_seq'::regclass);


--
-- Name: id; Type: DEFAULT; Schema: public; Owner: -
--

ALTER TABLE ONLY zinnia_entry_categories ALTER COLUMN id SET DEFAULT nextval('zinnia_entry_categories_id_seq'::regclass);


--
-- Name: id; Type: DEFAULT; Schema: public; Owner: -
--

ALTER TABLE ONLY zinnia_entry_related ALTER COLUMN id SET DEFAULT nextval('zinnia_entry_related_id_seq'::regclass);


--
-- Name: id; Type: DEFAULT; Schema: public; Owner: -
--

ALTER TABLE ONLY zinnia_entry_sites ALTER COLUMN id SET DEFAULT nextval('zinnia_entry_sites_id_seq'::regclass);


--
-- Data for Name: auth_group; Type: TABLE DATA; Schema: public; Owner: -
--

COPY auth_group (id, name) FROM stdin;
\.


--
-- Data for Name: auth_group_permissions; Type: TABLE DATA; Schema: public; Owner: -
--

COPY auth_group_permissions (id, group_id, permission_id) FROM stdin;
\.


--
-- Data for Name: auth_permission; Type: TABLE DATA; Schema: public; Owner: -
--

COPY auth_permission (id, name, content_type_id, codename) FROM stdin;
190	Can add level	62	add_level
191	Can change level	62	change_level
192	Can delete level	62	delete_level
193	Can add scene	63	add_scene
194	Can change scene	63	change_scene
195	Can delete scene	63	delete_scene
199	Can add route_ node	65	add_route_node
200	Can change route_ node	65	change_route_node
201	Can delete route_ node	65	delete_route_node
69	Can add log entry	23	add_logentry
70	Can change log entry	23	change_logentry
71	Can delete log entry	23	delete_logentry
47	Can add group	16	add_group
48	Can change group	16	change_group
49	Can delete group	16	delete_group
44	Can add permission	15	add_permission
45	Can change permission	15	change_permission
46	Can delete permission	15	delete_permission
93	Can add author	17	add_author
50	Can add user	17	add_user
94	Can change author	17	change_author
51	Can change user	17	change_user
95	Can delete author	17	delete_author
52	Can delete user	17	delete_user
108	Can add cms plugin	35	add_cmsplugin
109	Can change cms plugin	35	change_cmsplugin
110	Can delete cms plugin	35	delete_cmsplugin
121	Can add Page global permission	39	add_globalpagepermission
122	Can change Page global permission	39	change_globalpagepermission
123	Can delete Page global permission	39	delete_globalpagepermission
111	Can add page	36	add_page
112	Can change page	36	change_page
113	Can delete page	36	delete_page
114	Can view page	36	view_page
115	Can add PageModerator	37	add_pagemoderator
116	Can change PageModerator	37	change_pagemoderator
117	Can delete PageModerator	37	delete_pagemoderator
118	Can add Page moderator state	38	add_pagemoderatorstate
119	Can change Page moderator state	38	change_pagemoderatorstate
120	Can delete Page moderator state	38	delete_pagemoderatorstate
124	Can add Page permission	40	add_pagepermission
125	Can change Page permission	40	change_pagepermission
126	Can delete Page permission	40	delete_pagepermission
127	Can add User (page)	41	add_pageuser
128	Can change User (page)	41	change_pageuser
129	Can delete User (page)	41	delete_pageuser
130	Can add User group (page)	42	add_pageusergroup
131	Can change User group (page)	42	change_pageusergroup
132	Can delete User group (page)	42	delete_pageusergroup
105	Can add placeholder	34	add_placeholder
106	Can change placeholder	34	change_placeholder
107	Can delete placeholder	34	delete_placeholder
133	Can add title	43	add_title
134	Can change title	43	change_title
135	Can delete title	43	delete_title
229	Can add calendar entries plugin	75	add_calendarentriesplugin
230	Can change calendar entries plugin	75	change_calendarentriesplugin
231	Can delete calendar entries plugin	75	delete_calendarentriesplugin
217	Can add latest entries plugin	71	add_latestentriesplugin
218	Can change latest entries plugin	71	change_latestentriesplugin
219	Can delete latest entries plugin	71	delete_latestentriesplugin
226	Can add query entries plugin	74	add_queryentriesplugin
227	Can change query entries plugin	74	change_queryentriesplugin
228	Can delete query entries plugin	74	delete_queryentriesplugin
223	Can add random entries plugin	73	add_randomentriesplugin
224	Can change random entries plugin	73	change_randomentriesplugin
225	Can delete random entries plugin	73	delete_randomentriesplugin
220	Can add selected entries plugin	72	add_selectedentriesplugin
221	Can change selected entries plugin	72	change_selectedentriesplugin
222	Can delete selected entries plugin	72	delete_selectedentriesplugin
62	Can add comment	21	add_comment
65	Can moderate comments	21	can_moderate
63	Can change comment	21	change_comment
64	Can delete comment	21	delete_comment
66	Can add comment flag	22	add_commentflag
67	Can change comment flag	22	change_commentflag
68	Can delete comment flag	22	delete_commentflag
53	Can add content type	18	add_contenttype
54	Can change content type	18	change_contenttype
55	Can delete content type	18	delete_contenttype
205	Can add chart	67	add_chart
206	Can change chart	67	change_chart
207	Can delete chart	67	delete_chart
242	Can add domain area	79	add_domainarea
243	Can change domain area	79	change_domainarea
244	Can delete domain area	79	delete_domainarea
202	Can add cognitive area	66	add_cognitivearea
203	Can change cognitive area	66	change_cognitivearea
204	Can delete cognitive area	66	delete_cognitivearea
239	Can add raw data	78	add_rawdata
240	Can change raw data	78	change_rawdata
241	Can delete raw data	78	delete_rawdata
184	Can add game	60	add_game
185	Can change game	60	change_game
186	Can delete game	60	delete_game
187	Can add game play	61	add_gameplay
188	Can change game play	61	change_gameplay
189	Can delete game play	61	delete_gameplay
196	Can add game route	64	add_gameroute
197	Can change game route	64	change_gameroute
198	Can delete game route	64	delete_gameroute
245	Can add cluster	80	add_cluster
246	Can change cluster	80	change_cluster
247	Can delete cluster	80	delete_cluster
208	Can add indicator	68	add_indicator
209	Can change indicator	68	change_indicator
210	Can delete indicator	68	delete_indicator
211	Can add multiple intelligence	69	add_multipleintelligence
212	Can change multiple intelligence	69	change_multipleintelligence
213	Can delete multiple intelligence	69	delete_multipleintelligence
181	Can add player	59	add_player
182	Can change player	59	change_player
183	Can delete player	59	delete_player
251	Can add screen play	82	add_screenplay
252	Can change screen play	82	change_screenplay
253	Can delete screen play	82	delete_screenplay
214	Can add score	70	add_score
215	Can change score	70	change_score
216	Can delete score	70	delete_score
248	Can add game scoring	81	add_gamescoring
249	Can change game scoring	81	change_gamescoring
250	Can delete game scoring	81	delete_gamescoring
178	Can add user profile	58	add_userprofile
179	Can change user profile	58	change_userprofile
180	Can delete user profile	58	delete_userprofile
235	Can add log	77	add_log
238	Can view logs	77	can_view_logs
236	Can change log	77	change_log
237	Can delete log	77	delete_log
148	Can add file	48	add_file
149	Can change file	48	change_file
150	Can delete file	48	delete_file
142	Can add link	46	add_link
143	Can change link	46	change_link
144	Can delete link	46	delete_link
136	Can add cache key	44	add_cachekey
137	Can change cache key	44	change_cachekey
138	Can delete cache key	44	delete_cachekey
169	Can add article	55	add_article
170	Can change article	55	change_article
171	Can delete article	55	delete_article
160	Can add e-mail template	52	add_emailtemplate
161	Can change e-mail template	52	change_emailtemplate
162	Can delete e-mail template	52	delete_emailtemplate
172	Can add message	56	add_message
173	Can change message	56	change_message
174	Can delete message	56	delete_message
163	Can add newsletter	53	add_newsletter
164	Can change newsletter	53	change_newsletter
165	Can delete newsletter	53	delete_newsletter
175	Can add submission	57	add_submission
176	Can change submission	57	change_submission
177	Can delete submission	57	delete_submission
166	Can add subscription	54	add_subscription
167	Can change subscription	54	change_subscription
168	Can delete subscription	54	delete_subscription
145	Can add picture	47	add_picture
146	Can change picture	47	change_picture
147	Can delete picture	47	delete_picture
232	Can add registration profile	76	add_registrationprofile
233	Can change registration profile	76	change_registrationprofile
234	Can delete registration profile	76	delete_registrationprofile
56	Can add session	19	add_session
57	Can change session	19	change_session
58	Can delete session	19	delete_session
59	Can add site	20	add_site
60	Can change site	20	change_site
61	Can delete site	20	delete_site
84	Can add migration history	28	add_migrationhistory
85	Can change migration history	28	change_migrationhistory
86	Can delete migration history	28	delete_migrationhistory
78	Can add tag	26	add_tag
79	Can change tag	26	change_tag
80	Can delete tag	26	delete_tag
81	Can add tagged item	27	add_taggeditem
82	Can change tagged item	27	change_taggeditem
83	Can delete tagged item	27	delete_taggeditem
87	Can add api access	29	add_apiaccess
88	Can change api access	29	change_apiaccess
89	Can delete api access	29	delete_apiaccess
90	Can add api key	30	add_apikey
91	Can change api key	30	change_apikey
92	Can delete api key	30	delete_apikey
139	Can add text	45	add_text
140	Can change text	45	change_text
141	Can delete text	45	delete_text
154	Can add twitter recent entries	50	add_twitterrecententries
155	Can change twitter recent entries	50	change_twitterrecententries
156	Can delete twitter recent entries	50	delete_twitterrecententries
157	Can add twitter search	51	add_twittersearch
158	Can change twitter search	51	change_twittersearch
159	Can delete twitter search	51	delete_twittersearch
151	Can add video	49	add_video
152	Can change video	49	change_video
153	Can delete video	49	delete_video
75	Can add game	25	add_game
76	Can change game	25	change_game
77	Can delete game	25	delete_game
72	Can add user profile	24	add_userprofile
73	Can change user profile	24	change_userprofile
74	Can delete user profile	24	delete_userprofile
96	Can add category	31	add_category
97	Can change category	31	change_category
98	Can delete category	31	delete_category
99	Can add entry	32	add_entry
104	Can change author(s)	32	can_change_author
103	Can change status	32	can_change_status
102	Can view all entries	32	can_view_all
100	Can change entry	32	change_entry
101	Can delete entry	32	delete_entry
\.


--
-- Data for Name: auth_user; Type: TABLE DATA; Schema: public; Owner: -
--

COPY auth_user (id, username, first_name, last_name, email, password, is_staff, is_active, is_superuser, last_login, date_joined) FROM stdin;
3	testplayer@infantium.com	Test	Player	testplayer@infantium.com	pbkdf2_sha256$10000$tvBbxuz2mZZT$fIbbthhV6bsg5729I3L50889XXumIHaGXLs6fH9Tkv4=	f	t	f	2012-09-26 16:47:58.713+00	2012-08-30 18:44:01+00
2	Danigosa	Daniel	Gonzalez	dani.gonzalez@infantium.com	pbkdf2_sha256$10000$c9GYlA6JxcH7$fhsvlycmS5ErR0m31aeI5EqGAF+krOJv2/QEsSF31/I=	t	t	t	2012-08-30 16:26:52+00	2012-08-24 15:48:28+00
4	Karen	Karen	Marquez	karen.marquez@infantium.com	pbkdf2_sha256$10000$IHJEFDEyI2Ub$RJiyeMaBdt/TthFmcnKgnyA6xl5eiN1W/tfRioM/iME=	t	t	t	2012-10-10 14:42:31+00	2012-10-10 14:42:31+00
5	jgg	API	ADMIN	developers@infantium.com	pbkdf2_sha256$10000$i6AVDPYQ2igz$OODQMaQ9aI8c7QEPhjZbeTrk827jkKYNO+Rw+5gvnyQ=	f	t	t	2012-10-17 11:19:52+00	2012-10-17 11:19:52+00
6	saratarres	Sara	Tarrs	mimamapsicologainfantil@gmail.com	pbkdf2_sha256$10000$IlA7hyJHpozr$gEQm3v4jUTZRgDyzUMkf/gkrGQ36kyRDoxUo4imZZOo=	t	t	f	2012-10-26 17:20:09+00	2012-10-26 17:20:09+00
7	auto_UZWQFD4ZIFPAC2LDJO9UN6Z28				pbkdf2_sha256$10000$QLt0vUcRp04C$SX5wlai88p1Qh65fAoVA7R8IbYMG96TjCht7bK9RyIU=	f	t	f	2012-12-14 23:24:49.333+00	2012-12-14 23:24:49.333+00
8	auto_CT1EM7SE54W3IOQRJC45QC4UE				pbkdf2_sha256$10000$fLzc6xA3MgsB$SZ+iY4skf7+TTy9FWVCG2eeTkKbi4Mftx8AZqPlLmwg=	f	t	f	2012-12-14 23:36:51.439+00	2012-12-14 23:36:51.439+00
1	admin			dani.gonzalez@infantium.com	pbkdf2_sha256$10000$mOh2xV5IhEDu$xuyasxjU9TudXwBLjFllt6g5lK8A8AhFb/B+6hjcdfI=	t	t	t	2012-12-31 01:55:27.274216+00	2012-08-24 14:52:49.172+00
9	auto_VKJSBYHXV2Z8CG5H0CRCIFKR8				pbkdf2_sha256$10000$ljyYB22LR5Co$7OhQ01jnDUPxYKnMjYClPFKohlKmE8pHCi423rAjZ/A=	f	t	f	2013-01-02 09:45:30.240262+00	2013-01-02 09:45:30.240262+00
\.


--
-- Data for Name: auth_user_groups; Type: TABLE DATA; Schema: public; Owner: -
--

COPY auth_user_groups (id, user_id, group_id) FROM stdin;
\.


--
-- Data for Name: auth_user_user_permissions; Type: TABLE DATA; Schema: public; Owner: -
--

COPY auth_user_user_permissions (id, user_id, permission_id) FROM stdin;
8	6	99
9	6	103
10	6	100
11	6	102
\.


--
-- Data for Name: cms_cmsplugin; Type: TABLE DATA; Schema: public; Owner: -
--

COPY cms_cmsplugin (id, placeholder_id, parent_id, "position", language, plugin_type, creation_date, level, lft, rght, tree_id, changed_date) FROM stdin;
15	16	\N	0	en	TextPlugin	2012-08-30 15:11:21.444643+00	0	1	2	11	1969-12-31 17:00:00+00
17	16	\N	0	es	TextPlugin	2012-08-30 15:11:21.444643+00	0	1	2	13	1969-12-31 17:00:00+00
22	17	\N	0	en	TextPlugin	2012-08-30 15:31:54.730784+00	0	1	2	18	1969-12-31 17:00:00+00
13	14	\N	0	es	TextPlugin	2012-08-30 15:06:38.79842+00	0	1	2	9	1969-12-31 17:00:00+00
23	19	\N	0	es	TextPlugin	2012-08-30 15:16:46.639357+00	0	1	2	19	1969-12-31 17:00:00+00
20	19	\N	0	en	TextPlugin	2012-08-30 15:16:46.639357+00	0	1	2	16	1969-12-31 17:00:00+00
30	17	\N	0	es	TextPlugin	2012-09-14 19:08:23.420607+00	0	1	2	23	1969-12-31 17:00:00+00
24	20	\N	0	es	TextPlugin	2012-08-30 15:21:17.603399+00	0	1	2	20	1969-12-31 17:00:00+00
26	18	\N	0	es	TextPlugin	2012-08-30 15:14:40.323228+00	0	1	2	22	1969-12-31 17:00:00+00
19	18	\N	0	en	TextPlugin	2012-08-30 15:14:40.323228+00	0	1	2	15	1969-12-31 17:00:00+00
21	20	\N	0	en	TextPlugin	2012-08-30 15:21:17.603399+00	0	1	2	17	1969-12-31 17:00:00+00
32	22	\N	0	en	TextPlugin	2012-09-18 14:59:31.409041+00	0	1	2	25	1969-12-31 17:00:00+00
34	22	\N	0	es	TextPlugin	2012-09-18 14:59:31.409041+00	0	1	2	27	1969-12-31 17:00:00+00
35	21	\N	0	es	TextPlugin	2012-09-18 14:58:13.3803+00	0	1	2	28	1969-12-31 17:00:00+00
36	10	\N	0	en	TextPlugin	2012-08-03 19:59:29.814+00	0	1	2	29	1969-12-31 17:00:00+00
6	10	\N	0	es	TextPlugin	2012-08-03 19:59:29.814+00	0	1	2	5	1969-12-31 17:00:00+00
37	14	8	\N	en	PicturePlugin	2012-09-20 17:26:41.329582+00	1	2	3	7	1969-12-31 17:00:00+00
8	14	\N	0	en	TextPlugin	2012-08-30 15:06:38.79842+00	0	1	6	7	1969-12-31 17:00:00+00
38	14	8	\N	en	PicturePlugin	2012-09-20 17:26:47.51401+00	1	4	5	7	1969-12-31 17:00:00+00
31	21	\N	0	en	TextPlugin	2012-09-18 14:58:13.3803+00	0	1	4	24	1969-12-31 17:00:00+00
39	21	31	\N	en	PicturePlugin	2012-09-21 10:56:41.265284+00	1	2	3	24	1969-12-31 17:00:00+00
40	23	\N	0	en	TextPlugin	2012-10-04 17:19:57.717327+00	0	1	2	30	1969-12-31 17:00:00+00
45	28	\N	0	en	TextPlugin	2012-10-04 17:43:45.425341+00	0	1	2	35	1969-12-31 17:00:00+00
46	29	\N	0	en	TextPlugin	2012-10-04 17:43:56.456831+00	0	1	2	36	1969-12-31 17:00:00+00
48	23	\N	0	es	TextPlugin	2012-10-04 17:47:37.368965+00	0	1	2	38	1969-12-31 17:00:00+00
49	24	\N	0	es	TextPlugin	2012-10-04 17:49:18.036909+00	0	1	2	39	1969-12-31 17:00:00+00
50	25	\N	0	es	TextPlugin	2012-10-04 17:49:32.339262+00	0	1	2	40	1969-12-31 17:00:00+00
51	26	\N	0	es	TextPlugin	2012-10-04 17:50:29.553999+00	0	1	2	41	1969-12-31 17:00:00+00
52	27	\N	0	es	TextPlugin	2012-10-04 17:50:43.239095+00	0	1	2	42	1969-12-31 17:00:00+00
53	28	\N	0	es	TextPlugin	2012-10-04 17:51:01.287689+00	0	1	2	43	1969-12-31 17:00:00+00
54	29	\N	0	es	TextPlugin	2012-10-04 17:51:20.779598+00	0	1	2	44	1969-12-31 17:00:00+00
55	30	\N	0	es	TextPlugin	2012-10-04 17:51:37.767497+00	0	1	2	45	1969-12-31 17:00:00+00
5	6	\N	0	es	TextPlugin	2012-08-02 20:08:57.464+00	0	1	2	4	2012-11-03 20:51:31.399429+00
16	15	\N	0	es	TextPlugin	2012-08-30 15:10:53.475341+00	0	1	8	12	2012-11-03 20:58:33.932929+00
41	24	\N	0	en	TextPlugin	2012-10-04 17:20:23.57302+00	0	1	2	31	2012-12-31 01:00:52.466733+00
44	27	\N	0	en	TextPlugin	2012-10-04 17:42:51.36963+00	0	1	2	34	2012-12-31 21:18:15.709493+00
62	6	\N	0	en	TextPlugin	2012-08-02 20:08:57.464+00	0	1	2	47	2012-12-31 15:49:59.205918+00
7	13	\N	0	en	TextPlugin	2012-08-30 15:06:08.206493+00	0	1	2	6	2012-12-31 12:20:52.149117+00
12	13	\N	0	es	TextPlugin	2012-08-30 15:06:08.206493+00	0	1	6	8	2012-12-31 12:44:02.991942+00
14	15	\N	0	en	TextPlugin	2012-08-30 15:10:53.475341+00	0	1	2	10	2012-12-31 20:53:12.41588+00
47	30	\N	0	en	TextPlugin	2012-10-04 17:44:10.477137+00	0	1	2	37	2012-12-31 21:16:44.004542+00
42	25	\N	0	en	TextPlugin	2012-10-04 17:28:17.771677+00	0	1	2	32	2012-12-31 21:17:19.5324+00
43	26	\N	0	en	TextPlugin	2012-10-04 17:42:36.638619+00	0	1	2	33	2012-12-31 21:17:48.511396+00
\.


--
-- Data for Name: cms_globalpagepermission; Type: TABLE DATA; Schema: public; Owner: -
--

COPY cms_globalpagepermission (id, user_id, group_id, can_change, can_add, can_delete, can_change_advanced_settings, can_publish, can_change_permissions, can_move_page, can_moderate, can_view, can_recover_page) FROM stdin;
\.


--
-- Data for Name: cms_globalpagepermission_sites; Type: TABLE DATA; Schema: public; Owner: -
--

COPY cms_globalpagepermission_sites (id, globalpagepermission_id, site_id) FROM stdin;
\.


--
-- Data for Name: cms_page; Type: TABLE DATA; Schema: public; Owner: -
--

COPY cms_page (id, created_by, changed_by, parent_id, creation_date, changed_date, publication_date, publication_end_date, in_navigation, soft_root, reverse_id, navigation_extenders, published, template, site_id, moderator_state, level, lft, rght, tree_id, login_required, limit_visibility_in_menu, publisher_is_draft, publisher_public_id, publisher_state) FROM stdin;
2	admin	admin	\N	2012-08-02 20:08:24.833+00	2012-12-31 00:34:04.556128+00	2012-08-02 20:10:10.05+00	\N	f	f	method		t	web/cms/centered-content.html	1	0	0	1	2	4	f	\N	t	\N	1
4	admin	admin	\N	2012-08-30 15:05:35.017062+00	2012-12-31 00:34:18.543957+00	2012-08-30 15:07:15.374302+00	\N	f	f	app-list		t	web/cms/centered-content.html	1	0	0	1	2	5	f	\N	t	\N	1
5	admin	admin	\N	2012-08-30 15:10:19.27231+00	2012-12-31 00:35:16.228959+00	2012-08-30 15:12:43.012471+00	\N	f	f	team		t	web/cms/centered-content.html	1	0	0	1	2	6	f	\N	t	\N	1
6	admin	admin	\N	2012-08-30 15:13:49.68771+00	2012-12-31 00:35:26.356938+00	2012-08-30 15:15:25.437958+00	\N	f	f	contact		t	web/cms/centered-content.html	1	0	0	1	2	7	t	\N	t	\N	1
7	admin	admin	\N	2012-08-30 15:16:11.960697+00	2012-12-31 00:35:36.404827+00	2012-08-30 15:21:47.279686+00	\N	f	f	terms		t	web/cms/centered-content.html	1	0	0	1	2	8	f	\N	t	\N	1
8	admin	admin	\N	2012-09-18 14:58:03.430484+00	2012-12-31 00:35:53.513553+00	2012-09-19 09:18:54.271032+00	\N	f	f	app-detail		t	web/cms/centered-content.html	1	0	0	1	2	9	f	\N	t	\N	1
3	admin	admin	\N	2012-08-03 21:10:03.815+00	2012-12-31 00:47:23.998878+00	2012-08-03 21:10:09.24+00	\N	f	f	index		t	web/cms/index.html	1	0	0	1	2	3	f	\N	t	\N	1
\.


--
-- Data for Name: cms_page_placeholders; Type: TABLE DATA; Schema: public; Owner: -
--

COPY cms_page_placeholders (id, page_id, placeholder_id) FROM stdin;
3	3	11
4	3	12
7	2	9
8	2	8
9	2	6
10	2	7
11	2	10
12	4	13
13	4	14
14	5	15
15	5	16
16	6	17
17	6	18
18	7	19
19	7	20
20	8	21
21	8	22
22	3	23
23	3	24
24	3	25
25	3	26
26	3	27
27	3	28
28	3	29
29	3	30
30	7	31
31	7	32
32	7	33
33	7	34
34	7	35
35	7	36
36	7	37
37	7	38
\.


--
-- Data for Name: cms_pagemoderator; Type: TABLE DATA; Schema: public; Owner: -
--

COPY cms_pagemoderator (id, page_id, user_id, moderate_page, moderate_children, moderate_descendants) FROM stdin;
\.


--
-- Data for Name: cms_pagemoderatorstate; Type: TABLE DATA; Schema: public; Owner: -
--

COPY cms_pagemoderatorstate (id, page_id, user_id, created, action, message) FROM stdin;
\.


--
-- Data for Name: cms_pagepermission; Type: TABLE DATA; Schema: public; Owner: -
--

COPY cms_pagepermission (id, user_id, group_id, can_change, can_add, can_delete, can_change_advanced_settings, can_publish, can_change_permissions, can_move_page, can_moderate, can_view, grant_on, page_id) FROM stdin;
\.


--
-- Data for Name: cms_pageuser; Type: TABLE DATA; Schema: public; Owner: -
--

COPY cms_pageuser (user_ptr_id, created_by_id) FROM stdin;
\.


--
-- Data for Name: cms_pageusergroup; Type: TABLE DATA; Schema: public; Owner: -
--

COPY cms_pageusergroup (group_ptr_id, created_by_id) FROM stdin;
\.


--
-- Data for Name: cms_placeholder; Type: TABLE DATA; Schema: public; Owner: -
--

COPY cms_placeholder (id, slot, default_width) FROM stdin;
6	content	\N
7	spotlight1	\N
8	spotlight2	\N
9	spotlight3	\N
10	spotlight	\N
11	content	\N
12	spotlight	\N
1	content	\N
2	spotlight	\N
3	content	\N
4	spotlight	\N
13	content	\N
14	spotlight	\N
15	content	\N
16	spotlight	\N
17	content	\N
18	spotlight	\N
19	content	\N
20	spotlight	\N
21	content	\N
22	spotlight	\N
23	cta_text_main	\N
24	pitch1	\N
25	spotlight1	\N
26	spotlight2	\N
27	spotlight3	\N
28	pitch2	\N
29	big_section1	\N
30	big_section2	\N
31	cta_text_main	\N
32	pitch1	\N
33	spotlight1	\N
34	spotlight2	\N
35	spotlight3	\N
36	pitch2	\N
37	big_section1	\N
38	big_section2	\N
\.


--
-- Data for Name: cms_title; Type: TABLE DATA; Schema: public; Owner: -
--

COPY cms_title (id, language, title, menu_title, slug, path, has_url_overwrite, application_urls, redirect, meta_description, meta_keywords, page_title, page_id, creation_date) FROM stdin;
9	es	Contacto		contacto	contacto	f						6	2012-08-30 15:13:49.862955+00
11	es	Trminos de Uso		terminos-uso	terminos-uso	f			poltica de privacidad y de contratacin de www.infantium.com y Las aventuras de Rufi	poltica de privacidad, nios, sitio web, aplicacin	Poltica de privacidad 	7	2012-08-30 15:16:12.16455+00
14	es	Las a aventuras de Rufi		las-aventuras-de-rufi	las-aventuras-de-rufi	f						8	2012-09-19 09:14:23.468581+00
15	es	Inicio		inicio		f			La tecnologa adaptativa de Infantium personaliza la educacin de cada nio individualmente.	tecnologa adaptativa, apps, educacin, primaria	Infantium Apps de Aprendizaje Adaptativo	3	2012-09-30 04:13:40.293586+00
4	es	Mtodo Infantium		metodo-infantium	metodo-infantium	f			Infantium es una plataforma de desarrollo cognitivo para nios de 0-6 aos que permite estimular la adquisicin de competencias en las reas de lgica, pensamiento simblico y lenguajes al ritmo y velocidad que cada nio necesita, reforzando la interaccin con los padres y el aprendizaje en centros de educacin infantil.	aprendizaje adaptativo, eduacin, apps, juegos, infantil		2	2012-08-21 22:59:33.046+00
5	es	Infantium Apps		infantium-apps	infantium-apps	f			Rufi tiene 3 aos, vive en la ciudad sin nombre, y cada vez que se queda dormido recibe una visita muy especial en sus sueos: el mago Somnus. Somnus es un anciano grun y solitario que disfruta poniendo a Rufi a prueba, y cada noche, mientras duerme, aprovecha para llevarlo a lugares fascinantes donde vivir apasionantes aventuras junto a su inseparable gato Osvaldo.	aprendizaje adaptativo, eduacin, apps, juegos, infantil		4	2012-08-30 15:05:35.217593+00
7	es	Quines Somos		quienes-somos	quienes-somos	f			Infantium naci en 2012, tras ser una de las tres ganadoras del VII Campus de Emprendedores de Seedrocket, aunque su andadura empez mucho antes, concretamente un ao, en Bizbarcelona 2011, donde gan el premi a la idea de mayor potencial de futuro, en los Growth Companies Awards, gracias al voto de los venture capital all presentes	aprendizaje adaptativo, eduacin, apps, juegos, infantil		5	2012-08-30 15:10:19.544971+00
10	en	Contacto		contacto	contacto	f						6	2012-08-30 15:15:25.580843+00
2	en	Infantium Method		infantium-method	infantium-method	f			Infantium is a cognitive development platform of educative apps for children 0-6 years of age which can stimulate these skills acquisition: logic, symbolic thinking, languages, problem-solving, flexibility, attention at pace and speed that every child needs, strengthening the interaction with parents and educational centers.	adaptive learning, education apps, early education		2	2012-08-02 20:08:25.001+00
6	en	Infantium Apps		infantium-apps	infantium-apps	f			Rufi is a 3 year-old kid. He lives in the town with no name, and every time he falls asleep, he gets a very special visit in his dreams: Somnus the wizard. Somnus is a grumpy and lonely old wizard who enjoys challenging Rufi, taking him to fascinating places where he goes on exciting adventures with his inseparable cat Oswald	gamification, serious games, childhood education 		4	2012-08-30 15:07:15.966891+00
12	en	Trminos de Uso		terms-of-use	terms-of-use	f			privacy policy (www.infantium.com and Rufi Adventures) 	kids privacy policy,	Terms and conditions	7	2012-08-30 15:21:47.440981+00
8	en	The Team		the-team	the-team	f			Infantium was founded on June 2012, after being one of 3 winners of the VII Seedrocket Entrepreneurs Campus. But it began much earlier, in Bizbarcelona 2011, where the idea won the highest potential opportunity award , in the Growth Companies Suitcase, voted by venture capital representatives attending.	adaptive learning, education apps, early education		5	2012-08-30 15:12:43.159635+00
13	en	Rufi Adventures		rufi-adventures	rufi-adventures	f						8	2012-09-18 14:58:03.811359+00
3	en	Home		home		f	MyApphook		The Infantium's adaptive learning apps technology personalizes the education of every individual child.	adaptive learning, education, children, apps	Infantium Adaptive Learning Apps	3	2012-08-03 21:10:03.931+00
\.


--
-- Data for Name: cmsplugin_calendarentriesplugin; Type: TABLE DATA; Schema: public; Owner: -
--

COPY cmsplugin_calendarentriesplugin (cmsplugin_ptr_id, year, month) FROM stdin;
\.


--
-- Data for Name: cmsplugin_file; Type: TABLE DATA; Schema: public; Owner: -
--

COPY cmsplugin_file (cmsplugin_ptr_id, file, title) FROM stdin;
\.


--
-- Data for Name: cmsplugin_latestentriesplugin; Type: TABLE DATA; Schema: public; Owner: -
--

COPY cmsplugin_latestentriesplugin (cmsplugin_ptr_id, subcategories, number_of_entries, template_to_render) FROM stdin;
\.


--
-- Data for Name: cmsplugin_link; Type: TABLE DATA; Schema: public; Owner: -
--

COPY cmsplugin_link (cmsplugin_ptr_id, name, url, page_link_id, mailto, target) FROM stdin;
\.


--
-- Data for Name: cmsplugin_picture; Type: TABLE DATA; Schema: public; Owner: -
--

COPY cmsplugin_picture (cmsplugin_ptr_id, image, url, page_link_id, alt, longdesc, "float") FROM stdin;
\.


--
-- Data for Name: cmsplugin_queryentriesplugin; Type: TABLE DATA; Schema: public; Owner: -
--

COPY cmsplugin_queryentriesplugin (cmsplugin_ptr_id, query, number_of_entries, template_to_render) FROM stdin;
\.


--
-- Data for Name: cmsplugin_randomentriesplugin; Type: TABLE DATA; Schema: public; Owner: -
--

COPY cmsplugin_randomentriesplugin (cmsplugin_ptr_id, number_of_entries, template_to_render) FROM stdin;
\.


--
-- Data for Name: cmsplugin_selectedentriesplugin; Type: TABLE DATA; Schema: public; Owner: -
--

COPY cmsplugin_selectedentriesplugin (cmsplugin_ptr_id, template_to_render) FROM stdin;
\.


--
-- Data for Name: cmsplugin_text; Type: TABLE DATA; Schema: public; Owner: -
--

COPY cmsplugin_text (cmsplugin_ptr_id, body) FROM stdin;
8	<h2>Rufi Adventures</h2><article>\n\t\t\t\t<a href="app-details.php"><img src="/static/img/games/spotlight-games-01.jpg" class="thumb"/></a>\n\t\t\t\t<h3><a href="app-details.php">Meet the characters</a></h3>\n\t\t\t\t<p>Nulla facilisi. Nullam id nibh vel velit laoreet ultricies. Morbi laoreet gravi gravida magna in mollis. Duis dictum feugiat odio lorem facta. <a href="app-details.php">Leer mas sobre [Nombre del juego]</a>.</p>\n\t\t\t</article><article>\n\t\t\t\t<a href="app-details.php"><img src="/static/img/games/spotlight-games-02.jpg" class="thumb"/></a>\n\t\t\t\t<h3><a href="app-details.php">Nombre del juego</a></h3>\n\t\t\t\t<p>Nulla facilisi. Nullam id nibh vel velit laoreet ultricies. Morbi laoreet gravi gravida magna in mollis. Duis dictum feugiat odio lorem facta. <a href="app-details.php">Leer mas sobre [Nombre del juego]</a>.</p>\n\t\t\t</article><article>\n\t\t\t\t<a href="app-details.php"><img src="/static/img/games/spotlight-games-03.jpg" class="thumb"/></a>\n\t\t\t\t<h3><a href="app-details.php">Nombre del juego</a></h3>\n\t\t\t\t<p>Nulla facilisi. Nullam id nibh vel velit laoreet ultricies. Morbi laoreet gravi gravida magna in mollis. Duis dictum feugiat odio lorem facta. <a href="app-details.php">Leer mas sobre [Nombre del juego]</a>.</p>\n\t\t\t</article>
15	<h2><a href="metodo-infantium.php">Metodo Infantium</a></h2>\n\t\t\t<article>\n\t\t\t\t<h3><a href="metodo-infantium.php#logica">Logica</a></h3>\n\t\t\t\t<p>Nulla facilisi. Nullam id nibh vel velit laoreet ultricies. Morbi laoreet gravi gravida magna in mollis. Duis dictum feugiat odio lorem facta. <a href="metodo-infantium.php#logica">Leer mas sobre logica.</a></p>\n\t\t\t</article>\n\t\t\t<article>\n\t\t\t\t<h3><a href="metodo-infantium.php#representacion-mental">Representacion mental</a></h3>\n\t\t\t\t<p>Nulla facilisi. Nullam id nibh vel velit laoreet ultricies. Morbi laoreet gravi gravida magna in mollis. Duis dictum feugiat odio lorem facta. <a href="metodo-infantium.php#representacion-mental">Leer mas sobre representacion mental.</a></p>\n\t\t\t</article>\n\t\t\t<article>\n\t\t\t\t<h3><a href="metodo-infantium.php#lenguaje">Lenguaje</a></h3>\n\t\t\t\t<p>Nulla facilisi. Nullam id nibh vel velit laoreet ultricies. Morbi laoreet gravi gravida magna in mollis. Duis dictum feugiat odio lorem facta. <a href="metodo-infantium.php#lenguaje">Leer mas sobre lenguaje.</a></p>\n\t\t\t</article>
17	<h2><a href="metodo-infantium.php">Metodo Infantium</a></h2>\n\t\t\t<article>\n\t\t\t\t<h3><a href="metodo-infantium.php#logica">Logica</a></h3>\n\t\t\t\t<p>Nulla facilisi. Nullam id nibh vel velit laoreet ultricies. Morbi laoreet gravi gravida magna in mollis. Duis dictum feugiat odio lorem facta. <a href="metodo-infantium.php#logica">Leer mas sobre logica.</a></p>\n\t\t\t</article>\n\t\t\t<article>\n\t\t\t\t<h3><a href="metodo-infantium.php#representacion-mental">Representacion mental</a></h3>\n\t\t\t\t<p>Nulla facilisi. Nullam id nibh vel velit laoreet ultricies. Morbi laoreet gravi gravida magna in mollis. Duis dictum feugiat odio lorem facta. <a href="metodo-infantium.php#representacion-mental">Leer mas sobre representacion mental.</a></p>\n\t\t\t</article>\n\t\t\t<article>\n\t\t\t\t<h3><a href="metodo-infantium.php#lenguaje">Lenguaje</a></h3>\n\t\t\t\t<p>Nulla facilisi. Nullam id nibh vel velit laoreet ultricies. Morbi laoreet gravi gravida magna in mollis. Duis dictum feugiat odio lorem facta. <a href="metodo-infantium.php#lenguaje">Leer mas sobre lenguaje.</a></p>\n\t\t\t</article>
30	<h1>Contacto</h1>\n\t<form action="form_action.php" method="post" class="large-form">\n\t\t\t<fieldset>\n\t\t\t<ul>\n\t\t\t\t<li class="input-container">\n\t\t\t\t\t<label class="ir" for="email">Email</label>\n\t\t\t\t\t<input id="email" class="text"/>\n\t\t\t\t\t<span class="form-error">Email incorrecto</span>\n\t\t\t\t</li>\n\t\t\t\t<li class="input-container">\n\t\t\t\t\t<label class="ir" for="message">Mensaje</label>\n\t\t<textarea id="message" rows="8" cols="20" class="textarea"/>\n\t\t\t\t\t<span class="form-error">Introducir un mensaje</span>\n\t\t\t\t</li>\n\t\t\t\t<li class="btn-container">\n\t\t\t\t\t<input type="submit" class="btn btn-blue" value="Envia"/>\n\t\t\t\t</li>\n\t\t\t</ul>\n\t\t</fieldset>\n\t</form>\n\n
22	<h1>Contacto</h1>\n\t\t\n\t\t\t<form action="form_action.php" method="post" class="large-form">\n\t\t\t\t<fieldset>\n\t\t\t\t\t<ul>\n\t\t\t\t\t\t<li class="input-container">\n\t\t\t\t\t\t\t<label class="ir" for="email">Email</label>\n\t\t\t\t\t\t\t<input id="email" class="text"/>\n\t\t\t\t\t\t\t<span class="form-error">Email incorrecto</span>\n\t\t\t\t\t\t</li>\n\t\t\t\t\t\t<li class="input-container">\n\t\t\t\t\t\t\t<label class="ir" for="message">Mensaje</label>\n\t\t\t\t\t\t\t<textarea id="message" rows="8" cols="20" class="textarea"/>\n\t\t\t\t\t\t\t<span class="form-error">Introducir un mensaje</span>\n\t\t\t\t\t\t</li>\n\t\t\t\t\t\t<li class="btn-container">\n\t\t\t\t\t\t\t<input type="submit" class="btn btn-blue" value="Envia"/>\n\t\t\t\t\t\t</li>\n\t\t\t\t\t</ul>\n\t\t\t\t</fieldset>\n\t\t\t</form>\n\t\t\n\t\t\t\t\t<ul class="social-buttons">\n\t\t\t<li>\n\t\t\t\t<a href="https://twitter.com/share" class="twitter-share-button">Tweet</a>\n\t\t\t    \n\t\t\t</li>\n\t\t\t<li>\n\t\t\t\t<a href="http://pinterest.com/pin/create/button/?url=http%3A%2F%2FmyUrl&amp;media=http%3A%2F%2FmyImage&amp;description=sef" class="pin-it-button"><img src="//assets.pinterest.com/images/PinExt.png" title="Pin It"/></a>\n\t\t\t</li>\n\t\t\t<li>\n\t\t\t\t<div class="fb-like"/>\n\t\t\t</li>\n\t\t</ul>
21	<h2><a href="metodo-infantium.php">Infantium Method</a></h2>\n\t\t\t<article>\n\t\t\t\t<h3>Adaptive Learning</h3>\n\t\t\t\t<p>Adaptive learning gaming technology that ensures cognitive development. It responds to each child's individual performance and pace, delivering personalized learning thorugh multiple paths. <a href="metodo-infantium.php#logica">Read more</a></p>\n\t\t\t</article>\n\t\t\t<article>\n\t\t\t\t<h3>Multiple Intelligences</h3>\n\t\t\t\t<p>Learning occurs by stimulating the children's different intelligences, giving the motivation to learn in the ways that they learn best: spatial, linguistic, mathematic, musical, bodily. <a href="metodo-infantium.php#representacion-mental">Read More</a></p>\n\t\t\t</article>\n\t\t\t<article>\n\t\t\t\t<h3>Gamified Game-based learning</h3>\n\t\t\t\t<p>Transformation for Early learners will come from positive encouragement, right motivation, rewards and parent engagement. We engage children providing the best educational opportunities.<a href="metodo-infantium.php#lenguaje">Read More</a></p>\n\t\t\t</article>
20	<h1>Terms and conditions www.infantium.com and Rufi Adventures</h1>\n\t\t\t<p>Thisprivacypolicycovers all of the infantium sites (www.infantium.com site and Rufi Adventures apps). Please read this statement carefully before using or proceeding to access both sites. Your use indicates you have read and understood thisprivacypolicyand indicates your agreement to abide by the Terms of Use in effect</p>\n\t\t\t<p><strong>1. We collect but we don't link personal and activity data</strong></p><p>We use technologies like cookies (small files stored by your browser), web beacons, or unique device identifiers to anonymously identify your computer or device so we can deliver a better experience. Our systems also log information like your browser, operating system and IP address.</p><p>We also may collect personally identifiable information that you provide to us, such as your name, address, phone number or email address. With your permission, we may also access other personal information on your device, such as your phone book, calendar or messages, in order to provide services to you. If authorized by you, we may also access profile and other information from services like Facebook.<br/><br/>Our systems are not designed to associate personal information with your activities (such as pages you view or things you click on or search for).<br/><br/>We do not knowingly contact or collect personal information from children under 13. If you believe we have inadvertently collected such information, please contact us so we can promptly obtain parental consent or remove the information.</p><p><strong>2. We do not store or share your precise location:</strong>We do not use or collect your precise geographic location.</p><p><strong>3. You can request to see or delete your personal data:</strong></p><p>You can sign into your account to see or delete any personally identifiable information we have stored, such as your name, address, email or phone number. You can also contact us by email to request to see or delete this information.</p><p><strong>4.We keep personal data until you delete it.</strong></p><p>We remove personally identifiable information (such as your name, address, email or phone number) and other preferences associated with your account promptly after you delete your account. We may retain other data indefinitely.</p><p><strong>5.We may share personal data with companies we trust.</strong></p><p>We may share personally identifiable information (such as name, address, email or phone) with trusted partners in order to provide you with relevant advertising, offers or services.<br/><br/>We may share personally identifiable information (such as name, address, email or phone) with trusted partners in order to provide you with relevant advertising, offers or services.</p><p><strong>6.No ad companies collect data through our service.</strong></p><p>We do not allow advertising companies to collect data through our service for ad targeting.</p><p><strong>7.You can ask privacy questions or opt-out of marketing.</strong></p><p>If you have any questions or concerns about our privacy policies, please contact us:<br/>hello@infantium.com, or Avda. Gran Via de l'hospitalet 16-20, 2planta. 08902 Hospitalet (Barcelona, Spain)<br/><br/>If you have given us contact information but do not want us to contact you with promotional or marketing information, you can opt-out here:hello@infantium.com<br/>Please allow sufficient time for us to process your request.</p><p><strong>8.Analytics providers access data on our behalf.</strong></p><p>Analytics companies may access anonymous data (such as your IP address or device ID) to help us understand how our services are used. They use this data solely on our behalf. They do not share it except in aggregate form; no data is shared as to any individual user. Click to see company privacy policies that govern their use of data.</p><p><strong>9.We take detailed steps to protect personal information.</strong></p><p>We take reasonable administrative, physical and electronic measures designed to safeguard and protect your information from unauthorized access or disclosure. This includes utilizing Secure Sockets Layer (SSL) software, which encrypts the personal information you input, and storing your information in encrypted form behind a firewall designed to block access from outside our network. However, no security or encryption method can be guaranteed to protect information from hackers or human error.<br style="font-family: Verdana, Arial, Helvetica, sans-serif; font-size: 10px;"/><br style="font-family: Verdana, Arial, Helvetica, sans-serif; font-size: 10px;"/>Information we collect may be stored or processed on computers located in any country where we do business.</p><p><strong>10.Special situations may require disclosure of your data.</strong></p><p>To operate the service, we also may make identifiable and anonymous information available to third parties in these limited circumstances: (1) with your express consent, (2) when we have a good faith belief it is required by law, (3) when we have a good faith belief it is necessary to protect our rights or property, or (4) to any successor or purchaser in a merger, acquisition, liquidation, dissolution or sale of assets. Your consent will not be required for disclosure in these cases, but we will attempt to notify you, to the extent permitted by law to do so.</p><p><strong>11. You can review more privacy-related information.</strong></p><p>This privacy policy was last updated on september, 14th 2012. Our privacy policy may change from time to time. If we make any material changes to our policies, we will place a prominent notice on our website or application. If the change materially affects registered users, we will send a notice to you by email, push notification or text.<br style="margin: 0px; padding: 0px; border: 0px;"/></p>\n\t\t\t
43	<h2><span class="blue">Multiple Intelligences</span></h2>\n<h3>Learning occurs by stimulating the children's needs and strengths, providing the motivation to learn in the ways that they learn best. We analyze weaknesses and strengths to open the doors  of completing other less developed areas as well. </h3>
44	<h2><span class="blue">Gamified Game-based learning</span></h2>\n<h3>Transformation for Early learners will come from positive encouragement, right motivation, reward and parent engagement. GBL is a framework to develop critical abilities to allows them to acquire knowledge, understand the world around them, and make appropriate decisions.</h3>
14	<div class="row well rounded center-section">\n\t<div class="span10">\n\t\t<h1 class="blue">About</h1>\t\n\t</div>\n\n\t<div class="span10">\n\t\t<h5>Infantium was founded on June 2012, after being one of 3 winners of the <a class="green" href="http://www.seedrocket.com/es/startups/infantium/">VII Seedrocket Entrepreneurs Campus</a>. But it began much earlier, in <a class="green" href="http://www.bizbarcelona.com/">Bizbarcelona 2011</a>, where the idea won<a class="blue" href="http://www.bizbarcelona.com/portal/appmanager/efiraSalones/S092011?_nfpb=true&amp;_pageLabel=P74800577101309251084779&amp;profileLocale=es/">the highest potential opportunity award </a>, in the Growth Companies Suitcase, voted by venture capital representatives attending. An unforgettable although we had no name and we called ourselves Biztudio. But the best thing was not the prize, but meeting and instrumental in the project. So Karen and Dani were in the team from the beginning, and a little later they had the good fortune to meet Joaquin, who joined and enriched this project. Conclusion: the team is formed consisting of three friends who share a passion for children, technology, entrepreneurship, and football (albeit with many differences). So the team united never be defeated!</h5>\n<p>Photo courtesy of <a class="pink" href="https://twitter.com/racalca">Rafael Calvache.</a> Thanks Rafa!</p>\n\t\t<img alt="Foto - Equipo Infantium" class="img-hero rounded" src="/static/media/cms_page_media/5/infantium-team.jpg" style="margin-left: auto; margin-right: auto; display: block;" title="Equipo Infantium">\n\t</div>\n</div>\n\n<div class="row well rounded left-section">\n       <div class="row">\n\t<div class="span10">\n\t\t<h1 class="blue">Founders</h1>\t\n\t</div>\n\t</div>\n       <div class="row">\n\t<div class="span4">\n\t\t<div class="thumbnail center-section">\n\t\t\t<img class="rounded" src="/static/img/the-team/karen_marquez.png">\n\t\t        <h3>WEO</h3>\n\t\t        <p>Woman Executive Officer</p>\n           \t</div>\n\t</div>\n\t<div class="span6">\n\t\t<h2 class="personal-social pink">Karen Mrquez <a href="#"><img class="rounded" src="/static/img/the-team/linkedin.png"></a><a href="#"><img class="rounded" src="/static/img/the-team/twitter.png"></a></h2>\n\t\t<p>BA in Journalism from the UAB, Master in International Relations from the Center for International Studies at the University of Barcelona-Foreign Affairs Ministry, and Executive Master in Marketing and Sales from ESADE and SDA Bocconi di Milano. Deserter Journalist from media such as CNN, she has long experience in Communications, PR, and Marketing Communications. Karen was member of the international MarComms team of companies such as Bacardi Global Brands, and managed The Macallan and Canterbury of New Zealand, among others. Frustrated writer in private, her passions are football and reading as much as she can!</p>\n\t\t\n\t</div>\n</div>\n<br>\n<div class="row">\n\t<div class="span4">\n\t\t<div class="thumbnail center-section">\n\t\t\t<img class="rounded" src="/static/img/the-team/dani_gonzalez.png">\n\t\t        <h3>CTO</h3>\n\t\t        <p>Chief Technology Officer</p>\n           \t</div>\n\t</div>\n\t<div class="span6">\n\t\t<h2 class="personal-social red">Dani Gonzlez <a href="#"><img class="rounded" src="/static/img/the-team/linkedin.png"></a><a href="#"><img class="rounded" src="/static/img/the-team/twitter.png"></a></h2>\n\t\t<p>Graduated from Polytechnical University of Catalonia in Computer Engineering, and MBA from ESADE and Babson College Olin School of Business Boston (major in Entrepreneurship). Daniel has extensive experience in technology consultancy (Oracle, IBM, Microsoft) in big companies like Everis Spain. Hes an expert of Software Architectures, constructing in multiple platforms, including Web and mobile. Some of his clients were La Caixa, The Catalan Water Agency (ACA), Banesto Foundation, Catalana Occidente or Abbott UK. A wired geek, finance &amp; Barcelona city lover, you can follow his random thoughts on his <a href="http://www.codeispoetry.me"> blog www.codeispoetry.me</a></p>\n         </div>\n</div>\n<br>\n<div class="row">\n\t<div class="span4">\n\t\t<div class="thumbnail center-section">\n\t\t\t<img class="rounded" src="/static/img/the-team/joaquin_grech.png">\n\t\t        <h3>CMO</h3>\n\t\t        <p>Chief Mobile Officer</p>\n           \t</div>\n\t</div>\n\t<div class="span6"><h2 class="personal-social orange">Joaqun Grech <a href="#"><img class="rounded" src="/static/img/the-team/linkedin.png"></a><a href="#"><img class="rounded" src="/static/img/the-team/twitter.png"></a></h2>\n\t\t<p>Natural from Madrid, Joaquin is passionate about technology and investing. Graduated from NYU in Computer Science and Latin American Studies. "Shortly after graduation I discovered I had a knack for combining technology and finance and I fell infatuated with Value Investing". An entrepreneur at heart, Joaquin enjoys empowering and coordinating teams while keeping close to his passions: latin america, technology and investing. Joaquin has worked in NYC since 2003 and recently moved back to Madrid. MBA from IE. Follow his thoughts on <a href="http://www.joaquingrech.com"> is personal blog</a></p>\n</div>\t\n</div></div>\n\n<div class="row well rounded left-section">\n\t<div class="span10">\n\t\t<h1 class="blue">Partners</h1>\t\n\t</div>\n\n\t<div class="span4">\n\t\t<img class="rounded" src="/static/img/the-team/partners.png">\n\t</div>\n\t<div class="span6">\n\t\t<a href="#"><h3 class="green">Autonomous University of Barcelona</h3></a>\n\t\t<a href="#"><h3 class="red"> Antoni Cambrodi Foundation, Institute of Evolutionary Psichology</h3></a>\n\t\t<a href="#"><h3 class="blue">Microsoft Ibrica</h3></a>\n\t\t<a href="#"><h3 class="pink">Departament of Education, Autonomous Goverment of Catalonia</h3></a>\n\t\t<h3 class="orange"><a href="#">Technology Park of Autonomous University of Barcelona</a></h3>\n\t</div>\t\t\n</div>\n\n<div class="row well rounded left-section">\n\n\t<div class="span10">\n\t\t<h1 class="blue">Advisors</h1>\t\n\t</div>\n       <div class="row">\n        <div class="span4">\n\t\t<div class="thumbnail center-section">\n\t\t\t<img class="rounded" src="/static/img/the-team/xavier-kirchner.png">\n\t\t        <h3>Product Innovation</h3>\n\t\t        <p>Educational Technology Expert</p>\n           \t</div>\n\t</div>\n\t<div class="span6"><h2 class="personal-social blue">Xavier Kirchner <a href="#"><img class="rounded" src="/static/img/the-team/linkedin.png"></a><a href="#"><img class="rounded" src="/static/img/the-team/twitter.png"></a></h2>\n\t\t<p>Natural from Madrid, Joaquin is passionate about technology and investing. Graduated from NYU in Computer Science and Latin American Studies. "Shortly after graduation I discovered I had a knack for combining technology and finance and I fell infatuated with Value Investing". An entrepreneur at heart, Joaquin enjoys empowering and coordinating teams while keeping close to his passions: latin america, technology and investing. Joaquin has worked in NYC since 2003 and recently moved back to Madrid. MBA from IE. Follow his thoughts on <a href="http://www.joaquingrech.com"> is personal blog</a></p>\n</div>\n</div>\n<br>\n       <div class="row">\n        <div class="span4">\n\t\t<div class="thumbnail center-section">\n\t\t\t<img class="rounded" src="/static/img/the-team/bill-magill.png">\n\t\t        <h3>Business Innovation</h3>\n\t\t        <p>Venture Funds and Technology expert</p>\n           \t</div>\n\t</div>\n\t<div class="span6"><h2 class="personal-social blue">Bill Magill <a href="#"><img class="rounded" src="/static/img/the-team/linkedin.png"></a><a href="#"><img class="rounded" src="/static/img/the-team/twitter.png"></a></h2>\n\t\t<p>Natural from Madrid, Joaquin is passionate about technology and investing. Graduated from NYU in Computer Science and Latin American Studies. "Shortly after graduation I discovered I had a knack for combining technology and finance and I fell infatuated with Value Investing". An entrepreneur at heart, Joaquin enjoys empowering and coordinating teams while keeping close to his passions: latin america, technology and investing. Joaquin has worked in NYC since 2003 and recently moved back to Madrid. MBA from IE. Follow his thoughts on <a href="http://www.joaquingrech.com"> is personal blog</a></p>\n</div>\n</div>\n\t\n</div>\n\n<div class="row well rounded left-section">\n\t<div class="span10">\n\t\t<h1 class="blue">Investors</h1>\t\n\t</div>\n        <div class="row">\n        <div class="span4">\n\t\t<div class="thumbnail center-section">\n\t\t\t<img class="rounded" src="/static/img/the-team/carlos-blanco.png">\n\t\t        <h3>BA and Mentor</h3>\n\t\t        <p>Executive Chairman at Akamon</p>\n           \t</div>\n\t</div>\n\t<div class="span6"><h2 class="personal-social blue">Carlos Blanco <a href="#"><img class="rounded" src="/static/img/the-team/linkedin.png"></a><a href="#"><img class="rounded" src="/static/img/the-team/twitter.png"></a></h2>\n\t\t<p>Natural from Madrid, Joaquin is passionate about technology and investing. Graduated from NYU in Computer Science and Latin American Studies. "Shortly after graduation I discovered I had a knack for combining technology and finance and I fell infatuated with Value Investing". An entrepreneur at heart, Joaquin enjoys empowering and coordinating teams while keeping close to his passions: latin america, technology and investing. Joaquin has worked in NYC since 2003 and recently moved back to Madrid. MBA from IE. Follow his thoughts on <a href="http://www.joaquingrech.com"> is personal blog</a></p>\n</div>\t\n</div>\n<br>\n<div class="row">\n        <div class="span4">\n\t\t<div class="thumbnail center-section">\n\t\t\t<img class="rounded" src="/static/img/the-team/oscar-fuente.png">\n\t\t        <h3>BA and Mentor</h3>\n\t\t        <p>Educational Technology Expert</p>\n           \t</div>\n\t</div>\n\t<div class="span6"><h2 class="personal-social blue">Xavier Kirchner <a href="#"><img class="rounded" src="/static/img/the-team/linkedin.png"></a><a href="#"><img class="rounded" src="/static/img/the-team/twitter.png"></a></h2>\n\t\t<p>Natural from Madrid, Joaquin is passionate about technology and investing. Graduated from NYU in Computer Science and Latin American Studies. "Shortly after graduation I discovered I had a knack for combining technology and finance and I fell infatuated with Value Investing". An entrepreneur at heart, Joaquin enjoys empowering and coordinating teams while keeping close to his passions: latin america, technology and investing. Joaquin has worked in NYC since 2003 and recently moved back to Madrid. MBA from IE. Follow his thoughts on <a href="http://www.joaquingrech.com"> is personal blog</a></p>\n</div>\t\n</div>\n<br>\n<div class="row">\n        <div class="span4">\n\t\t<div class="thumbnail center-section">\n\t\t\t<img class="rounded" src="/static/img/the-team/david-tomas.png">\n\t\t        <h3>BA and Mentor</h3>\n\t\t        <p>Educational Technology Expert</p>\n           \t</div>\n\t</div>\n\t<div class="span6"><h2 class="personal-social blue">Xavier Kirchner <a href="#"><img class="rounded" src="/static/img/the-team/linkedin.png"></a><a href="#"><img class="rounded" src="/static/img/the-team/twitter.png"></a></h2>\n\t\t<p>Natural from Madrid, Joaquin is passionate about technology and investing. Graduated from NYU in Computer Science and Latin American Studies. "Shortly after graduation I discovered I had a knack for combining technology and finance and I fell infatuated with Value Investing". An entrepreneur at heart, Joaquin enjoys empowering and coordinating teams while keeping close to his passions: latin america, technology and investing. Joaquin has worked in NYC since 2003 and recently moved back to Madrid. MBA from IE. Follow his thoughts on <a href="http://www.joaquingrech.com"> is personal blog</a></p>\n</div>\t\n</div>\n<br>\n<div class="row">\n        <div class="span4">\n\t\t<div class="thumbnail center-section">\n\t\t\t<img class="rounded" src="/static/img/the-team/alfredo-balcells.png">\n\t\t        <h3>BA</h3>\n\t\t        <p>Educational Technology Expert</p>\n           \t</div>\n\t</div>\n\t<div class="span6"><h2 class="personal-social blue">Xavier Kirchner <a href="#"><img class="rounded" src="/static/img/the-team/linkedin.png"></a><a href="#"><img class="rounded" src="/static/img/the-team/twitter.png"></a></h2>\n\t\t<p>Natural from Madrid, Joaquin is passionate about technology and investing. Graduated from NYU in Computer Science and Latin American Studies. "Shortly after graduation I discovered I had a knack for combining technology and finance and I fell infatuated with Value Investing". An entrepreneur at heart, Joaquin enjoys empowering and coordinating teams while keeping close to his passions: latin america, technology and investing. Joaquin has worked in NYC since 2003 and recently moved back to Madrid. MBA from IE. Follow his thoughts on <a href="http://www.joaquingrech.com"> is personal blog</a></p>\n</div>\t\n</div>\n<br>\n<div class="row">\n        <div class="span4">\n\t\t<div class="thumbnail center-section">\n\t\t\t<img class="rounded" src="/static/img/the-team/sergi-balcells.png">\n\t\t        <h3>BA and Mentor</h3>\n\t\t        <p>Educational Technology Expert</p>\n           \t</div>\n\t</div>\n\t<div class="span6"><h2 class="personal-social blue">Xavier Kirchner <a href="#"><img class="rounded" src="/static/img/the-team/linkedin.png"></a><a href="#"><img class="rounded" src="/static/img/the-team/twitter.png"></a></h2>\n\t\t<p>Natural from Madrid, Joaquin is passionate about technology and investing. Graduated from NYU in Computer Science and Latin American Studies. "Shortly after graduation I discovered I had a knack for combining technology and finance and I fell infatuated with Value Investing". An entrepreneur at heart, Joaquin enjoys empowering and coordinating teams while keeping close to his passions: latin america, technology and investing. Joaquin has worked in NYC since 2003 and recently moved back to Madrid. MBA from IE. Follow his thoughts on <a href="http://www.joaquingrech.com"> is personal blog</a></p>\n</div>\t\n</div>\n<br>\n<div class="row">\n        <div class="span4">\n\t\t<div class="thumbnail center-section">\n\t\t\t<img class="rounded" src="/static/img/the-team/jesus-monleon.png">\n\t\t        <h3>SeedRocket BA</h3>\n\t\t        <p>Educational Technology Expert</p>\n           \t</div>\n\t</div>\n\t<div class="span6"><h2 class="personal-social blue">Xavier Kirchner <a href="#"><img class="rounded" src="/static/img/the-team/linkedin.png"></a><a href="#"><img class="rounded" src="/static/img/the-team/twitter.png"></a></h2>\n\t\t<p>Natural from Madrid, Joaquin is passionate about technology and investing. Graduated from NYU in Computer Science and Latin American Studies. "Shortly after graduation I discovered I had a knack for combining technology and finance and I fell infatuated with Value Investing". An entrepreneur at heart, Joaquin enjoys empowering and coordinating teams while keeping close to his passions: latin america, technology and investing. Joaquin has worked in NYC since 2003 and recently moved back to Madrid. MBA from IE. Follow his thoughts on <a href="http://www.joaquingrech.com"> is personal blog</a></p>\n</div>\t\n</div>\n</div>\n\n<div class="row well rounded left-section">\n\t<div class="span10">\n\t\t<h1 class="blue">Investors</h1>\t\n\t</div>\n\n\t<div class="span4">\n\t\t<em class="fa-icon-money blue" style="font-size: 250px;"></em>\n\t</div>\n\t<div class="span7">\n\t\t<ul class="cms-ul well well-large">\t\t\n\t\t\t<li>\n\t\t\t\t<span class="badge badge-info badge-icon"><em class="fa-icon-star white"></em></span>\n\t\t\t\t<strong class="blue">Carlos Blanco:</strong> CEO &amp; co-founder of <a class="blue" href="http://grupoitnet.com/"> ITNET Group</a><a class="blue" href="http://www.carlosblanco.com/"> [Carlos's blog]</a>\n\t\t\t</li>\n\t\t\t<li>\n\t\t\t\t<span class="badge badge-info badge-icon"><em class="fa-icon-star white"></em></span>\n\t\t\t\t<strong class="blue">scar Fuente:</strong> founder of "Area de Ventas Interactiva" and <a class="blue" href=" http://www.IEBSchool.com">IEBS School</a>\n\t\t\t</li>\n\t\t\t<li>\n\t\t\t\t<span class="badge badge-info badge-icon"><em class="fa-icon-star white"></em></span>\n\t\t\t\t<strong class="blue">David Toms:</strong> founder of <a class="blue" href="http://www.cyberclick.es">Cyberclick and Cybermobile</a>\n\t\t\n\t\t\t</li>\n\t\t\t<li>\n\t\t\t\t<span class="badge badge-info badge-icon"><em class="fa-icon-star white"></em></span>\n\t\t\t\t<strong class="blue">Sergio Balcells:</strong> founder of Glamourum and CEO of <a class="blue" href="http://joliebox.es/">JolieBox Spain</a>\n\t\t\t</li>\n\t\t\t<li>\n\t\t\t\t<span class="badge badge-info badge-icon"><em class="fa-icon-star white"></em></span>\n\t\t\t\t<strong class="blue">Alfredo Balcells:</strong> founder of <a class="blue" href="http://www.iosfinance.es/">IOS Finance</a>\n\t\t\t</li>\n\t\t\t<li>\n\t\t\t\t<span class="badge badge-info badge-icon"><em class="fa-icon-star white"></em></span>\n\t\t\t\t<strong class="blue">Jess Monlen:</strong> co-founder of seedrocket,Trovit and <a class="blue" href="http://www.offerum.com/">Offerum</a>\n\t\t\t</li>\n\t\t\t\n\t\t</ul>\n\t</div>\n</div>\t\t
41	<h1 class="blue">Adaptive Learning for babies &amp; kids!</h1>\n<h2>Infantium is a <span class="green">gaming platform of cognitive development for children 0-6 years old</span>.  It fosters skill acquisition on critical areas like logic, representation and symbolic thinking, and languages, <span class="pink">at their own pace</span>. It supports <span class="yellow">positive parent-child interaction around apps</span>, and reinforces early learning programs. </h2>\n
12	<div class="row well  rounded center-section">\n\t<div class="span10">\n\t\t<h1 class="blue">Las Aventuras</h1>\n\n\t\t<h5>Rufi tiene 3 aos, vive en la ciudad sin nombre, y cada vez que se queda dormido recibe una visita muy especial en sus sueos: el mago Somnus. Somnus es un anciano grun y solitario que disfruta poniendo a Rufi a prueba, y cada noche, mientras duerme, aprovecha para llevarlo a lugares fascinantes donde vivir apasionantes aventuras junto a su inseparable gato Osvaldo. </h5>\n\n<h5>As, Rufi viajar al corazn de mitos, cuentos, leyendas, y lugares histricos, donde tendr que usar todas sus armas para ayudar a sus nuevos amigos en apuros, en situaciones siempre nuevas y siempre diferentes. </h5>\n\n<h5 class="blue">Gracias a Somnus conocer a grandes pintores como van Gogh, Mir o Warhol; viajar hasta Creta y ayudar a caro y Ddalo a escapar del Minotauro, o conocer a Guttemberg en la Alemania del siglo XV. De momento, stas son sus primeras aventuras! Descbrelas!  \n</h5>\n\t</div>\n</div>\n<div class="row well  well-blue rounded center-section">\n\t<div class="span10">\n               <h2 class="white">Lanzamiento en Enero de 2013!   <em class="fa-icon-time"></em></h2>\n               <h5 class="white">Subscrbete ahora y consigue acceso ilimitado!</h5>\n               <a class="m-btn big rnd" href="http://hola.infantium.es"><span class="blue">Dame Acceso <em class="fa-icon-ok icon-large"></em></span></a>\n       </div>\n</div>\n<div class="row well  rounded left-section">\n\t<div class="span4">\n\t\t<img class="rounded" src="/static/img/infantium-apps/magic-paintings-thumb.png">\n\t</div>\n\t<div class="span6">\n\t\t<h2 class="green">Rufi y las pinturas mgicas </h2>\n\t\t<p>El mago Somnus lleva a <span class="green">Rufi</span> y su gato Osvaldo a un museo donde conocer a Van Gogh, Mir y Warhol.\nPara poder volver a casa,Rufi deber ayudarles a recomponer algunas de sus obras ms famosas. rea\ncognitiva: representacin mental e inteligencia espacial. </p><a class="m-btn big rnd green disabled" href="/es/metodo-infantium/">Prximamente <em class="m-icon-big-swapright m-icon-white"></em></a>\n\t\t\n\t</div>\t\n</div>\n\n<div class="row well  rounded left-section">\n\t<div class="span4">\n\t\t<img class="rounded" src="/static/img/infantium-apps/icarus-dedalus-thumb.png">\n\t</div>\n\t<div class="span6">\n\t\t<h2 class="red">caro, Ddalo y el laberinto del Minotauro</h2>\n\t\t<p>El mago Somnus ha llevado\na Rufi al palacio del rey minos, en creta. All conoce a Icaro, que est triste\nporque no puede reunirse con su padre Ddalo, que est al otro lado del\nlaberinto. Rufi tendr que ayudar a Icaro a encontrar a Ddalo, esquivando al\nminotauro a travs de los pasadizos que forman diferentes figuras geomtricas.\nJuego de lgica e inteligencia matemtica. </p><a class="m-btn big rnd red disabled" href="/es/metodo-infantium/">Prximamente <em class="m-icon-big-swapright m-icon-white"></em></a>\n\t\t\n\t</div>\t\n</div>\n<hr>\n<div class="row well  rounded left-section">\n\t<div class="span4">\n\t\t<img class="rounded" src="/static/img/infantium-apps/oswald-thumb.png">\n\t</div>\n\t<div class="span6">\n\t\t<h2 class="orange">Osvaldo juega al escondite</h2>\n\t\t<p>Como\nse dira en TV, Osvaldo juega al\nescondite es un breve spin-off de las\naventuras de Rufi, o lo que es lo mismo, una pequea aventura de uno de sus\npersonajes en solitario. Aunque Osvaldo\nsiempre acompaa a Rufi en sus\nperipecias, en esta ocasin, ser el protagonista de una serie de andaduras a\ntravs de diferentes escenarios, con los que el nio puede trabajar el elemento\noculto y la permanencia del objeto. Esta aplicacin est recomendada a nios de\nentre 8-18 meses. Prximamente.</p><a class="m-btn big rnd orange disabled" href="/es/metodo-infantium/">Prximamente <em class="m-icon-big-swapright m-icon-white"></em></a>\n\t\t\n\t</div>\t\n</div>\t\t\t\t\t
47	<h1><span class="orange">Our story</span></h1>\n<h5>Want to know us? Read about our mission, vision, meet our team, and find out why learning will never be the same. We are not alone! Some great partners and helping to make this happen!</h5>
13	<h2>Rufi Adventures</h2><article>\n\t\t\t\t<a href="app-details.php"><img src="/static/img/games/spotlight-games-01.jpg" class="thumb"/></a>\n\t\t\t\t<h3><a href="app-details.php">Nombre del juego</a></h3>\n\t\t\t\t<p>Nulla facilisi. Nullam id nibh vel velit laoreet ultricies. Morbi laoreet gravi gravida magna in mollis. Duis dictum feugiat odio lorem facta. <a href="app-details.php">Leer mas sobre [Nombre del juego]</a>.</p>\n\t\t\t</article><article>\n\t\t\t\t<a href="app-details.php"><img src="/static/img/games/spotlight-games-02.jpg" class="thumb"/></a>\n\t\t\t\t<h3><a href="app-details.php">Nombre del juego</a></h3>\n\t\t\t\t<p>Nulla facilisi. Nullam id nibh vel velit laoreet ultricies. Morbi laoreet gravi gravida magna in mollis. Duis dictum feugiat odio lorem facta. <a href="app-details.php">Leer mas sobre [Nombre del juego]</a>.</p>\n\t\t\t</article><article>\n\t\t\t\t<a href="app-details.php"><img src="/static/img/games/spotlight-games-03.jpg" class="thumb"/></a>\n\t\t\t\t<h3><a href="app-details.php">Nombre del juego</a></h3>\n\t\t\t\t<p>Nulla facilisi. Nullam id nibh vel velit laoreet ultricies. Morbi laoreet gravi gravida magna in mollis. Duis dictum feugiat odio lorem facta. <a href="app-details.php">Leer mas sobre [Nombre del juego]</a>.</p>\n\t\t\t</article>
23	<p class="Standard"><strong>WWW.INFANTIUM.COM Y LAS AVENTURAS DE RUFI</strong></p>\n\n\n\n<h1><strong>Condiciones de Uso y Contratacin y poltica de privacidad</strong></h1>\n\t\t\t<p><strong>Fecha\nde publicacin: 14 de septiembre de 2012.</strong></p>\n\n<p class="Prrafodelista1"><strong>1. TITULARIDAD APLICACIN /\nTITULARIDAD DEL SITIO WEB.</strong></p>\n\n<p class="Prrafodelista1">La aplicacin Las aventuras de Rufi,\nen adelante la APLICACIN, es titularidad de la COMPAA INFANTIUM (en adelante INFANTIUM S.L. con domicilio en Vilanova i la Geltr,\nprovincia de Barcelona, en la calle Gaspar Aviny, nmero 23. C.P. 08.800</p>\n\n<p>INFANTIUM\nS.L. provista de CIF n B 65826349 e inscrita en el Registro Mercantil de\nBarcelona Datos registrales. T 43245 , F 114, S 8, H B 428870, I/A <a>1</a> </p>\n\n<p class="Prrafodelista1">DATOS DE CONTACTO</p>\n\n<p class="Prrafodelista1">hello@infantium.com</p><p class="Prrafodelista1">Telfono de\ncontacto: 902999343</p>\n\n<p class="Prrafodelista1"><strong>2.\nACEPTACIN CONDICIONES CONTRATACION.</strong></p>\n\n<p class="Standard">2.1 La aceptacin de\nlas presentes condiciones atribuye al aceptante la condicin de USUARIO de la\nAPLICACIN; la descarga, instalacin, ejecucin y/o el uso de la APLICACIN,\npor tanto, implica la aceptacin plena y sin reservas de todas y cada una de\nlas condiciones vigentes en el momento de la descarga de la APLICACIN.</p>\n\n<p class="Standard">2.2\nINFANTIUM S.L. se reserva el derecho de modificar estas condiciones de uso y\ncontratacin en cualquier momento, siendo obligacin del USUARIO revisar\nperidicamente las presentes condiciones y cumplir con las obligaciones\nestablecidas en la versin vigente en cada momento.</p>\n\n<p class="Standard"><strong>3. OBJETO.</strong></p>\n\n<p class="Standard">3.1. INFANTIUM S.L.\npone a disposicin de los USUARIOS la\ndescarga, instalacin, ejecucin y uso de la APLICACIN en su sitio web <a href="http://www.infantium.com/">www.infantium.com</a>, as como en el marketplace de Windows 8\n(Metro AppStore), Android Market y\nAppStore de Apple as como todos aquellos marketplace que en el futuro\nINFANTIUM S.L. decida para su comercializacin.</p>\n\n<p>3.2. La APLICACIN forma\nparte de una plataforma de juegos <strong>para dispositivos\ntctiles para nios de 0-6 aos, que\npermite estimular las habilidades cognitivas en las reas de pensamiento matemtico,\npensamiento simblico y lenguajes.</strong>Se trata de\nun plan adaptativo de juegos que permite individualizar el aprendizaje mediante\nla explotacin inteligente de datos. </p>\n\n<p class="Standard">3.3 El USUARIO para hacer uso de la\nAPLICACIN deber, si fuere necesario, cumplimentar el formulario de registro al\nefecto y aceptar las condiciones de uso y contratacin y la poltica de\nprivacidad previstas por INFANTIUM S.L..</p>\n\n<p class="Standard"><strong>4. EDAD</strong></p>\n\n<p class="Standard">4.1. La descarga de la\nAPLICACIN est dirigida a mayores de DIECIOCHO (18) aos o menores de edad\nbajo supervisin de un adulto. </p>\n\n<p class="Standard">4.2 El uso de la APLICACIN, dada la naturaleza de la misma esta dirigido a menores de edad, si bien este\nuso debe estar autorizado y tutorizado por los padres o representantes legales\nde los menores. INFANTIUM S.L. se exonera de cualquier responsabilidad por el\nuso no autorizado que realicen los menores.</p>\n\n<p class="Standard">4.2.\nSi es menor de DIECIOCHO AOS (18) la descarga y uso de la APLICACIN deber\nrealizarse con la autorizacin y supervisin de los padres o representantes\nlegales del menor.</p>\n\n<p class="Standard"><strong>5.\nCONDICIONES DE USO DE LA APLICACIN.</strong></p>\n\n<p class="Standard">5.1.\nSe entiende por USUARIO, aquel padre o representante legal del menor que\ndescarga la APLICACIN y cede el uso de la APLICAICON, bajo su supervisin, al\nmenor de edad, aceptando las condiciones de uso y contratacin as como la\npoltica de privacidad descrita en el presente documento.</p>\n\n<p class="Standard">5.2. INFANTIUM S.L. concede al USUARIO,\nuna licencia de instalacin y ejecucin de la APLICACIN,cuyas principales caractersticas se detallan a continuacin.</p>\n\n<p>5.3. La instalacin y ejecucin de la APLICACIN tiene\nel precio que se indica de forma previa a la aceptacin de las presentes\ncondiciones.</p>\n\n<p>5.4. INFANTIUM indicar la modalidad de adquisicin de\nlas APLICACIONES que podr realizarse por pago nico/suscripcin,\nindicando el precio en euros e incluyendo todos los impuestos aplicables en el\nmomento de compra de las APLICACIONES. INFANTIUM indicar la modalidad de\npago y el precio de forma previa a la aceptacin de las presentes condiciones\npor parte del USUARIO.</p>\n\n<p class="Standard">5.5.\nQueda prohibido cualquier uso comercial, reventa, distribucin o\ncomercializacin bajo cualquier forma por el USUARIO o por cualquier tercero\nsin autorizacin previa y expresa de INFANTIUM S.L..</p>\n\n<p class="Standard">5.6.\nAsimismo, el USUARIO ha de aceptar las condiciones legales descritas en el\npresente documento para llevar a cabo la instalacin y ejecucin de la\nAPLICACIN.</p>\n\n<p class="Standard">5.5 La APLICACIN permitir al USUARIO\ndiferentes acciones, entre ellas<a class="msocomanchor" id="_anchor_3" name="_msoanchor_3">[ngeles M3]</a>\nla evaluacin de la evolucin del nio segn estndares psicopedaggicos\npreviamente definidos por profesionales, la realizacin de actividades\ncomplementarias, as como la recomendacin de rutas de aprendizaje de refuerzo\na travs de otras aplicaciones relacionadas con la misma. </p>\n\n<p class="Standard">5.6 No es de aplicacin el derecho de\ndesistimiento tal como establece el artculo 102 letra c) de la Ley Defensa de Consumidores y Usuarios 1/2007\nde 17 de noviembre, al tratarse de una\nAPLICACIN suministrado por va electrnica y susceptible de ser descargado o\nreproducido de manera automtica para su uso permanente.</p>\n\n<p class="Standard"><strong>6. NORMAS DE USO DE LA APLICACIN.</strong></p>\n\n<p class="Standard">6.1. El USUARIO se compromete a\nrealizar un uso de la APLICACIN de acuerdo a la buena fe y a las normas\nnacionales y/o internacionales donde este ubicado.</p>\n\n<p class="Standard">6.2. El USUARIO se compromete a\nNO incluir en la APLICACIN contenidos que renan algunas de las siguientes caractersticas:</p>\n\n<p class="Standard">6.2.1. Contenidos que sean\ncontrarios al orden pblico.</p>\n\n<p class="Standard">6.2.2. Contenidos cuyos derechos\nde propiedad intelectual pertenecen a un tercero, sin contar con autorizacin\npara su publicacin.</p>\n\n<p class="Standard">6.2.3. Contenidos ofensivos o\naquellos que supongan amenazas o insultos graves.</p>\n\n<p class="Standard">6.2.4. Contenidos que atenten\ncontra la infancia o contra bienes especialmente protegidos por el ordenamiento\njurdico espaol.</p>\n\n<p class="Standard">6.2.5. Contenidos relacionados\ncon productos cuya publicidad o promocin est regulada por las leyes o\nrestringida a determinados grupos.</p>\n\n<p class="Standard">6.2.6. Cualquier otro tipo de\ncontenido lesivo que incite a la violencia o la discriminacin, bajo cualquier\nforma, a juicio de INFANTIUM S.L..</p>\n\n<p class="Standard">6.3. La\naplicacin se ofrece para su descarga, instalacin y ejecucin en la forma en\nque se encuentra disponible en cada momento. El USUARIO se compromete a no\nmodificar la APLICACIN bajo cualquier forma, as como a no eludir, desactivar\no interferir en las funciones relacionadas con la seguridad de la APLICACIN.</p>\n\n<p class="Standard">6.4. INFANTIUM S.L. tiene derecho a borrar y/o editar, cualquier\ncontenido que incumpla cualquiera de las normas y obligaciones descritas en\nestos trminos legales o pueda ser considerado inapropiado por INFANTIUM S.L..</p>\n\n<p class="Standard">6.5. En\ncaso de que el USUARIO o cualquier tercero tenga conocimiento de alguna\nvulneracin de las aqu descritas u otras que pudieran lesionar bienes,\nderechos o intereses protegibles, deber ponerse inmediatamente en contacto con\nINFANTIUM S.L. a travs de la direccin\nde correo electrnico hello@infantium.com indicando la supuesta vulneracin.\nINFANTIUM S.L., una vez que reciba la comunicacin, emplear la mxima\ndiligencia en la atencin y resolucin de la misma.</p>\n\n<p class="Standard"><strong>7. PROTECCION DE DATOS DE CARCTER PERSONAL.</strong></p>\n\n<p class="Standard">7.1.\nLos datos de carcter personal que proporcione el USUARIO formarn parte de un\nfichero titularidad de la INFANTIUM S.Lcon la finalidad de gestionar la\nrelacin con el USUARIO y mantenerle informado sobre las novedades, promociones\ny nuevos servicios de INFANTIUM S.L. que\npuedan ser de su inters, por cualquier canal, incluido el electrnico.</p>\n\n<p class="Standard">7.2.\nINFANTIUM S.L. manifiesta que toda la\ninformacin ser tratada de forma confidencial, implementando todas las medidas\nde seguridad que considere adecuadas y proporcionales para garantizar la\nseguridad de sus datos de carcter personal.</p>\n\n<p class="Standard">7.3.\nEl USUARIO podr, en cualquier momento, ejercer los derechos de acceso,\nrectificacin, oposicin o cancelacin; para ello, ha de remitir una carta o\ncorreo electrnico manifestando el derecho que desea ejercer, adjuntando una\ncopia de un documento nacional de identidad\na la direccin postal y/o electrnica de la INFANTIUM S.L., arriba\nindicadas.</p>\n\n<p class="Standard">7.4.\nEn el uso de la APLICACIN el USUARIO se compromete a conocer, aceptar y\ncumplir con las polticas de uso y privacidad propias de las redes sociales en\nlas que la APLICACIN este integrada. El incumplimiento de estas polticas\nsupondr, asimismo, un incumplimiento a efecto de las presentes condiciones.</p>\n\n<p class="Standard">7.6\nINFANTIUM S.L podr instalar dispositivos de almacenamiento y recuperacin de\ndatos, tambin llamadas cookies, en su ordenador con el fin de conocer\ninformacin de los visitantes a su web. En ningn caso dichos datos se tratan de\ndatos personales. Su navegador, en ocasiones, generar un mensaje instantneo\nel cual brindar la posibilidad a los visitantes de la web de oponerse a la\ninstalacin de los citados dispositivos.</p>\n\n<p class="Standard">7.7\nEn el caso de oponerse a la instalacin de cookies, la navegacin la web no se\nver afectada de forma alguna. </p>\n\n<p class="Standard">7.8.\nPor otro lado, en el supuesto de que su navegador no le facilite esta\nposibilidad de forma automtica, Vd. Podr inhibir la instalacin de las mismas\nsiguiendo las instrucciones de su navegador. </p>\n\n<p class="Standard"><strong>8. PROPIEDAD INTELECTUAL E INDUSTRIAL</strong></p>\n\n<p class="Standard">8.1.\nINFANTIUM S.L. es titular de los\nderechos de propiedad intelectual e industrial, o ha obtenido las\nautorizaciones o licencias correspondientes para su explotacin, sobre la\nAPLICACIN y el resto de obras e invenciones relacionadas en la APLICACIN y la\ntecnologa asociada al mismo, as como sobre sus contenidos.</p>\n\n<p class="Standard">8.2.\nLos contenidos de este sitio web, incluyendo diseos, aplicaciones, texto,\nimgenes y cdigo fuente (Contenido), estn protegidos por derechos de\npropiedad intelectual e industrial.</p>\n\n<p class="Standard">8.3. De\nninguna forma la APLICACIN se podr utilizar, reproducir, copiar o transmitir\nsin el permiso previo, escrito y explcito de INFANTIUM S.L.</p>\n\n<p class="Standard">8.4. INFANTIUM S.L. concede a los USUARIOS\nuna licencia de instalacin y uso no comercial de la APLICACIN<strong>,</strong> de carcter limitado y por un perodo\nde tiempo ilimitado, no suponiendo en ningn caso, para el USUARIO, derecho de modificacin\no redistribucin de la APLICACIN.Los\nlmites de uso, tiempo y trminos econmicos de la APLICACIN podrn variar en\nfuncin de las versiones de la APLICACIN y ser actualizados peridicamente por\nel USUARIO<strong>.</strong></p>\n\n<p class="Standard">8.5. El\nUSUARIO es el nico responsable de los contenidos incorporados a la APLICACIN,afirmando que cuenta con todos los consentimientos y\nautorizaciones para la publicacin del contenido, exonerando\nde cualquier responsabilidad a INFANTIUM S.L.</p>\n\n<p class="Standard">8.6. El\nUSUARIO otorga a INFANTIUM S.L. una\nlicencia gratuita, no exclusiva, universal, sin limitacin geogrfica ni\ntemporal sobre los contenidos incorporados en el SITIO WEB relativo a la <a>APLICACIN</a>(tales\ncomo propuestas de actividades, comentarios, preguntas, dudas. Etc.), de uso y\nexplotacin, para su publicacin, modificacin, transformacin, recopilacin,\ncomunicacin pblica y explotacin, bajo cualquier forma.</p>\n\n<p class="Standard"><strong>9.\nEXONERACION DE RESPONSABILIDAD</strong></p>\n\n<p class="Standard">9.1.INFANTIUM S.L. no se hace responsable\nde la transmisin de los resultados negativos o potencialmente lesivos del uso,\ninstalacin o ejecucin de la APLICACIN causados en el dispositivo del USUARIO\nque estn provocadas por la accin u omisin de terceros o por un uso\ninadecuado de la APLICACIN por parte del USUARIO.</p>\n\n<p class="Standard">9.2. INFANTIUM S.L. no se hace responsable de la informacin o\nlos contenidos generados por los USUARIOS, utilizando la APLICACIN o en\nrelacin con la misma, ni del uso normal o anormal de los mismos por parte del\nUSUARIO o de terceros.</p>\n\n<p class="Standard">9.3. INFANTIUM S.L. no garantiza la disponibilidad, integridad y\nejecutabilidad de la APLICACIN en el dispositivo del USUARIO, ni su correcta\nintegracin con todos los sitios web o dispositivos que admitan la introduccin\nde texto a travs de una funcionalidad propia.</p>\n\n<p class="Standard">9.4. INFANTIUM S.L. no asume ninguna responsabilidad sobre el uso\nque los menores de edad realicen de la APLICACIN, asumiendo la responsabilidad\ndel uso los padres representantes\nlegales de los menores, exonerando a INFANTIUM S.L. de cualquier responsabilidad al respecto.</p>\n\n<p class="Standard"/>\n\n<p class="Standard"><strong>10. LEGISLACION APLICABLE Y FUERO.</strong></p>\n\n<p class="Standard">10.1. En lo previsto en el presente contrato, as como\nen la interpretacin y resolucin de conflictos que pudieran surgir entre las\npartes, ser de aplicacin la legislacin espaola.</p>\n\n<p class="Standard">10.2. Las\npartes, con renuncia expresa a cualquier fuero, que, conforme a derecho pudiera\ncorresponderles, se someten a la jurisdiccin de los Juzgados y Tribunales de\nBarcelona.</p>\n\n\n\n<hr class="msocomoff"/>\n\n\n\n\n\n<a name="_msocom_1"/>\n\n<p class="MsoCommentText"/>\n\n\n\n\n\n\n\t\t\t
19	<h2><a href="metodo-infantium.php">Infantium Method</a></h2>\n\t\t\t<article>\n\t\t\t\t<h3>Adaptive Learning</h3>\n\t\t\t\t<p>Adaptive learning gaming technology that ensures cognitive development. It responds to each child's individual performance and pace, delivering personalized learning thorugh multiple paths. <a href="metodo-infantium.php#logica">Read more</a></p>\n\t\t\t</article>\n\t\t\t<article>\n\t\t\t\t<h3>Multiple Intelligences</h3>\n\t\t\t\t<p>Learning occurs by stimulating the children's different intelligences, giving the motivation to learn in the ways that they learn best: spatial, linguistic, mathematic, musical, bodily. <a href="metodo-infantium.php#representacion-mental">Read More</a></p>\n\t\t\t</article>\n\t\t\t<article>\n\t\t\t\t<h3>Gamified Game-based learning</h3>\n\t\t\t\t<p>Transformation for Early learners will come from positive encouragement, right motivation, rewards and parent engagement. We engage children providing the best educational opportunities.<a href="metodo-infantium.php#lenguaje">Read More</a></p>\n\t\t\t</article>
24	<h2><a href="http://inf-djangoprd01.cloudapp.net/static/cms/wymeditor/iframe/default/metodo-infantium.php">Mtodo</a><a href="metodo-infantium.php">I</a><a href="metodo-infantium.php">nfantium</a></h2>\n\t\t\t<article>\n\t\t\t\t<h3>Aprendizaje adaptativo</h3>\n\t\t\t\t<p>la tecnologa de aprendizaje adaptativo permite individualizar el proceso de aprendizaje segn las necesidades, ritmo y nivel de cada nio, creando mltiples itinerarios de aprendizaje. <a href="metodo-infantium.php#logica">Ms informacin</a></p>\n\t\t\t</article>\n\t\t\t<article>\n\t\t\t\t<h3>Inteligencias Mtiples</h3>\n\t\t\t\t<p>El aprendizaje se produce estimulando las mltiples inteligencias de los nios agrupadas en diferentes reas cognitivas: espacial, matemtica, lingstica, musical, etc. la plataforma de infantium se adapta a la forma en que cada nio aprendey entiende el mundo. <a href="metodo-infantium.php#representacion-mental">Ms informacin</a></p>\n\t\t\t</article>\n\t\t\t<article>\n\t\t\t\t<h3>Aprendizaje basado en juegos y gamificacin</h3><p>La plataforma no slo crea rutas especiales para cada nio, sino que gracias a la gamificacin de cada actividad, con la ayuda de padres y educadores, crea un entorno virtual educativo donde los nios desarrollan habilidades necesarias para crecer en un mundo complejo<a href="http://inf-djangoprd01.cloudapp.net/static/cms/wymeditor/iframe/default/metodo-infantium.php#representacion-mental">Ms informacin</a></p>\n\t\t\t</article>
26	<h2><a href="http://inf-djangoprd01.cloudapp.net/static/cms/wymeditor/iframe/default/metodo-infantium.php">Mtodo</a><a href="metodo-infantium.php">I</a><a href="metodo-infantium.php">nfantium</a></h2>\n\t\t\t<article>\n\t\t\t\t<h3>Aprendizaje adaptativo</h3>\n\t\t\t\t<p>la tecnologa de aprendizaje adaptativo permite individualizar el proceso de aprendizaje segn las necesidades, ritmo y nivel de cada nio, creando mltiples itinerarios de aprendizaje. <a href="metodo-infantium.php#logica">Ms informacin</a></p>\n\t\t\t</article>\n\t\t\t<article>\n\t\t\t\t<h3>Inteligencias Mtiples</h3>\n\t\t\t\t<p>El aprendizaje se produce estimulando las mltiples inteligencias de los nios agrupadas en diferentes reas cognitivas: espacial, matemtica, lingstica, musical, etc. la plataforma de infantium se adapta a la forma en que cada nio aprendey entiende el mundo. <a href="metodo-infantium.php#representacion-mental">Ms informacin</a></p>\n\t\t\t</article>\n\t\t\t<article>\n\t\t\t\t<h3>Aprendizaje basado en juegos y gamificacin</h3><p>La plataforma no slo crea rutas especiales para cada nio, sino que gracias a la gamificacin de cada actividad, con la ayuda de padres y educadores, crea un entorno virtual educativo donde los nios desarrollan habilidades necesarias para crecer en un mundo complejo<a href="http://inf-djangoprd01.cloudapp.net/static/cms/wymeditor/iframe/default/metodo-infantium.php#representacion-mental">Ms informacin</a></p>\n\t\t\t</article>
31	<div class="content app-description">\n\t\t\t<article>\n\t\t\t<h2>Descripcion del juego</h2>\n\t\t\t<p>Maecenas in magna nec velit cursus commodo. Cras nec gravida neque. Nulla facilisi. Curabitur porta, sapien eget feugiat facilisis. Nunc lacinia, arcu nec tincidunt auctor, lorem turpis placerat mi, eget rutrum tortor leo at erat. Curabitur nisl turpis, pellentesque eget pulvinar ac, aliquam a mi. Fusce hendrerit, lacus imperdiet commodo sodales.</p>\n\t\t</article>\n\t\t\n\t\t\t\t\t\t\t\t<article>\n\t\t\t\t\t\t<h2>Nombre del juego</h2>\n\t\t\t\t\t\t<p><img src="/static/img/games/app-detail-game-01.jpg" class="al"/>Maecenas in magna nec velit cursus commodo. Cras nec gravida neque. Nulla facilisi. Curabitur porta, sapien eget feugiat facilisis. Nunc lacinia, arcu nec tincidunt auctor, lorem turpis placerat mi, eget rutrum tortor leo at erat. Curabitur nisl turpis, pellentesque eget pulvinar ac, aliquam a mi. Fusce hendrerit, lacus imperdiet commodo sodales.</p>\n\t\t\t\t\t</article>\n\t\t\t\t\t\t\t\t\t<article>\n\t\t\t\t\t\t<h2>Nombre del juego</h2>\n\t\t\t\t\t\t<p><img src="/static/img/games/app-detail-game-02.jpg" class="al"/>Maecenas in magna nec velit cursus commodo. Cras nec gravida neque. Nulla facilisi. Curabitur porta, sapien eget feugiat facilisis. Nunc lacinia, arcu nec tincidunt auctor, lorem turpis placerat mi, eget rutrum tortor leo at erat. Curabitur nisl turpis, pellentesque eget pulvinar ac, aliquam a mi. Fusce hendrerit, lacus imperdiet commodo sodales.</p>\n\t\t\t\t\t</article>\n\t\t\t\t\t\t\t\t\t<article>\n\t\t\t\t\t\t<h2>Nombre del juego</h2>\n\t\t\t\t\t\t<p><img src="/static/img/games/app-detail-game-03.jpg" class="al"/>Maecenas in magna nec velit cursus commodo. Cras nec gravida neque. Nulla facilisi. Curabitur porta, sapien eget feugiat facilisis. Nunc lacinia, arcu nec tincidunt auctor, lorem turpis placerat mi, eget rutrum tortor leo at erat. Curabitur nisl turpis, pellentesque eget pulvinar ac, aliquam a mi. Fusce hendrerit, lacus imperdiet commodo sodales.</p>\n\t\t\t\t\t</article>\n\t\t\t\t\t\t\t\n\t\t\t<article>\n\t\t\t\t<p><a class="cta">Disponible en el <strong>Microsoft Store</strong></a></p>\n\t\t\t</article>\n</div>
45	<h1 class="blue">Help Us Spread the Word!</h1>\n<h2>If you recommend us and at least one friend joins, <span class="green">youll get free early access</span> and individualized pedagogical support for you and your kid when you need it. Please help us to spread the word!</h2>
46	<h1><span class="yellow">Coming Soon!/ Upcoming Launch</span></h1>\n<h3>Well soon see the light. It will with Microsoft Windows 8 official release!</h3>
48	La <span class="strong">tecnologa adaptativa de Infantium</span> personaliza la educacin de cada <span class="strong">nio individualmente</span> 
32	<h2><a href="metodo-infantium.php">Metodo Infantium</a></h2>\n\t\t\t<article>\n\t\t\t\t<h3><a href="metodo-infantium.php#logica">Logica</a></h3>\n\t\t\t\t<p>Nulla facilisi. Nullam id nibh vel velit laoreet ultricies. Morbi laoreet gravi gravida magna in mollis. Duis dictum feugiat odio lorem facta. <a href="metodo-infantium.php#logica">Leer mas sobre logica.</a></p>\n\t\t\t</article>\n\t\t\t<article>\n\t\t\t\t<h3><a href="metodo-infantium.php#representacion-mental">Representacion mental</a></h3>\n\t\t\t\t<p>Nulla facilisi. Nullam id nibh vel velit laoreet ultricies. Morbi laoreet gravi gravida magna in mollis. Duis dictum feugiat odio lorem facta. <a href="metodo-infantium.php#representacion-mental">Leer mas sobre representacion mental.</a></p>\n\t\t\t</article>\n\t\t\t<article>\n\t\t\t\t<h3><a href="metodo-infantium.php#lenguaje">Lenguaje</a></h3>\n\t\t\t\t<p>Nulla facilisi. Nullam id nibh vel velit laoreet ultricies. Morbi laoreet gravi gravida magna in mollis. Duis dictum feugiat odio lorem facta. <a href="metodo-infantium.php#lenguaje">Leer mas sobre lenguaje.</a></p>\n\t\t\t</article>\n
34	<h2><a href="metodo-infantium.php">Metodo Infantium</a></h2>\n\t\t\t<article>\n\t\t\t\t<h3><a href="metodo-infantium.php#logica">Logica</a></h3>\n\t\t\t\t<p>Nulla facilisi. Nullam id nibh vel velit laoreet ultricies. Morbi laoreet gravi gravida magna in mollis. Duis dictum feugiat odio lorem facta. <a href="metodo-infantium.php#logica">Leer mas sobre logica.</a></p>\n\t\t\t</article>\n\t\t\t<article>\n\t\t\t\t<h3><a href="metodo-infantium.php#representacion-mental">Representacion mental</a></h3>\n\t\t\t\t<p>Nulla facilisi. Nullam id nibh vel velit laoreet ultricies. Morbi laoreet gravi gravida magna in mollis. Duis dictum feugiat odio lorem facta. <a href="metodo-infantium.php#representacion-mental">Leer mas sobre representacion mental.</a></p>\n\t\t\t</article>\n\t\t\t<article>\n\t\t\t\t<h3><a href="metodo-infantium.php#lenguaje">Lenguaje</a></h3>\n\t\t\t\t<p>Nulla facilisi. Nullam id nibh vel velit laoreet ultricies. Morbi laoreet gravi gravida magna in mollis. Duis dictum feugiat odio lorem facta. <a href="metodo-infantium.php#lenguaje">Leer mas sobre lenguaje.</a></p>\n\t\t\t</article>\n
35	<div class="content app-description">\n\t\t\t<article>\n\t\t\t<h2>Descripcion del juego</h2>\n\t\t\t<p>Maecenas in magna nec velit cursus commodo. Cras nec gravida neque. Nulla facilisi. Curabitur porta, sapien eget feugiat facilisis. Nunc lacinia, arcu nec tincidunt auctor, lorem turpis placerat mi, eget rutrum tortor leo at erat. Curabitur nisl turpis, pellentesque eget pulvinar ac, aliquam a mi. Fusce hendrerit, lacus imperdiet commodo sodales.</p>\n\t\t</article>\n\t\t\n\t\t\t\t\t\t\t\t<article>\n\t\t\t\t\t\t<h2>Nombre del juego</h2>\n\t\t\t\t\t\t<p><img src="/static/img/games/app-detail-game-01.jpg" class="al"/>Maecenas in magna nec velit cursus commodo. Cras nec gravida neque. Nulla facilisi. Curabitur porta, sapien eget feugiat facilisis. Nunc lacinia, arcu nec tincidunt auctor, lorem turpis placerat mi, eget rutrum tortor leo at erat. Curabitur nisl turpis, pellentesque eget pulvinar ac, aliquam a mi. Fusce hendrerit, lacus imperdiet commodo sodales.</p>\n\t\t\t\t\t</article>\n\t\t\t\t\t\t\t\t\t<article>\n\t\t\t\t\t\t<h2>Nombre del juego</h2>\n\t\t\t\t\t\t<p><img src="/static/img/games/app-detail-game-02.jpg" class="al"/>Maecenas in magna nec velit cursus commodo. Cras nec gravida neque. Nulla facilisi. Curabitur porta, sapien eget feugiat facilisis. Nunc lacinia, arcu nec tincidunt auctor, lorem turpis placerat mi, eget rutrum tortor leo at erat. Curabitur nisl turpis, pellentesque eget pulvinar ac, aliquam a mi. Fusce hendrerit, lacus imperdiet commodo sodales.</p>\n\t\t\t\t\t</article>\n\t\t\t\t\t\t\t\t\t<article>\n\t\t\t\t\t\t<h2>Nombre del juego</h2>\n\t\t\t\t\t\t<p><img src="/static/img/games/app-detail-game-03.jpg" class="al"/>Maecenas in magna nec velit cursus commodo. Cras nec gravida neque. Nulla facilisi. Curabitur porta, sapien eget feugiat facilisis. Nunc lacinia, arcu nec tincidunt auctor, lorem turpis placerat mi, eget rutrum tortor leo at erat. Curabitur nisl turpis, pellentesque eget pulvinar ac, aliquam a mi. Fusce hendrerit, lacus imperdiet commodo sodales.</p>\n\t\t\t\t\t</article>\n\t\t\t\t\t\t\t\n\t\t\t<article>\n\t\t\t\t<p><a class="cta">Disponible en el <strong>Microsoft Store</strong></a></p>\n\t\t\t</article>\n</div>
6	<h2>Rufi Adventures</h2><article>\n\t\t\t\t<a href="app-details.php"><img src="/static/img/games/spotlight-games-01.jpg" class="thumb"/></a>\n\t\t\t\t<h3><a href="app-details.php">Meet Rufi</a></h3><p>Meet Rufi, Oswald and Somnus. Read their story and why learning will never be the same again in early childhood education.<a href="https://beta.infantium.com/static/cms/wymeditor/iframe/default/app-details.php">Read More</a></p>\n\t\t\t</article><article>\n\t\t\t\t<a href="app-details.php"><img src="/static/img/games/spotlight-games-02.jpg" class="thumb"/></a>\n\n\t\t\t\t<h3><a href="app-details.php">The Conversation</a></h3>\n\t\t\t\t<p>Read our blog for new product development and research, to know more about our partners, and to find out how to combine the online learning with extra activities defined by educators to get the maximum for your child, and ask if you want tips of have doubts</p>\n\t\t\t</article><article>\n\t\t\t\t<a href="app-details.php"><img src="/static/img/games/spotlight-games-03.jpg" class="thumb"/></a>\n\t\t\t\t<h3><a href="app-details.php">Meet the Team</a></h3>\n\t\t\t\t<p>Want to meet the team? Read here about our vision and mission on the future of eartly childhood education, and the great partners that are researching to get the most from adaptive learning</p>\n\n\t\t\t</article>
36	<h2>Rufi Adventures</h2><article>\n\t\t\t\t<a href="app-details.php"><img src="/static/img/games/spotlight-games-01.jpg" class="thumb"/></a>\n\t\t\t\t<h3><a href="app-details.php">Meet Rufi</a></h3><p>Meet Rufi, Oswald and Somnus. Read their story and why learning will never be the same again in early childhood education.<a href="https://beta.infantium.com/static/cms/wymeditor/iframe/default/app-details.php">Read More</a></p>\n\t\t\t</article><article>\n\t\t\t\t<a href="app-details.php"><img src="/static/img/games/spotlight-games-02.jpg" class="thumb"/></a>\n\n\t\t\t\t<h3><a href="app-details.php">The Conversation</a></h3>\n\t\t\t\t<p>Read our blog for new product development and research, to know more about our partners, and to find out how to combine the online learning with extra activities defined by educators to get the maximum for your child, and ask if you want tips of have doubts</p>\n\t\t\t</article><article>\n\t\t\t\t<a href="app-details.php"><img src="/static/img/games/spotlight-games-03.jpg" class="thumb"/></a>\n\t\t\t\t<h3><a href="app-details.php">Meet the Team</a></h3>\n\t\t\t\t<p>Want to meet the team? Read here about our vision and mission on the future of eartly childhood education, and the great partners that are researching to get the most from adaptive learning</p>\n\n\t\t\t</article>
40	The <span class="strong">Infantium's adaptive learning technology</span> personalizes the education of every <span class="strong">individual child</span>
49	<h1>Aprendizaje adaptativo para bebs y nios!</h1>\n<h2>Infantium es una <span class="green">plataforma de desarrollo cognitivo para nios de 0-6 aos</span> que permite estimular la adquisicin de competencias en las reas de lgica, pensamiento simblico y lenguajes <span class="pink">al ritmo y velocidad que cada nio necesita</span>, reforzando <span class="yellow">la interaccin con los padres</span> y el aprendizaje en centros de educacin infantil. </h2>
50	<h3><span class="blue">Aprendizaje adaptativo</span></h3>\n<h5>La tecnologa adaptativa de Infantium permite individualizar el proceso de aprendizaje segn las necesidades, ritmo y nivel de cada nio, creando mltiples itinerarios de aprendizaje.</h5>   
51	<h3><span class="blue">Inteligencias Mtiples</span></h3>\n                        <h5>El aprendizaje se produce estimulando las mltiples inteligencias de los nios agrupadas en diferentes reas cognitivas: espacial, matemtica, lingstica, musical, etc. la plataforma de infantium se adapta a la forma en que cada nio aprende y entiende el mundo.</h5>
52	<h3><span class="blue">Aprendizaje basado en juegos y gamificacin (GBL)</span></h3>\n<h5>La plataforma no slo crea rutas especiales para cada nio, sino que gracias a la gamificacin de cada actividad, con la ayuda de padres y educadores, crea un entorno virtual educativo donde los nios desarrollan habilidades necesarias para crecer en un mundo complejo.</h5>
53	<h1 class="blue">Aydanos a correr la voz!</h1>\n<h2>Si nos recomiendas y al menos uno de tus amigos se une, no slo <span class="green">conseguirs acceso gratuito a la plataforma</span>, sino que podrs tener soporte pedaggico para tu hijo personalizado cuando lo necesites. Aydanos a correr la voz!</h2>
54	<h1><span class="yellow">Prximo Lanzamiento</span></h1>\n                            <h3>Nos queda muy poco para ver la luz, y lo haremos con el prximo lanzamiento de Microsoft Windows 8. </h3>
55	<h1><span class="green">Conoce nuestra historia</span></h1>\n                            <h3>Conoce nuestra visin, misin, y descubre por qu el aprendizaje ya nunca ser el mismo. No estamos solos! grandes partners y colaboradores estn ayudndonos a que sea posible.</h3>
5	<div class="span9">\n\t<p>Metodo Infantium</p>\n\t<h2 class="green">Los nios son el recurso ms importante del mundo y la mejor esperanza para el futuro.</h2>\n\n<h3 class="orange">John Fitzgerald Kennedy<em>(1917-1963)\nPoltico estadounidense.</em></h3>\n<p>Son muchos los estudios que\nmuestran el impacto que tienen los primeros aos de vida en el desarrollo\ncognitivo de las personas, incluyendo el desarrollo de la inteligencia, de la\npersonalidad y del comportamiento social en aos posteriores.</p>\n</div>\n\n<div class="span9">\n\t\t\t<p>En infantium creemos que es\n\t\t\tnecesario fortalecer el aprendizaje del nio desde los primeros aos, para que\n\t\t\tstos puedan optimizar y acelerar la\n\t\t\tadquisicin de habilidades que sern claves no slo en etapa escolar posterior,\n\t\t\tsino en un mundo cada vez ms complejo, y que requiere de nuevas competencias\n\t\t\tms all de las que proporciona la enseanza tradicional. </p>\n</div>\n\n<div class="span8 well">\n\t\t\t\t<span class="blue">Infantium es una plataforma de\n\tdesarrollo cognitivo para nios de 0-6 aos que permite estimular la\n\tadquisicin de competencias en las reas de lgica, pensamiento simblico y\n\tlenguajes al ritmo y velocidad que cada nio necesita, reforzando la\n\tinteraccin con los padres y el aprendizaje en centros de educacin infantil. </span>\n</div>\n\n<div class="span9">\n\t<img class="img-center" src="/static/img/infantium-method/rufi-reads.png">\n</div>\n\n<hr>\n<div class="span9">\n\t<h2 class="blue">Los tres pilares esenciales de esta\n\tplataforma son:</h2>\t\t\t\n\t<h2 class="green">Tecnologa Adaptativa de Aprendizaje</h2>\n\n\t<h3 class="orange">Qu s?</h3>\n\n\t<p>El aprendizaje adaptativo se basa en el uso de dispositivos\n\telectrnicos (ordenadores, tablets, etc.) como dispositivo interactivo de enseanza, para adaptar los contenidos a las necesidades\n\tconcretas de cada persona. Se trata de\n\tuna tecnologa que incorpora aspectos derivados de diversas disciplinas como <em>big data</em>, ingeniera informtica, psicologa o\n\tpedagoga. </p>\n\n\t<p>La plataforma de aprendizaje adaptativo de Infantium tiene\n\tcomo objetivo transformar al nio en impulsor de su propio proceso de\n\taprendizaje y desarrollo cognitivo, y que sea no un simple receptor de\n\tcontenidos digitales. Para ello:</p>\n\n\t<ul class="cms-ul well well-large">\t\n\t\t<li><span class="badge badge-info">1</span>\n\t\tEl sistema analiza datos relativos a las\n\t\testrategias de resolucin que cada nio emplea en la resolucin de actividades\n\t\t( interaccin con elementos visuales y sonoros, errores, tiempos de ejecucin, mecanismos\n\t\tde discriminacin lgica, etc.) Para determinar diferentes itinerarios o rutas\n\t\tde aprendizaje adaptadas al nivel particular</li>\n\n\t\t<li><span class="badge badge-info">2</span>\n\t\tGracias al anlisis de datos, el sistema\n\t\tindividualiza el proceso de aprendizaje adaptndose al nivel, ritmo y necesidad\n\t\tde cada nio, obteniendo informacin en tiempo real sobre su rendimiento. </li>\n\n\t\t<li><span class="badge badge-info">3</span>\n\t\tLa plataforma evala destrezas, habilidades y flaquezas del nio, y analiza que procesos\n\t\ty mecanismos hay implcitos en las estrategias y respuestas de los nios, para\n\t\tconocer cuales son los elementos lgico-representativos que se producen durante\n\t\tlos primeros aos de vida y que son los precursores del desarrollo representativo\n\t\tdel segundo ao, indispensables para el pensamiento operativo posterior</li>\n\n\t\t<li><span class="badge badge-info">4</span>\n\t\tEn funcin de este anlisis, el sistema crea un\n\t\tplan adaptivo de juegos no slo dentro del juegos, sino de recomendacin\n\t\tposterior de actividades para as lograr un mejor desarrollo cognitivo, basndose\n\t\ten el historial del nio.</li>\n\n\t\t<li><span class="badge badge-info">5</span>\n\t\tFinalizada la actividad, los padres (o\n\t\tprofesores) pueden acceder a un report de rendimiento y evolucin del nio.</li>\n\t</ul>\n</div>\n<div class="span9">\n\t<h2 class="green">Evaluacin acorde con las Inteligencias Mltiples (IM)</h2>\n\t<p>Quien es ms inteligente Einstein o Messi? Ghandi, Picasso, Garca\n\tMrquez, Mozart? En realidad, todos\n\tellos poseen inteligencias extraordinarias que pertenecen a campos diferentes tal\n\ty como explica la teora de las Inteligencias Mltiples (IM), formulada por Howard\n\tGardner (psiclogo y profesor de neurociencia en Harvard) en 1983. La teora\n\tparte de la base de que la inteligencia <span class='blue"'>no es un bloque unitario, sino una\n\tinterrelacin de diferentes capacidades y destrezas</span> correspondientes a un\n\tconjunto de IM distintas e independientes que pueden actuar juntas, o por\n\tseparado. Es decir, Einstein no es ms ni menos inteligente que Michael Jordan,\n\tsimplemente sus inteligencias pertenecen a campos diferentes.</p>\n\n\t<p>La teora supone un punto de inflexin para los sistemas\n\teducativos, ya que la inteligencia siempre se ha considerado algo innato e\n\tinamovible. Es decir: se naca inteligente o no, y la educacin no poda\n\tcambiar ese hecho. </p>\n\n\t<p>Son ocho las inteligencias que se proponen:\n\tlgico-matemtica, lingstico-verbal, corporal-kinestsica, espacial, musical,\n\tinterpersonal, intrapersonal y naturalista. Precisamente Gadner critica que todas\n\tlas inteligencias son igualmente importantes y el problema sera que el sistema\n\tescolar vigente no las trata por igual, sino que prioriza las dos primeras (la\n\tinteligencia lgico -matemtica y la inteligencia lingstica). </p>\n\n\t<p>La plataforma de Infantium se basa en esta premisa. Para ello se han extrado toda una serie de\n\tindicadores que se utilizan para realizar el <strong>anlisis de datos individual de cada nio </strong>\n\t(detectar cuales son sus destrezas, capacidades o inteligencias)\n\t y en funcin del resultado <strong> realizar recomendaciones de juego y actividades </strong>que\n\testimulen el resto de habilidades, con los contenidos adecuados en la forma adecuada para cada nio.\n\tLas actividades (juegos) incluyen indicadores relativos a:</p>\n\n\t<ul class="cms-ul well well-large">\t\t\n\t\t<li><span class="badge badge-success">1</span>\n\t\t<span class="green">Lingstica:</span> en relacin a la capacidad de comprensin\n\t\ty expresiva </li>\n\n\t\t<li><span class="badge badge-success">2</span>\n\t\t<span class="green">Lgica-Matemtica:</span> capacidad de analizar\n\t\tproblemas de forma lgica, operaciones matemticas (infantil) </li>\n\n\t\t<li><span class="badge badge-success">3</span>\n\t\t<span class="green">Musical:</span> detectar y crear patrones musicales, reconocimiento\n\t\tde ritmos y tonos (analizada de formal paralela con la lingstica). </li>\n\n\t\t<li><span class="badge badge-success">4</span>\n\t\t<span class="green">Espacial:</span> comprensin de crear imgenes\n\t\tmentales, visualizacin, pensamiento y razonamiento simblico </li>\n\n\t\t<li><span class="badge badge-success">5</span>\n\t\t<span class="green">Corporal-Cintica:</span> Consiste en la capacidad para\n\t\trealizar actividades que requieren rapidez, flexibilidad, o coordinacin\n\t\tculo-manual. Tambin se incluyen trabajos manuales o expresin\n\t\tcorporal.</li>\n\n\t\t<li><span class="badge badge-success">6</span>\n\t\t<span class="green">Naturalista:</span> capacidades de observacin e\n\t\tidentificacin del mundo natural </li>\n\n\t\t<li><span class="badge badge-success">7</span>\n\t\tLa evaluacin que realiza infantium -y que ofrece\n\t\treports sobre la evolucin -permite que\n\t\ttanto padres como profesores puedan obtener informacin personalizada sobre los\n\t\tlos ms pequeos. La agregacin de datos en real-time permite un conocimiento total del nio. As Infantium responde a la\n\t\tnecesidad imperante de cambiar modelos educativos basados simplemente en\n\t\tlas habilidades lingsticas y matemticas, complementndolo con el desarrollo\n\t\tde conocimientos ligados a otras reas que permiten un desarrollo cognitivo\n\t\tcompleto.</li>\n\t</ul>\n</div>\n<hr>\n<div class="span10">\n\n\t<h2 class="blue">Aprendizaje Basado en Juegos (GBL) y Gamificacin</h2>\n\t<h2 class="green">Los juegos infantiles no son tales juegos, sino sus ms serias actividades.</h2>\n\t\n</div>\n<div class="span9">\n\t<img class="img-center img-polaroid" src="/static/img/infantium-method/children-love-play.png">\n</div>\n<div class="span9">\n\t<h3 class="orange">Michel Eyquem de Montaigne<em>(1533-1592)\n\tEscritor y filsofo francs.</em></h3>\n\t<p>El Homo\n\tLudens (el hombre que juega) fue un trmino acuado por Johan Hizinga, uno de\n\tlos primeros en <strong>reconocer en el juego uno de los rasgos ms caractersticos de\n\tla humanidad </strong>. El juego se encuentra en las races del desarrollo cognitivo,\n\tpsicolgico, social, adems de uno de los instrumentos para la construccin del\n\tconocimiento, para aprender a crear y utilizar smbolos. </p>\n\n\t<p>Los\n\tnios crecen jugando, lo que determina muchos de los procesos del desarrollo infantil: fsico, sensorial y psicomotor, afectivo y\n\temocional, desarrollo cognitivo, al descubrimiento de la realidad, la\n\tadquisicin del lenguaje, la estimulacin de la imaginacin y la creatividad, la\n\ttoma de conciencia de si mismo y la construccin de la propia identidad\n\tpersonal. </p>\n\n\t<p>De ah la\n\timportancia que ha tomado en los ltimos aos dos conceptos: <span class="blue">el Aprendizaje\n\tBasado en Juegos (o Game-Based Learning) y la gamificacin de la enseanza</span>. Ambos son\n\tdrivers importantes en el cambio de paradigma educativo. El objetivo\n\tes crear experiencias significativas de aprendizaje utilizando mecnicas\n\tde juego para hacer del aprendizaje una experiencia divertida, interactiva y motivante,\n\tcapaz de involucrar al nio ms all de mecanismos tradicionales.</p>\n\n\t<p>Esto se produce de forma natural\n\tdurante la fase de educacin infantil, ya que es a partir del juego cuando los\n\tnios empiezan a adquirir nociones matemticas, favorecer el uso del lenguaje, etc.\n\tEn Infantium queremos trabajar muy bien estos conceptos. Por eso, investigamos\n\tjunto a La Universidad Autnoma de Barcelona y La Universidad Politcnica de\n\tCatalunya sobre como introducir las mejores mecnicas de juego en cada una de\n\tlas actividades y as incrementar la concentracin, motivacin, pensamiento\n\tcrtico y toma de decisiones de los ms pequeos, usando un entorno de aprendizaje\n\tque favorece la adquisicin de habilidades esenciales durante el proceso de desarrollo\n\tcognitivo y social de los nios.</p><p>Esto se produce de forma natural\n\tdurante la fase de educacin infantil, ya que es a partir del juego cuando los\n\tnios empiezan a adquirir nociones matemticas, favorecer el uso del lenguaje, etc.\n\tEn Infantium queremos trabajar muy bien estos conceptos. Por eso, investigamos\n\tjunto a La Universidad Autnoma de Barcelona y La Universidad Politcnica de\n\tCatalunya sobre como introducir las mejores mecnicas de juego en cada una de\n\tlas actividades y as <span class="orange">incrementar la concentracin, motivacin, pensamiento\n\tcrtico y toma de decisiones de los ms pequeos</span>, usando un entorno de aprendizaje\n\tque favorece la adquisicin de habilidades esenciales durante el proceso de desarrollo\n\tcognitivo y social de los nios.</p>\n\n\t<p>En el mbito cognitivo las tcnicas\n\tde gamificacin y GBL permite la adquisicin de habilidades no slo acadmicas, sino otras tan importantes como la resolucin\n\tde problemas, la flexibilidad, y la memoria: los nios deben completar\n\tde forma progresiva y adaptativa secuencias de acciones que cubren reas como\n\tmatemticas (lgica), lenguajes\n\t(musical, oral, etc.), o espacialidad,\n\tpremiando con la consecucin de niveles cada vez ms complicados, y\n\tproporcionando motivacin constante a travs de correctos estmulos. </p>\n\n\t<p>Se trata de canalizar a travs del\n\tsistema adaptativo y la correcta estimulacin el entusiasmo natural que los\n\tnios muestran durante cualquier tipo de juego, ya sea digital o tradicional. </p>\n\n\n</div>\n<div class="span9">\n\t<img class="img-center" src="/static/img/infantium-method/rufi-reads-sit.png">\n</div>
16	<div class="row">\n\t<div class="span9">\n\t\t<h1 class="blue">Sobre Nosotros</h1>\t\n\t</div>\n</div>\n<hr class="clear">\n<div class="row">\n\t<div class="span9">\n\t\t<p>Infantium naci en 2012, tras ser una de las tres ganadoras del <a class="green" href="http://www.seedrocket.com/blog/2012/05/2gether-infantium-funbox-ganadoras-septimo-campus-emprendedores-seedrocket/">VII Campus de Emprendedores de Seedrocket</a>, aunque su andadura empez mucho antes, concretamente un ao, en <a class="green" href="http://www.bizbarcelona.com/">Bizbarcelona 2011</a>, donde gan el premi<a class="blue" href="http://www.bizbarcelona.com/portal/appmanager/efiraSalones/S092011?_nfpb=true&amp;_pageLabel=P74800577101309251084779&amp;profileLocale=es/">a la idea de mayor potencial de futuro</a>, en los Growth Companies Awards, gracias al voto de los venture capital all presentes. Un da inolvidable aunque por entonces no tuviramos ni nombre (nos hacamos llamar biztudio). Pero lo mejor no fue el premio, sino conocer una persona que ha sido fundamental en esta idea y su recorrido: Carles Grau. Sin l, probablemente no estaramos aqu!\nEn definitiva Karen y Dani estuvieron desde el principio, y un poco ms tarde tuvieron la suerte de conocer a Joaquin (lo mejor de un evento de cuyo nombre no queremos acordarnos) que se uni y enriqueci este proyecto. Conclusin: el equipo formados est compuesto por tres amigos que comparten su pasin por los nios, la tecnologa, el emprendimiento, y el futbol (aunque siempre con muchas discrepancias). As el equipo que permanece unido, jams ser vencido! </p><p>Foto cortesa de <a class="pink" href="https://twitter.com/racalca">Rafael Calvache.</a> Gracias Rafa!\n\n\t\t</p>\n\t\t<hr class="clear">\n\t\t<p><img alt="Foto - Equipo Infantium" class="img-hero rounded" src="/static/media/cms_page_media/5/infantium-team.jpg" style="margin-left: auto; margin-right: auto; display: block;" title="Equipo Infantium"></p>\n\t</div>\n</div>\n<hr class="clear">\n<div class="row">\n\t<div class="span9">\n\t\t<h1 class="blue">Fundadores</h1>\t\n\t</div>\n</div>\n<hr class="clear">\n<div class="row">\n\t<div class="span2">\n\t\t<div class="thumbnail">\n\t\t\t<img class="rounded" src="/static/img/the-team/karen_marquez.png">\n\t\t        <h3>WEO</h3>\n\t\t        <p>Woman Executive Officer</p>\n           \t</div>\n\t</div>\n\t<div class="span7">\n\t\t<h2 class="personal-social pink">Karen Mrquez <a href="#"><img class="rounded" src="/static/img/the-team/linkedin.png"></a><a href="#"><img class="rounded" src="/static/img/the-team/twitter.png"></a></h2>\n\t\t<p>Licenciada en Periodismo por la UAB, Mster en Relaciones Internacionales por el Centro de Estudios Internacionales de la UB-Ministerio de Asuntos Exteriores, y Executive Master in Marketing and Sales por ESADE y la SDA BOCCONI di Milano. Periodista desertora de medios como CNN o COM RADIO, tiene amplia experiencia en Comunicacin, PR, o Marketing Communications, siendo miembro responsable de lanzamientos internacionales para marcas como Bacardi Global Brands, The Macallan, o Canterbury of New Zealand. Escritora frustrada en la intimidad, le encanta leer y el deporte.</p>\n\t\t\n\t</div>\n</div>\n<hr class="clear">\n<div class="row">\n\t<div class="span2">\n\t\t<div class="thumbnail">\n\t\t\t<img class="rounded" src="/static/img/the-team/dani_gonzalez.png">\n\t\t        <h3>CTO</h3>\n\t\t        <p>Chief Technology Officer</p>\n           \t</div>\n\t</div>\n\t<div class="span7">\n\t\t<h2 class="personal-social red">Dani Gonzlez <a href="#"><img class="rounded" src="/static/img/the-team/linkedin.png"></a><a href="#"><img class="rounded" src="/static/img/the-team/twitter.png"></a></h2>\n\t\t<p>Licenciado en Ingeniera Informtica Superior por la Universidad Politcnica de Catalua, MBA por ESADE y BABSON College F.W. Olin School of Business Boston (especialidad en Entrepreneurship), Daniel tiene amplia experiencia en la consultora tecnolgica (software corporativo Oracle, IBM, Microsoft) en grandes empresas como Everis. Su especialidad son las arquitecturas de software tanto de plataformas web como dispositivos mviles. Entre sus clientes principales han estado La Caixa, Agencia Catalana del Agua, Fundacin Banesto, Catalana Occidente, o Abbott UK, entre otras. Freak de la tecnologa, enamorado de las finanzas y de su ciudad natal, Barcelona, puedes seguirle en su  <a class="red" href="http://www.codeispoetry.me"> blog personal</a>\n\t\t</p>\n\t</div>\n</div>\n<hr class="clear">\n<div class="row">\n\t<div class="span2">\n\t\t<div class="thumbnail">\n\t\t\t<img class="rounded" src="/static/img/the-team/joaquin_grech.png">\n\t\t        <h3>CMO</h3>\n\t\t        <p>Chief Mobile Officer</p>\n           \t</div>\n\t</div>\n\t<div class="span7"><h2 class="personal-social orange">Joaqun Grech <a href="#"><img class="rounded" src="/static/img/the-team/linkedin.png"></a><a href="#"><img class="rounded" src="/static/img/the-team/twitter.png"></a></h2>\n\t\t<p>Licenciado en Ingeniera Informtica por la Universidad de Nueva York y MBA por el IE, Joaquin lleva la emprendedura en el ADN: fue co-fundador de Unin Latina y Bocazas ya por el ao 2000 (una red social y ,una compaa de desarrollo). Despus de trabajar en la industria financiera en NYC, volvi a Espaa para dedicarse a su mayor pasin: la tecnologa. Es el creador de aplicaciones de gran xito como La calculadora financiera o DogFigth, un simulador de vuelo que ya va cerca de los 2 millones de descargas. Si quieres saber ms de l, sguele en su <a class="orange" href="http://www.joaquingrech.com">blog personal: </a></p>\n        </div>\n</div>\t\n<hr>\n<div class="row">\n\t<div class="span9">\n\t\t<h1 class="blue">Colaboradores</h1>\t\n\t</div>\n</div>\n<hr class="clear">\n<div class="row">\n\t<div class="span2">\n\t\t<img class="rounded" src="/static/img/partners/bizspark.png">\n\t</div>\n\t<div class="span7">\n\t\t<a href="#"><h3 class="green">Universidad Autnoma de Barcelona</h3></a>\n\t\t<a href="#"><h3 class="red">Fundacin Instituto de Psicologa Evolutiva Antoni Cambrod</h3></a>\n\t\t<a href="#"><h3 class="blue">Microsoft Ibrica</h3></a>\n\t\t<a href="#"><h3 class="pink">Departament d'Ensenyament Generalitat de Catalunya</h3></a>\n\t</div>\t\t\n</div>\n<hr>\n<div class="row">\n\t<div class="span9">\n\t\t<h1 class="blue">Inversores</h1>\t\n\t</div>\n</div>\n<hr class="clear">\n<div class="row">\n\t<div class="span2">\n\t\t<img src="/static/img/the-team/we-love-our-investors.png">\n\t</div>\n\t<div class="span7">\n\t\t<ul class="cms-ul well well-large">\t\t\n\t\t\t<li>\n\t\t\t\t<span class="badge badge-info badge-icon"></span>\n\t\t\t\t<strong class="blue">Carlos Blanco:</strong> CEO y fundador de <a class="blue" href="http://grupoitnet.com/"> Grupo ITNET</a><a class="blue" href="http://www.carlosblanco.com/">[Blog de Carlos]</a>\n\t\t\t</li>\n\t\t\t<li>\n\t\t\t\t<span class="badge badge-info badge-icon"></span>\n\t\t\t\t<strong class="blue">scar Fuente:</strong> fundador de Area de Ventas Interactiva y <a class="blue" href=" http://www.IEBSchool.com">IEBS School</a>\n\t\t\t</li>\n\t\t\t<li>\n\t\t\t\t<span class="badge badge-info badge-icon"></span>\n\t\t\t\t<strong class="blue">David Toms:</strong> fundador de <a class="blue" href="http://www.cyberclick.es">Cyberclick y Cybermobile</a>\n\t\t\t\t\n\t\t\t</li>\n\t\t\t<li>\n\t\t\t\t<span class="badge badge-info badge-icon"></span>\n\t\t\t\t<strong class="blue">Sergio Balcells:</strong> fundador de Glamourum y CEO de <a class="blue" href="http://joliebox.es/">JolieBox Espaa</a>\n\t\t\t</li>\n\t\t\t<li>\n\t\t\t\t<span class="badge badge-info badge-icon"></span>\n\t\t\t\t<strong class="blue">Alfredo Balcells:</strong> fundador de <a class="blue" href="http://www.iosfinance.es/">IOS Finance</a>\n\t\t\t</li>\n\t\t\t<li>\n\t\t\t\t<span class="badge badge-info badge-icon"></span>\n\t\t\t\t<strong class="blue">Jess Monlen:</strong> co-fundador de seedrocket,Trovit y <a class="blue" href="http://www.offerum.com/">Offerum</a>\n\t\t\t</li>\n\t\t\t\n\t\t</ul>\n\t</div>\n</div>\t\t
7	<div class="row  well rounded center-section">\n\t<div class="span10">\n\t\t<h1 class="blue">The Adventures</h1>\n\n\t\t<h5>Rufi is a 3 year-old kid. He lives in the town with no name, and every time he falls asleep, he gets a very special visit in his dreams: Somnus the wizard. Somnus is a grumpy and lonely old wizard who enjoys challenging Rufi, taking him to fascinating places where he goes on exciting adventures with his inseparable cat Oswald. But be careful! Rufi can only wake up and come back home if he solves Somnus challenges helping those in trouble.</h5>\n<br>\n<h5>Thats how Rufi and Oswald travel to the heart of myths, tales, legends, and historical places to help popular characters in trouble, in situations that are always new and always different. Thanks to Somnus, they will meet great painters such as Van Gogh, Miro and Warhol; travel to Crete and help Icarus and Daedalus escape the Minotaur, or meet Gutemberg in the late German XV century.</h5>\n<br>\n<h5 class="blue">Thanks to his dreams, Rufi learns that by helping others he can improve his reasoning skills, reduce his weaknesses and strengthen his knowledge about the world. So let your child do the same! These are the first ones! \n</h5>\n\t</div>\n</div>\n\n<div class="row well  well-blue rounded center-section">\n\t<div class="span10">\n               <h2 class="white">Launching on January 2013!   <em class="fa-icon-time"></em></h2>\n               <h5 class="white">Subscribe now before launching and get free access!</h5>\n               <a class="m-btn big rnd" href="http://hello.infantium.com"><span class="blue">Get Access! <em class="fa-icon-ok icon-large"></em></span></a>\n       </div>\n</div>\n\n<div class="row well rounded left-section">\n\t<div class="span4">\n\t\t<img class="rounded" src="/static/img/infantium-apps/magic-paintings-thumb.png">\n\t</div>\n\t<div class="span6">\n\t\t<h2 class="green">Rufi and the magic paintings </h2>\n\t\t<p>Somnus the wizard appears suddenly one night in <span class="green">Rufi's</span> dreams and takes him together with Oswald to a very special museum, where they meet the famous painters Van Gogh, Joan Miro and Warhol. To come back home, Rufi should help them to recompose some of his most popular artworks. Cognitive Area: mental representation, symbolic reasoning and spatial intelligence. </p>\n<a class="m-btn big rnd green disabled" href="/es/metodo-infantium/">Coming Soon <em class="m-icon-big-swapright m-icon-white"></em></a>\n\t\t\n\t</div>\t\n</div>\n\n<div class="row well rounded left-section">\n\t<div class="span4">\n\t\t<img class="rounded" src="/static/img/infantium-apps/icarus-dedalus-thumb.png">\n\t</div>\n\t<div class="span6">\n\t\t<h2 class="red">Rufi, Icarus, Daedalus and the Labyrinth of the Minotaur</h2>\n\t\t<p>Somnus the Wizard takes Rufi and Oswald to the palace of King Minos in Crete. There he meets a boy called Icarus, which is sad because he cannot meet with his father Daedalus, whom is on the other side of the maze. Rufi will have to help him to find Daedalus, avoiding the Minotaur by discovering the passageways formed of different geometric shapes. Logic and mathematical intelligence. </p><a class="m-btn big rnd red disabled" href="/es/metodo-infantium/">Coming Soon <em class="m-icon-big-swapright m-icon-white"></em></a>\n\t\t\n\t</div>\t\n</div>\n\n<div class="row well rounded left-section">\n\t<div class="span4">\n\t\t<img class="rounded" src="/static/img/infantium-apps/oswald-thumb.png">\n\t</div>\n\t<div class="span6">\n\t\t<h2 class="orange">Osvaldo plays hide and seek: coming soon</h2>\n\t\t<p>As said in TV,  Oswald plays hide and seek is a spin-off of the adventures of Rufi. What is the same:  a little adventure of one character alone (here Oswald). Although Oswald always accompanies Rufi, this time hes alone. He will walk through different scenarios, and will help babies to work on the hidden element.  The child's goal is to successfully retrieve Oswald at one location and the more the child develops his schema of object permanence, the more difficult challenges he will have to solve. The action takes place in the park, in the street and in the different rooms of the house. The app works on baby's object permanence study and working memory. (8-18 months) </p><a class="m-btn big rnd orange disabled" href="/blog/1/">Coming Soon <em class="m-icon-big-swapright m-icon-white"></em></a>\n\t\t\n\t</div>\t\n</div>\t\t
42	<h2><span class="blue">Adaptive Learning</span></h2>\n<h3>Adaptive learning gaming technology that ensures cognitive development according to learning standards. The most important: each child is an individual learner, so It responds to each child's individual performance, delivering personalized learning thorough multiple paths.</h3>
62	<div class="row well rounded center-section">\n<div class="span10">\n\t<h1 class="blue">Infantium Method</h1>\n\t<h2 class="green">Children are the world's most valuable resource and its best hope for the future</h2>\n\n<h3 class="orange">John Fitzgerald Kennedy<em>(1917-1963)\nAmerican 35th US President (1961-63)</em></h3>\n<p style="font-style: italic;">Research has shown the impact of early learning as a key contributor to childrens cognitive development, including the intelligence, personality and social behavior in later years. Young minds have an enormous capacity for learning and understanding, so nurturing that capacity can improve children's progress toward school and life readiness..</p>\n</div>\n</div>\n<div class="row well rounded center-section">\n<div class="span10">\n\n\t<div class="row">\n\n\t\t<div class="span10 well rounded well-blue">\n                                <div class="span10"><img src="/static/img/baby.png"><img src="/static/img/boy.png"><img src="/static/img/girl.png"></div>\n  \n\t\t\t\t<h3 class="white">Infantium is a cognitive development platform of educative apps for children 0-6 years of age which can stimulate these skills  acquisition:  logic, symbolic thinking, languages, problem-solving, flexibility, attention at pace and speed that every child needs, strengthening the interaction with parents and educational centers.  </h3>\n\n                                 <div class="span10"><img src="/static/img/mum.png"><img src="/static/img/dad.png"></div>\n\n\t\t</div>\n\n\t</div>\n\t<div class="row">\n\t\t<div class="span10">\n\t\t\t<p class="blue">At infantium, we believe it is necessary to strengthen the child's learning from birth, so that they can optimize and accelerate the acquisition of skills that will be crucial during school years, but also in an increasingly complex world. Kids  require new skills beyond those provided by traditional teaching, and technology is a key factor boosting the process of learning.</p>\n\t\t</div>\n\t</div>\n</div>\t\n</div>\n\n<div class="row well rounded center-section">\n<div class="span10">\n\t<a id="adaptive-technology" name="adaptive-technology">\t\n\t<h2 class="white well-green rounded">Adaptive Learning Technology</h2></a>\n\n\t<h3 class="green">What is it?</h3>\n\n            <h5 class="blue">An adaptive learning will adapt itself based on the personss response/ progress made and monitors the student to ensure improvement.</h5>\n\n<p>The classic definition of Adaptive learning technology is the use of electronic devices (computers, tablets, etc.) as interactive teaching devices, adapting the content to the specific needs of each individual person as the system can track the activity. Adaptive technology is about creating educational content that understands how the child thinks and then intelligently adapt to him.</p> \n\n        \n\n        <h2 class="orange">What about Infantium's Adaptive technology in-app?</h2>\n        <div class="row">\n            <div class="span6 offset1"><h5 class="well-postit"><em class="fa-icon-pushpin icon-large red"></em><br> Infantiums adaptive learning is continuously adaptive, responding in real-time to each childs individual performance and maximizing learning and cognitive goals. The platform analyzes how the child thinks and acts, not only performance, based on different data points (indicators related to cognitive development, difficulty according to age, structure, etc.) and uses many algorithms to create individualized paths of learning for each user constantly.</h5></div>\n            <div class="span6 offset2"><h5 class="well-postit"><em class="fa-icon-pushpin icon-large red"></em><br>Our technology incorporates aspects derived from various disciplines such as big data, computer engineering, psychology and pedagogy. Adaptive learning aims to transform every child from passive receptor of information to driver of his own cognitive development. We also give teachers/parents insight into the learning process, grasping patterns in child activity to determine exactly why a child needs or is struggling.</h5></div>\n            <div class="span6 offset1"><h5 class="well-postit"><em class="fa-icon-pushpin icon-large red"></em><br> Infantiums education apps (games) offer continuous adaptivity. But our mission is to really transform education of the younger ones. Infantium are more than apps, a platform that will make possible to include third partys contents. While the moment arrives, our beta project is based on 3 apps that work on the main areas.</h5></div>\n        </div>\n\t\n\t<h2 class="orange">How it works?</h2>\n\t\n\t\n\t<ul class="cms-ul well">\t\n\t\t<li><span class="badge badge-info">1</span>\n\t\tThe platform is a cloud-based data analytic system. It analyzes data related to the strategies that young children use to solve problems and then creates personalized "routes" or " learning paths "adapted to each particular level in real-time, continuously adapting.  That is: data analysis allows to adapt the learning process to the rhythm and needs of each child, according to real-time information regarding performance.</li>\n\n\t\t<li><span class="badge badge-info">2</span>\n\t\tThe platform evaluates and aggregates indicators related to skills, abilities and weaknesses of the child. The goal is to understand the individual logic-representative mechanisms implicit in the responses of children to improve them. Experiences from the moment babies are born to the first day of kindergarten  shape whether a childs brain develops a strong foundation for the learning, health and behavior that follows. Improving logic-representative thinking has a greater impact in later operational thinking </li>\n\n\t\t<li><span class="badge badge-info">3</span>\n\t\tCurrently we are working with partners in private beta, and soon we will open up a major platform of games that will allow the system to use the childs performance record to create a personal and continuously adaptive game plan not only within each of the games, but also recommendations of activities (games) to achieve better cognitive development</li>\n\n\t\t<li><span class="badge badge-info">4</span>\n\t\tAfter the activity, parents (or teachers) can access the progress information. The Web-based Report Management System allows both teachers and/or parent access to progress/development reports from any Internet-connected computing device.</li>\n\n\t\t<li><span class="badge badge-info">5</span>\n\t\tOnline activities will be complemented with offline activities, encouraging parent-child co-play on the areas covered by the platform </li>\n\t</ul>\n</div>\n</div>\n\n<div class="row well rounded center-section">\n<div class="span10">\n\t<a id="multiple-intelligences" name="multiple-intelligences">\t\n\t<h2 class="white well-green rounded">Avaluation According to Multile Intelligences (MI) </h2></a>\n\t\n\t<h5 class="green" style="font-style: italic;">We should spend less time ranking children and more time helping them to identify their natural competencies and gifts and cultivate these. There are hundreds and hundreds of ways to succeed and many, many different abilities that will help you get there</h5>\n<h6 class="green">Howard Gardner, American Psychologist, Born July 11, 1943</h6>\n\n\t<h5 style="text-align: left;">Who is smarter, Einstein or football player Messi? Ghandi, Picasso, Virginia Woolf, Mozart? In fact, they all possess extraordinary intelligence belonging to different fields, as the theory of Multiple Intelligences(MI) explains. The theory was initially formulated by Howard Gardner in 1983 as a list of seven intelligences. The first two have been typically valued in schools; the next three are usually associated with the arts; and the final two are what Howard Gardner called "personal intelligences"</h5>\n\n\t<h5 style="text-align: left;">The theory assumes that intelligence <span class='blue"'>is not a unitary block or  single general ability, but the interplay of different skills</span> and abilities for a set of distinct and independent MI that can operate together or separately. That is, Einstein is no more or less intelligent than Michael Jordan, their minds just belong to different fields.</h5>\n\n\t<h5 style="text-align: left;">Gardner argues that there is a wide range of cognitive abilities, and that there are only very weak correlations among them. For example, the theory predicts that a child who learns to multiply easily is not necessarily generally more intelligent than a child who has more difficulty on this task. The child who takes more time to master simple multiplication 1) may best learn to multiply through a different approach, 2) may excel in a field outside of mathematics, or 3) may even be looking at and understanding the multiplication process at a fundamentally deeper level, or perhaps as an entirely different process. Such a fundamental understanding can result in what looks like slowness and can hide a mathematical intelligence potentially higher than that of a child who quickly memorizes the multiplication table despite possessing a less detailed understanding of the process of multiplication.</h5>\n<br>\n<h2 class="orange">Analyzed Indicators</h2>\n<ul class="cms-ul well well-large">\t\t\n\t\t<li><span class="badge badge-success">1</span>\n\t\t<span class="green">Linguistics:</span> in relation to the capacity of comprehension (oral, written) </li>\n\n\t\t<li><span class="badge badge-success">2</span>\n\t\t<span class="green">Logical-mathematical:</span>ability to analyze problems logically. Understanding of mathematical concepts and how the child uses to resolve problems </li>\n\n\t\t<li><span class="badge badge-success">3</span>\n\t\t<span class="green">Musical:</span>ability to detect, reproduce, understand and create musical patterns, rhythms. Tones recognition (parallel analysis with linguistics).</li>\n\n\t\t<li><span class="badge badge-success">4</span>\n\t\t<span class="green">Espatial:</span> ability to create mental images; visualization; thinking, symbolic reasoning. Ability to establish relations between lines-volumes-shapes-colors. </li>\n\n\t\t<li><span class="badge badge-success">5</span>\n\t\t<span class="green">Bodily-kinesethic:</span> flexibility, eye-hand coordinations and motor skills</li>\n\n\t\t<li><span class="badge badge-success">6</span>\n\t\t<span class="green">Naturalist:</span> observation and identification capabilities of the natural world </li>\n\n\t\t<li>Infantium platform does not assess or analyzes the bodily-kinesthetic (just the relation between some activities and the need of flexibility, hand-eye coordination and balance) interpersonal or intrapersonal ones, because human interaction is needed. However, we are committed to early education and well help parents to recognize and embrace these specific childrens abilities</li>\n\t</ul>\n\t<h5 style="text-align: left;">The theory is a turning point for education, because intelligence has always been considered something innate and unchangeable. That is, are either born intelligent or not, and education could not change that fact.</h5>\n\t<h5 style="text-align: left;">Infantium has an innovative approach to the theory, integrating the indicators related to each intelligence in data analysis and adaptive learning. Infantium platform analyzes the skills, abilities or Intelligences of each child to create accurate learning paths and to stimulate learning of other skills through different approaches, with the right content in the right way.</h5>\n\t\n\t<img src="/static/img/spotlight/intelligences-spotlight.png">\n</div>\n</div>\n\n\n<div class="row well rounded center-section">\n<div class="span10">\n        <a id="game-based-learning" name="game-based-learning">\t\n\t<h2 class="white well-green rounded">Game based-learning (GBL) and gamification</h2> </a>\n\t<h5 class="green">"It should be noted that children's games are not merely games; one should regard them as their most serious activities.".</h5>\n\t\t<h6 class="orange">Michel Eyquem de Montaigne<em>(1533-1592)\n\tEFrench writer and philosopher.</em></h6>\n\n\t<img class="img-center img-polaroid rounded" src="/static/img/infantium-method/children-love-play.png">\n\n<br>\n\t<h5 style="text-align: left;"><strong>Homo Ludens (the playing man)</strong> was a groundbreaking study conducted by Dutch historian Johan Hizinga, the first author recognizing and emphasizing the central role of play in human culture. Meaningful and free play is one of the roots for cognitive, psychological and social development, and a tool for knowledge construction, that relies heavily on the creation and use of symbols.</h5>\n\n\t<h5 style="text-align: left;"><strong>Children grow up playing</strong>, which determines many of the processes involved in child development: physical, sensory and psychomotor, affective and emotional, cognitive development, the discovery of reality, language acquisition, stimulation of imagination and creativity, self-awareness and personal identity construction.\n\n\t</h5><h5 style="text-align: left;">With this inspiration, two concepts have gained importance in the last years, and theyll be driving the education paradigm shift: <strong>Game-Based Learning (GBL) and gamification</strong>. That is, creating meaningful learning experiences using game mechanics to make learning a fun, interactive and motivating process, to engage learners beyond traditional mechanisms. </h5>\n\n\t<h5 style="text-align: left;"><strong>Learning through play occurs naturally at kindergarten</strong>:. They can develop cognitive skills and self-confidence required to engage in new experiences and environments. We, at Infantium, want to work closely these concepts. Research with universities has allowed us to work on how to introduce the most effective game mechanics in each of the activities following 2 essential principles: non-intrusive and adapted to be used in pre-K. The goal was to increase concentration, enhance motivation, and stimulate critical thinking and decision making of the younger children </h5>\n\t\n\t<h3 class="orange">How?</h3>\n\t\n\t<h5 style="text-align: left;">Infantiums platform help children to develop naturally problem-solving skills. Children must complete progressively and continuously adaptive complicated action sequences, leading to the reward of more and more difficult levels, providing constant motivation at ones own pace. The platform addresses the natural enthusiasm that children display during any game, whether digital or traditional. </h5>\n\n\t<h5 style="text-align: left;">GBL together with the individualization of the learning process makes children move to the next level when they feel ready and secure. Games are part of preschoolers curricular activity, and Infantium has only introduced elements of the traditional gaming experience to the adaptive technology platform to be an adjunct to a serious curricular activity at school or at home.  </h5>\n       \n       <h5 style="text-align: left;">Early childhood education roots its foundation on games to develop critical skills related to math, self-stem, symbolic reasoning, etc. Children experience failure as part of success, so the platform helps to minimize any failure negative experience into positive 0nes: in games failure is expected, so when the success follows as part of maturity of basic skills, the childs motivation increases, eclipsing any eventual negative failure.\nwe believe that used correctly, gamification and game-based learning can boost learning, providing positive experiences that can help to overcome difficulties.</h5>\n\n</div>\n</div>\n
\.


--
-- Data for Name: cmsplugin_twitterrecententries; Type: TABLE DATA; Schema: public; Owner: -
--

COPY cmsplugin_twitterrecententries (cmsplugin_ptr_id, title, twitter_user, count, link_hint) FROM stdin;
\.


--
-- Data for Name: cmsplugin_twittersearch; Type: TABLE DATA; Schema: public; Owner: -
--

COPY cmsplugin_twittersearch (cmsplugin_ptr_id, title, query, count) FROM stdin;
\.


--
-- Data for Name: cmsplugin_video; Type: TABLE DATA; Schema: public; Owner: -
--

COPY cmsplugin_video (cmsplugin_ptr_id, movie, movie_url, image, width, height, auto_play, auto_hide, fullscreen, loop, bgcolor, textcolor, seekbarcolor, seekbarbgcolor, loadingbarcolor, buttonoutcolor, buttonovercolor, buttonhighlightcolor) FROM stdin;
\.


--
-- Data for Name: cmsplugin_zinnia_latestentriesplugin_authors; Type: TABLE DATA; Schema: public; Owner: -
--

COPY cmsplugin_zinnia_latestentriesplugin_authors (id, latestentriesplugin_id, user_id) FROM stdin;
\.


--
-- Data for Name: cmsplugin_zinnia_latestentriesplugin_categories; Type: TABLE DATA; Schema: public; Owner: -
--

COPY cmsplugin_zinnia_latestentriesplugin_categories (id, latestentriesplugin_id, category_id) FROM stdin;
\.


--
-- Data for Name: cmsplugin_zinnia_latestentriesplugin_tags; Type: TABLE DATA; Schema: public; Owner: -
--

COPY cmsplugin_zinnia_latestentriesplugin_tags (id, latestentriesplugin_id, tag_id) FROM stdin;
\.


--
-- Data for Name: cmsplugin_zinnia_selectedentriesplugin_entries; Type: TABLE DATA; Schema: public; Owner: -
--

COPY cmsplugin_zinnia_selectedentriesplugin_entries (id, selectedentriesplugin_id, entry_id) FROM stdin;
\.


--
-- Data for Name: db_chart; Type: TABLE DATA; Schema: public; Owner: -
--

COPY db_chart (id, meta, deleted, "dtCreationDateTime", "dtModificationDateTime", title, summary, type, player_id, title_es, summary_es, chart_uuid) FROM stdin;
\.


--
-- Data for Name: db_chart_indicators; Type: TABLE DATA; Schema: public; Owner: -
--

COPY db_chart_indicators (id, chart_id, indicator_id) FROM stdin;
\.


--
-- Data for Name: db_cluster; Type: TABLE DATA; Schema: public; Owner: -
--

COPY db_cluster (id, meta, deleted, "dtCreationDateTime", "dtModificationDateTime", name, name_es, summary, summary_es, active, cluster_uuid) FROM stdin;
4	{"empty": "true"}	f	2012-11-27 12:11:38.814+00	2012-11-27 14:40:57.324+00	Composing and decomposing numbers; addition and subtraction	Composicin y descomposicin de nmeros	The use of numbers to describe relationships and solve easy problems. 	Uso de nmeros para describir relaciones entre ellos y solucionar problemas sencillos. 	t	\N
2	{"empty": "true"}	f	2012-11-27 12:05:41.852+00	2012-11-27 14:40:38.569+00	Comparing and ordening numbers	Comparar y ordenar nmeros	Knowledge of numbers in the correct order and understanding that numbers come before or after\r\none another. Comparing quantities (more than, equal to...)	Comparara magnitudes (mas que, menos que..) y descubrir los nombres de los nmeros en el orden adecuado	t	\N
25	{"empty": "true"}	f	2012-11-27 13:13:10.222+00	2012-11-27 14:41:21.892+00	Comprehension of languages	Comprensin	Listening and understanding	Escuchar y entender 	t	\N
3	{"empty": "true"}	f	2012-11-27 12:08:56.388+00	2012-11-27 14:41:50.361+00	Counting To Tell the Number of Objects	Contar	Associating quantities and the names of numbers with written numerals. Using one-to-one counting and subitizing (identifying the number of objects without counting) to determine quantity.	Asociar cantidades y el nombre de los nmeros a los numerales. Contar el nmero de objetos para determinar la cantidad. 	t	\N
11	{"empty": "true"}	f	2012-11-27 12:33:13.358+00	2012-11-27 14:42:51.827+00	Direct Measurement 	Medida	understanding that there are measurable attributes of objects and the processes of measurement	Entender que hay atributos medibles 	t	\N
22	{"empty": "true"}	f	2012-11-27 13:07:57.749+00	2012-11-27 15:18:30.319+00	grouping 	Agrupar	grouping like objects together	Clasificacin	t	\N
21	{"empty": "true"}	f	2012-11-27 13:04:22.193+00	2012-11-27 14:43:56.603+00	identifying self and in relation to others	Reconocimiento de s mismo y de los dems	sense of self	Aprender a reconocerse a s mismo y a los dems 	t	\N
28	{"empty": "true"}	f	2012-11-27 13:17:21.806+00	2012-11-27 14:44:12.983+00	Knowledge of the alphablet and word recognition	Conocimiento del alfabeto y de las palabras escritas	Alphabet and word recognition	Conocimiento del alfabeto y palabras escritas 	t	\N
23	{"empty": "true"}	f	2012-11-27 13:08:52.108+00	2012-11-27 14:44:44.423+00	Memory	Memoria	Recognition of faces and objects	Reconocimiento de imgenes y objetos	t	\N
26	{"empty": "true"}	f	2012-11-27 13:13:55.615+00	2012-11-27 14:55:24.21+00	Music \t\t \t\t 	Msica	Musical language	Lenguaje musical	t	\N
1	{"empty": "true"}	f	2012-11-27 12:02:08.346+00	2012-11-27 14:55:33.044+00	Number names and relationships	Nmeros y relaciones	understanding of numbers, ways of representing numbers, and ability to count in sequence	identificacin de nmeros con su representacin y habilidad para contar de forma secuencial	t	\N
17	{"empty": "true"}	f	2012-11-27 12:56:59.269+00	2012-11-27 14:55:46.079+00	Object permanence	Permanencia del objeto 	Child's ability to understand that objects still exist even if they are no longer visible.	Es la habilidad del nio para comprender que los objetos poseen una existencia independiente de su relacin con el objeto; El nio es capaz de mantener una imagen mental de una persona u objeto a pesar de no estar presente o visible. 	t	\N
27	{"empty": "true"}	f	2012-11-27 13:15:39.762+00	2012-11-27 14:55:53.174+00	Phonological awareness	Conciencia fonolgica	detection and manipulation of sounds: syllables, onsets and rimes, and phonemes	habilidad para reconocer, identificar, deslindar, manipular y obrar con los sonidos (fonemas) que componen a las palabras, ritmos o patrones musicales. 	t	\N
9	{"empty": "true"}	f	2012-11-27 12:25:50.889+00	2012-11-27 14:57:15.749+00	Recognition and analysis of quantitative and qualitative properties.	Anlisis y reconocimiento de atributos cualitativos y cuantitativos	The understanding of attributes and relative properties of objects 	Comprender los atributos y propiedades relativas de los objetos. 	t	\N
5	{"empty": "true"}	f	2012-11-27 12:13:58.755+00	2012-11-27 14:58:20.155+00	Recognition of properties and characteristics of geometric shapes	Reconocimiento de propiedades y caractersticas de las formas 	Analyzing characteristics and properties of geometric shapes.	Anlisis de las caracterticas de las formas. 	t	\N
10	{"empty": "true"}	f	2012-11-27 12:32:14.557+00	2012-11-27 15:02:59.29+00	Representing and Interpreting Data	Representacin e interpretacin de datos	Begins to recognize and interpret information according to common attributes	Empezar a reconocer e interpretar informacin segn atributos comunes 	t	\N
16	{"empty": "true"}	f	2012-11-27 12:55:39.005+00	2012-11-27 15:03:44.636+00	Spatial exploration and visualization	Exploracin espacial y visualizacin	it includes tracking moving objects with eyes or elaborating search with watching and seeking after a number of changes	Reconocimiento de objetos	t	\N
19	{"empty": "true"}	f	2012-11-27 13:00:09.631+00	2012-11-27 15:04:06.795+00	spatial-temporal relationships	construccin de relaciones espaciales y temporales 	the ability to form mental images from physical objects or to see patterns in time and space	La habilidad de formar imgenes mentales de objetos fsicos o de ver patrones en el tiempo y el espacio. 	t	\N
18	{"empty": "true"}	f	2012-11-27 12:58:50.194+00	2012-11-27 14:53:31.373+00	Symbolic Thought	Pensamiento simblico	A type of thinking in which symbols or internal images are used to represent objects, persons, and events that are not present. Examples of symbolic thought are pretend play, drawing, writing, identification of pictures. 	El pensamiento simblico es la capacidad de representar:acontecimientos , objetos,personas sin estar presentes. Algunos ejemplos es el juego de imitacin, representativo, reconocer imgenes o el propio lenguaje.	t	\N
6	{"empty": "true"}	f	2012-11-27 12:16:03.57+00	2012-11-27 14:53:15.056+00	Understanding of location, position and spatial relationships.	Posicin, localizacin y relaciones espaciales	concepts of directionality, localization, order, and position of objects, such as up, down, in front, behind and spatial temporal relationships	Entender conceptos de direccionalidad, orden  y posicin de los objetos (como encima, debajo, detras..) y construccin espacio-temporal 	t	\N
24	{"empty": "true"}	f	2012-11-27 13:10:22.649+00	2012-11-27 15:04:16.674+00	Understanding rhymes, songs and stories.	Entender ritmos, sonidos, historias	listening and understanding	Escuchar y Entender 	t	\N
15	{"empty": "true"}	f	2012-11-27 12:51:07.34+00	2012-11-27 15:05:06.156+00	understanding that predictions can be made	Predicciones	comprehension of daily events to know what will happen next.	Secuenciar escenas de la vida diaria para saber que ocurrir despus 	t	\N
8	{"empty": "true"}	f	2012-11-27 12:22:17.519+00	2012-11-27 14:55:11.803+00	understand patterns, relations and functions	Comprensin de patrones, relaciones y funciones	The recognition of patterns, sequencing, and critical thinking skills necessary to predict \r\nand classify objects in a pattern.	Reconocimiento de patrones, secuenciacin y uso del pensamiento crtico para predecir y clasificar objetos en un patrn. 	t	\N
7	{"empty": "true"}	f	2012-11-27 12:19:39.606+00	2012-11-27 14:50:31.14+00	using visualization and spatial reasoning to solve problems	uso de la visualizacin y la memoria espacial para resolver problemas	Recognizes and names common shapes, their parts, and attributes using spatial memory	Reconocimiento de figuras y sus partes usando memoria espacial 	t	\N
29	{"empty": "true"}	f	2012-11-27 13:18:33.071+00	2012-11-27 14:48:51.548+00	visual symbols.	Smbolos visuales	Meaning of visual symbols	Significado de smbolos visuales	t	\N
\.


--
-- Data for Name: db_cluster_domain_areas; Type: TABLE DATA; Schema: public; Owner: -
--

COPY db_cluster_domain_areas (id, cluster_id, domainarea_id) FROM stdin;
31	2	1
32	4	2
33	25	14
34	3	1
35	11	5
36	22	11
37	22	6
38	21	12
39	28	15
40	23	10
41	26	15
42	1	1
43	17	8
44	27	15
45	9	4
46	5	3
47	10	5
48	16	3
49	16	7
50	19	9
51	18	9
52	6	3
53	6	5
54	24	14
55	15	6
56	8	4
57	7	3
58	7	7
59	29	9
60	29	15
\.


--
-- Data for Name: db_cognitivearea; Type: TABLE DATA; Schema: public; Owner: -
--

COPY db_cognitivearea (id, meta, deleted, "dtCreationDateTime", "dtModificationDateTime", name, active, name_es, summary, summary_es, cognitivearea_uuid) FROM stdin;
1	{"empty": "true"}	f	2012-11-24 16:48:14.784+00	2012-11-26 12:11:55.463+00	Languages	t	Lenguajes	\N	\N	\N
3	{"empty": "true"}	f	2012-11-24 16:49:42.217+00	2012-11-26 12:12:00.493+00	Logic-mathematic Reasoning	t	Razonamiento Lgico-matemtico	\N	\N	\N
2	{"empty": "true"}	f	2012-11-24 16:48:51.535+00	2012-11-24 17:04:53.825+00	Symbolic representation	t	Representacin Mental	\N	\N	\N
\.


--
-- Data for Name: db_cognitivearea_multiple_intelligences; Type: TABLE DATA; Schema: public; Owner: -
--

COPY db_cognitivearea_multiple_intelligences (id, cognitivearea_id, multipleintelligence_id) FROM stdin;
11	1	8
12	1	3
13	1	4
14	3	1
15	3	2
16	3	4
17	2	1
18	2	2
19	2	5
20	2	4
\.


--
-- Data for Name: db_domainarea; Type: TABLE DATA; Schema: public; Owner: -
--

COPY db_domainarea (id, meta, deleted, "dtCreationDateTime", "dtModificationDateTime", name, name_es, summary, summary_es, active, domainarea_uuid) FROM stdin;
12	{"empty": "true"}	f	2012-11-27 11:17:54.972+00	2012-11-27 14:12:57.183+00	Identity Formation	Formacin de la identidad	identifying self and in relation to others\t\t\r\n	Reconocimiento de si mismo y de su relacin con los dems.	t	\N
6	{"empty": "true"}	f	2012-11-26 20:14:58.397+00	2012-11-27 14:38:25.439+00	Information gathering and probabilty	Prediccin y organizar informacin	Sorting and organizing objects by one/more attribute (different, same); Describing the attributes of objects, sequencing.	resolver problemas en los que intervengan secuencias de la vida de la escuela; describir caractersticas de los objetos y agruparlos.	t	\N
14	{"empty": "true"}	f	2012-11-27 11:32:47.597+00	2012-11-27 14:12:47.353+00	Language Development	Desarrollo del lenguaje	Listening and Understanding	Escuchar y Entender 	t	\N
15	{"empty": "true"}	f	2012-11-27 11:35:52.722+00	2012-11-27 13:46:11.889+00	Literacy	Alfabetizacin	Literacy includes the domain elements of phonological awareness, book knowledge and appreciation, print awareness and concepts, early writing, and alphabet knowledge. Teachers learn about effective strategies that help children acquire necessary skills that promote the development of successful readers and writers.	Se trata del dominiol lenguaje, entendiendo lenguaje comomanifestaciones que permiten una representacin simblica de la realidad y, en ese sentido, incluimos tanto la plstica como el musical	t	\N
5	{"empty": "true"}	f	2012-11-26 19:58:28.743+00	2012-11-27 14:13:35.267+00	Measurement and Data	Medida	kids will determine what can be measured and how, using appropriate methods and formulas.	Aprenden a realizar comparacin de magnitudes, unidades de medida, estimacin y medida del tiempo (mucho rato, poco rato; rpido, lento; da, semana...). Clasificacin y seriacin	t	\N
10	{"empty": "true"}	f	2012-11-27 11:12:52.235+00	2012-11-27 14:14:04.232+00	Memory	Memoria	Recognizing previously seen faces and objects and increasing capacity of recognition memory	Reconocimiento de objetos previamente vistos para aumentar la capacidad de reconocimiento de la memoria. \r\n	t	\N
1	{"empty": "true"}	f	2012-11-26 19:32:41.46+00	2012-11-27 14:14:10.124+00	Numbers: Cardinality and Counting	Nmeros: contar y cardinalidad	Numbers and Operations: Developing an understanding of whole numbers, including concepts of correspondence, counting, cardinality and comparison.\r\n\r\nChildren develop an understanding of the meanings of whole numbers and recognize the number of objects in small groups without counting-----the first and most basic mathematical algorithm. They understand that the last word that they state in counting tells how many, they count to determine number amounts and compare quantities (using language such as more than and less than), and they order sets by the number of objects in them.\r\n	Entre otras cosas: identificar el cardinal de un conjunto de cosas con su propiedad numrica, descomponer nmeros, ordenar nmeros cardinales, resolver problemas que impliquen la realizacin de operaciones aritmticas bsicas	t	\N
2	{"empty": "true"}	f	2012-11-26 19:39:46.982+00	2012-11-27 14:14:17+00	Numbers: operations	Nmeros: operaciones	Numbers and Operations: Developing an understanding of whole numbers, including concepts of correspondence, counting, cardinality and comparison.\r\n\r\nChildren develop an understanding of the meanings of whole numbers and recognize the number of objects in small groups without counting-----the first and most basic mathematical algorithm. They understand that the last word that they state in counting tells how many, they count to determine number amounts and compare quantities (using language such as more than and less than), and they order sets by the number of objects in them.	Resolver problemas que impliquen la realizacin de operaciones aritmticas bsicas. Tambin incluye resolucin de problemas que impliquen la aplicacin de sencillas operaciones (quitar, aadir, repartir) 	t	\N
8	{"empty": "true"}	f	2012-11-26 20:30:26.961+00	2012-11-27 14:38:09.342+00	Object permanence	Permanencia del objeto 	Child's ability to understand that objects still exist even if they are no longer visible.	Es la habilidad del nio para comprender que los objetos poseen una existencia independiente de su relacin con el objeto; El nio es capaz de mantener una imagen mental de una persona u objeto a pesar de no estar presente o visible. 	t	\N
4	{"empty": "true"}	f	2012-11-26 19:54:34.154+00	2012-11-27 14:37:52.156+00	Patterns, Quantitative and Qualitative Properties 	Patrones y caractersticas cualitativas y cuantitativas	Comprehension of patterns, and attributes of objects and shapes	Comprensin de patrones, relaciones y funciones (como clasificacin por atributos de color, tamao, forma, etc.) 	t	\N
3	{"empty": "true"}	f	2012-11-26 19:51:19.332+00	2012-11-27 14:13:27.713+00	Shapes and spatial relations	Formas y relaciones espaciales	Spatial and time relationships explore the concept of where objects are in relationship to something else (above, below/ before, after; high, low; in front of, in back of, behind; ec.). Learning to understand spatial relationships helps children talk about where things are located. It is the use of visualization and spatial reasoning to analyze characteristics and properties of geometric shapes.	Reconocer formas geomtricas: Tringulo, crculo, cuadrado, rectngulo y distinguirlas en base a sus atributos. Utilizacin de las nociones espaciales bsicas para explicar la ubicacin propia, de algn objeto, de alguna persona. Dominar las nociones espaciales y temporales bsicas (antes, despus). \r\n\r\nLa distincin de formas, su reconocimiento e identificacin, as como las relaciones de tipo topolgico  (entre, abierto, cerrado, ) pertenecen tambin a la construccin temporal. \r\n	t	\N
11	{"empty": "true"}	f	2012-11-27 11:15:17.4+00	2012-11-27 13:47:42.966+00	Sorting	Clasificar	Grouping like objects together, providing the opportunity for the infant to sort by discriminating same from different.	Agrupar mediante el uso de criterios de discriminacin	t	\N
7	{"empty": "true"}	f	2012-11-26 20:27:41.906+00	2012-11-27 14:38:33.03+00	Spatial exploration and visualization	Visualizacin y exploracin espacial	it includes tracking moving objects with eyes or elaborating search with watching and seeking after a number of changes	La adquisicin de habilidades de orientacin y representacin espacial. No incluye nicamente la habilidad de ver los objetos y los espacios, sino tambin la habilidad de reflexionar sobre ellos y sus posibles representaciones, sobre las relaciones entre sus partes, su estructura, y de examinar sus posibles transformaciones (rotacin, seccin, desarrollos,).	t	\N
13	{"empty": "true"}	f	2012-11-27 11:22:55.268+00	2012-11-27 14:12:39.114+00	spatial-temporal reasoning	Construccin de razonamiento espacio-temporal	the ability to form mental images from physical objects or to see patterns in time and space	La habilidad de formar imgenes mentales de objetos fsicos o de ver patrones en el tiempo y el espacio. 	t	\N
9	{"empty": "true"}	f	2012-11-27 11:01:35.532+00	2012-11-27 14:38:04.134+00	Symbolic Thinking	Pensamiento simblico	a type of thinking in which symbols or internal images are used to represent objects, persons, and events that are not present. Examples of symbolic thought are pretend play, drawing, writing, identification of pictures. 	El pensamiento simblico es la capacidad de representar:acontecimientos , objetos,personas sin estar presentes. Algunos ejemplos es el juego de imitacin, representativo, reconocer imgenes o el propio lenguaje.	t	\N
\.


--
-- Data for Name: db_domainarea_cognitive_areas; Type: TABLE DATA; Schema: public; Owner: -
--

COPY db_domainarea_cognitive_areas (id, domainarea_id, cognitivearea_id) FROM stdin;
24	12	2
25	6	3
26	6	2
27	14	1
28	15	1
29	5	3
30	10	3
31	10	2
32	1	3
33	2	3
34	8	2
35	4	3
36	4	2
37	3	3
38	3	2
39	11	1
40	11	3
41	11	2
42	7	3
43	7	2
44	13	3
45	13	2
46	9	2
\.


--
-- Data for Name: db_game; Type: TABLE DATA; Schema: public; Owner: -
--

COPY db_game (id, meta, deleted, "dtCreationDateTime", "dtModificationDateTime", name, min_age_months, max_age_months, short_desc, long_desc, name_es, short_desc_es, long_desc_es, owner_id, game_uuid, levels) FROM stdin;
1	{"meta1": "1"}	f	2012-08-30 19:17:53.321+00	2012-08-30 19:17:53.321+00	Game1	8	24	descripcion	descripcion larga	name	\N	\N	5	\N	0
2	{"responsiveness": {"fields": {"time_to_respond": {"type": "int"}}, "type": "dict"}, "version": 1, "identification": {"fields": {"elements_discriminatory": {"fields": {"num_elements": {"type": "int"}, "num_outliers": {"type": "int"}, "discriminatory_elements": {"field_type": "dict", "type": "list", "fields": {"is_target": {"type": "bool"}, "element_id": {"type": "string"}, "distance_to_target_x": {"type": "int"}, "distance_to_target_y": {"type": "int"}, "is_outlier": {"type": "bool"}}}}, "type": "dict"}, "elements_puzzle": {"fields": {"num_divisions": {"type": "int"}, "num_target_divisions": {"type": "int"}, "divisions": {"field_type": "dict", "type": "list", "fields": {"position": {"type": "int"}, "element_id": {"type": "string"}, "is_target": {"type": "bool"}}}}, "type": "dict"}, "elements_tapped": {"field_type": "dict", "type": "list", "fields": {"element_id": {"type": "string"}, "draggings": {"field_type": "dict", "type": "list", "fields": {"success": {"type": "bool"}, "z_start_position": {"type": "int"}, "y_end_position": {"type": "int"}, "x_end_position": {"type": "int"}, "x_start_position": {"type": "int"}, "y_start_position": {"type": "int"}, "z_end_position": {"type": "int"}}}, "tap_order": {"type": "int"}}}}, "type": "dict"}, "general": {"fields": {"num_elements": {"type": "int"}, "tap_on_objects": {"fields": {"count": {"type": "int"}, "taps": {"field_type": "string", "type": "list"}}, "type": "dict"}, "elements": {"field_type": "dict", "type": "list", "fields": {"xpos": {"type": "int"}, "zpos": {"type": "int"}, "ypos": {"type": "int"}, "shape": {"values": ["SQUARE", "CIRCULAR", "RHOMBUS", "STARN", "NOSHAPE"], "type": "constant"}, "type": {"values": ["2D", "3D"], "type": "constant"}, "id": {"type": "string"}, "size": {"fields": {"h": {"type": "int"}, "d": {"type": "int"}, "w": {"type": "int"}}, "type": "dict"}}}, "success": {"type": "int"}, "tap_no_objects": {"fields": {"count": {"type": "int"}, "taps": {"field_type": "dict", "type": "list", "fields": {"x_pos": {"type": "int"}, "y_pos": {"type": "int"}}}}, "type": "dict"}, "fails": {"type": "int"}, "elapsed_time": {"type": "int"}}, "type": "dict"}}	f	2012-11-27 11:30:05.68+00	2013-01-02 09:46:09.821433+00	Rufi and The Magic Paintings	18	40	Rufi and the Magic Paintings	Rufi and the Magic Paintings	Rufi y las Pinturas Mgicas	Rufi y las Pinturas Mgicas	Rufi y las Pinturas Mgicas	5	9a7603d3-84dd-4d46-8737-d18dae053d0e	0
\.


--
-- Data for Name: db_gameplay; Type: TABLE DATA; Schema: public; Owner: -
--

COPY db_gameplay (id, meta, deleted, "dtCreationDateTime", "dtModificationDateTime", is_playing, start_play, end_play, player_id, game_id, gameplay_uuid) FROM stdin;
1	{"empty": "true"}	f	2012-12-06 20:42:41.869+00	2012-12-06 20:42:41.869+00	t	2012-12-06 20:42:41.869+00	\N	1	2	38c5fdd2-1eb1-456e-91fd-fc099c14f744
2	{"empty": "true"}	f	2012-12-06 20:43:42.195+00	2012-12-06 20:43:42.195+00	t	2012-12-06 20:43:42.195+00	\N	2	2	e4bd486a-5463-4204-a23b-d04573c20e98
3	{"empty": "true"}	f	2012-12-11 19:17:57.968+00	2012-12-11 19:17:57.968+00	t	2012-12-11 19:17:57.968+00	\N	1	2	a62c6663-ef53-4b22-8388-7984fc6d66a2
4	{"empty": "true"}	f	2012-12-11 19:18:13.557+00	2012-12-11 19:18:13.557+00	t	2012-12-11 19:18:13.557+00	\N	1	2	9d61ad75-0298-48d4-a057-16c091706605
5	{"empty": "true"}	f	2012-12-11 20:42:42.226+00	2012-12-11 20:42:42.227+00	t	2012-12-11 20:42:42.227+00	\N	2	2	db3fed02-df25-4b05-a102-639e6a1807c5
6	{"empty": "true"}	f	2012-12-12 10:29:53.186+00	2012-12-12 10:29:53.186+00	t	2012-12-12 10:29:53.187+00	\N	2	2	4dcaf09b-1785-410a-ac04-37ffa9ac1c15
7	{"empty": "true"}	f	2012-12-12 11:15:39.699+00	2012-12-12 11:15:39.699+00	t	2012-12-12 11:15:39.7+00	\N	2	2	ecd6d532-9f44-4698-a07b-fe49a43ce270
8	{"empty": "true"}	f	2012-12-12 11:21:16.784+00	2012-12-12 11:21:16.784+00	t	2012-12-12 11:21:16.785+00	\N	2	2	79ffd5b6-8df5-42ab-b18a-27984de7cecd
9	{"empty": "true"}	f	2012-12-12 11:25:37.106+00	2012-12-12 11:25:37.106+00	t	2012-12-12 11:25:37.106+00	\N	2	2	e144b50c-bb81-4298-ba8e-d80805340513
10	{"empty": "true"}	f	2012-12-12 11:32:20.125+00	2012-12-12 11:32:20.125+00	t	2012-12-12 11:32:20.125+00	\N	2	2	0fb30582-c956-408e-9061-74578c723aa1
11	{"empty": "true"}	f	2012-12-12 11:47:49.995+00	2012-12-12 11:47:49.995+00	t	2012-12-12 11:47:49.995+00	\N	2	2	0c0368d3-049e-4804-92b9-4959d64a1920
12	{"empty": "true"}	f	2012-12-12 13:06:43.777+00	2012-12-12 13:06:43.777+00	t	2012-12-12 13:06:43.778+00	\N	2	2	8f4089e2-f73d-47ec-8d2a-9f8949d00be2
13	{"empty": "true"}	f	2012-12-12 13:07:31.856+00	2012-12-12 13:07:31.856+00	t	2012-12-12 13:07:31.856+00	\N	2	2	a79f333f-f3e7-401e-8058-d3d2e389c70e
14	{"empty": "true"}	f	2012-12-12 13:07:58.02+00	2012-12-12 13:07:58.02+00	t	2012-12-12 13:07:58.02+00	\N	2	2	d33adc08-23e6-4d94-a07c-0ed40217f19e
15	{"empty": "true"}	f	2012-12-12 14:45:18.042+00	2012-12-12 14:45:18.042+00	t	2012-12-12 14:45:18.042+00	\N	2	2	2088879c-8d81-42c8-8a57-564bc84e4253
16	{"empty": "true"}	f	2012-12-12 15:07:55.995+00	2012-12-12 15:07:55.995+00	t	2012-12-12 15:07:55.995+00	\N	2	2	362f2c6d-f8e6-4641-ae37-ba945fa0a834
17	{"empty": "true"}	f	2012-12-12 15:10:46.926+00	2012-12-12 15:10:46.926+00	t	2012-12-12 15:10:46.926+00	\N	2	2	aec7cfc9-9b68-4541-83e1-81ac25bebed6
18	{"empty": "true"}	f	2012-12-12 16:07:53.784+00	2012-12-12 16:07:53.784+00	t	2012-12-12 16:07:53.784+00	\N	2	2	255177ba-0c28-486e-a2b2-bbf9fd549bab
19	{"empty": "true"}	f	2012-12-12 16:12:21.505+00	2012-12-12 16:12:21.505+00	t	2012-12-12 16:12:21.505+00	\N	2	2	94c6ca95-5db5-4f2e-a846-f6e8c9ff721a
20	{"empty": "true"}	f	2012-12-12 16:15:59.134+00	2012-12-12 16:15:59.134+00	t	2012-12-12 16:15:59.134+00	\N	2	2	4b048988-e91b-4955-9006-64dffe059d89
21	{"empty": "true"}	f	2012-12-12 18:30:45+00	2012-12-12 18:30:45+00	t	2012-12-12 18:30:45+00	\N	2	2	bfac3394-d214-40a5-9c34-f6363a7f4105
22	{"empty": "true"}	f	2012-12-12 18:57:39.682+00	2012-12-12 18:57:39.682+00	t	2012-12-12 18:57:39.682+00	\N	2	2	fdd04284-e073-4616-88ed-2671e44ea373
23	{"empty": "true"}	f	2012-12-12 18:58:47.074+00	2012-12-12 18:58:47.074+00	t	2012-12-12 18:58:47.075+00	\N	2	2	e5eed918-1c6e-43d6-9fda-b59ce52a82d9
24	{"empty": "true"}	f	2012-12-12 19:03:34.477+00	2012-12-12 19:03:34.478+00	t	2012-12-12 19:03:34.478+00	\N	2	2	92a7926b-742f-47dc-bbe1-ce38cdefc683
25	{"empty": "true"}	f	2012-12-12 19:25:42.017+00	2012-12-12 19:25:42.017+00	t	2012-12-12 19:25:42.017+00	\N	2	2	154d0865-184f-4317-8779-06fcd607bbe6
26	{"empty": "true"}	f	2012-12-12 19:30:25.328+00	2012-12-12 19:30:25.328+00	t	2012-12-12 19:30:25.329+00	\N	2	2	e4883532-4874-4687-a56f-72a250e5e9a6
27	{"empty": "true"}	f	2012-12-12 19:36:54.152+00	2012-12-12 19:36:54.152+00	t	2012-12-12 19:36:54.152+00	\N	2	2	49e25716-0a30-47ae-a436-a2a38996564f
28	{"empty": "true"}	f	2012-12-12 19:41:36.655+00	2012-12-12 19:41:36.655+00	t	2012-12-12 19:41:36.655+00	\N	2	2	bfca742c-9a44-47c8-9c90-b0fce95d6529
29	{"empty": "true"}	f	2012-12-13 12:17:00.708+00	2012-12-13 12:17:00.708+00	t	2012-12-13 12:17:00.708+00	\N	2	2	db38d3f5-50b9-424d-932a-fc127e261436
30	{"empty": "true"}	f	2012-12-13 16:59:09.879+00	2012-12-13 16:59:09.879+00	t	2012-12-13 16:59:09.879+00	\N	2	2	34acaffe-7ae9-4dee-9aee-3708ba256380
31	{"empty": "true"}	f	2012-12-13 16:59:30.551+00	2012-12-13 16:59:30.551+00	t	2012-12-13 16:59:30.551+00	\N	2	2	f17b881b-5655-4a3c-9dfc-3747ff5a90d6
32	{"empty": "true"}	f	2012-12-13 17:04:08.47+00	2012-12-13 17:04:08.47+00	t	2012-12-13 17:04:08.47+00	\N	2	2	06aa0bf8-1ec6-46ee-ab97-420a703033fe
33	{"empty": "true"}	f	2012-12-13 17:08:58.498+00	2012-12-13 17:08:58.498+00	t	2012-12-13 17:08:58.498+00	\N	2	2	f17cb242-64b2-4dd0-a9b6-c27cc77fef32
34	{"empty": "true"}	f	2012-12-14 08:40:39.682+00	2012-12-14 08:40:39.682+00	t	2012-12-14 08:40:39.683+00	\N	2	2	1a591db3-a93c-4642-8797-e16b3d1cf803
35	{"empty": "true"}	f	2012-12-14 08:50:02.698+00	2012-12-14 08:50:02.699+00	t	2012-12-14 08:50:02.699+00	\N	2	2	ef8be7cc-7212-4863-8ef0-e7e5f9716bf0
36	{"empty": "true"}	f	2012-12-14 08:56:49.289+00	2012-12-14 08:56:49.289+00	t	2012-12-14 08:56:49.289+00	\N	2	2	2d5d62df-5e30-4af1-80c4-b1d3022ea432
37	{"empty": "true"}	f	2012-12-14 09:09:57.467+00	2012-12-14 09:09:57.467+00	t	2012-12-14 09:09:57.467+00	\N	2	2	d6cc5ead-c38d-428c-9ba2-d2378f1de3b3
38	{"empty": "true"}	f	2012-12-14 09:22:48.519+00	2012-12-14 09:22:48.519+00	t	2012-12-14 09:22:48.519+00	\N	2	2	5c314802-8788-468d-98b4-50245c1e95d1
39	{"empty": "true"}	f	2012-12-14 09:29:09.323+00	2012-12-14 09:29:09.323+00	t	2012-12-14 09:29:09.324+00	\N	2	2	52a72fca-cacd-4ab8-9ee9-5e9012b07995
40	{"empty": "true"}	f	2012-12-14 12:11:12.744+00	2012-12-14 12:11:12.744+00	t	2012-12-14 12:11:12.745+00	\N	2	2	70a40495-0a1f-4681-9e81-96b2a426a0dc
41	{"empty": "true"}	f	2012-12-14 23:23:56.891+00	2012-12-14 23:23:56.891+00	t	2012-12-14 23:23:56.891+00	\N	2	2	3b9d7364-c5fc-44de-addb-cee695e576ee
42	{"empty": "true"}	f	2012-12-14 23:38:09.639+00	2012-12-14 23:38:09.639+00	t	2012-12-14 23:38:09.639+00	\N	4	2	16399b0f-0da6-4131-acb2-b83d1a026ce5
43	{"empty": "true"}	f	2012-12-16 19:07:26.055+00	2012-12-16 19:07:26.055+00	t	2012-12-16 19:07:26.055+00	\N	2	2	c9358a62-9e82-4e47-81ed-e366ec55fb61
44	{"empty": "true"}	f	2013-01-02 09:46:09.825002+00	2013-01-02 09:46:13.583314+00	t	2013-01-02 09:46:09.825517+00	2013-01-02 09:46:13.573518+00	5	2	2d3e61b1-d449-4391-b20e-258c4787e500
\.


--
-- Data for Name: db_gameroute; Type: TABLE DATA; Schema: public; Owner: -
--

COPY db_gameroute (id, meta, deleted, "dtCreationDateTime", "dtModificationDateTime", elapsed_time, "order", game_play_id, gameroute_uuid) FROM stdin;
44	{"empty": "true"}	f	2012-12-30 17:00:40.393+00	2012-12-30 17:00:40.393+00	0	1	1	c20d67cd-0b51-4731-9a85-a73018f4e45c
45	{"empty": "true"}	f	2012-12-30 17:00:40.399+00	2012-12-30 17:00:40.4+00	0	1	2	455c9687-3b24-444b-b8a2-ff8f51be2966
46	{"empty": "true"}	f	2012-12-30 17:00:40.409+00	2012-12-30 17:00:40.409+00	0	1	3	e35d093a-f19b-44ff-8c66-fbe5930b488e
47	{"empty": "true"}	f	2012-12-30 17:00:40.418+00	2012-12-30 17:00:40.418+00	0	1	4	6c7d2414-feb3-4d39-9575-e098f7042174
48	{"empty": "true"}	f	2012-12-30 17:00:40.427+00	2012-12-30 17:00:40.427+00	0	1	5	a2f1d9cf-ba62-4fc6-a636-c1f6e558d3e5
49	{"empty": "true"}	f	2012-12-30 17:00:40.436+00	2012-12-30 17:00:40.436+00	0	1	6	2a140664-332a-4d81-8462-bd4006c84d96
50	{"empty": "true"}	f	2012-12-30 17:00:40.444+00	2012-12-30 17:00:40.445+00	0	1	7	856d483a-c18d-4d39-900f-9cd3cedeb1d1
51	{"empty": "true"}	f	2012-12-30 17:00:40.453+00	2012-12-30 17:00:40.453+00	0	1	8	2d4ceb54-cdc9-4521-b768-ad2f8638b2e9
52	{"empty": "true"}	f	2012-12-30 17:00:40.462+00	2012-12-30 17:00:40.462+00	0	1	9	1cd541a0-a279-499c-9e35-c3e142f1e2f0
53	{"empty": "true"}	f	2012-12-30 17:00:40.471+00	2012-12-30 17:00:40.471+00	0	1	10	84a02c5b-b41a-4b15-8fd6-6b35fd7ebc87
54	{"empty": "true"}	f	2012-12-30 17:00:40.48+00	2012-12-30 17:00:40.48+00	0	1	11	4ad6bd2d-1b4a-4d0f-b1c3-4bf01ceb061d
55	{"empty": "true"}	f	2012-12-30 17:00:40.489+00	2012-12-30 17:00:40.489+00	0	1	12	87dff90b-f73f-4d83-82ec-112463dea533
56	{"empty": "true"}	f	2012-12-30 17:00:40.495+00	2012-12-30 17:00:40.495+00	0	1	13	42924814-5dc7-473a-8c1b-175aa5e32439
57	{"empty": "true"}	f	2012-12-30 17:00:40.499+00	2012-12-30 17:00:40.499+00	0	1	14	5cb2dd16-4b6b-44ad-9fe6-14dd16e96bd7
58	{"empty": "true"}	f	2012-12-30 17:00:40.502+00	2012-12-30 17:00:40.502+00	0	1	15	a35bd141-0d49-40fd-90a6-2dd9ae6bfb28
59	{"empty": "true"}	f	2012-12-30 17:00:40.505+00	2012-12-30 17:00:40.505+00	0	1	16	1b3d8a11-1f0d-4646-a153-c1c1fa7f8885
60	{"empty": "true"}	f	2012-12-30 17:00:40.509+00	2012-12-30 17:00:40.509+00	0	1	17	99cba31d-efdf-433e-8f2b-69097b19b071
61	{"empty": "true"}	f	2012-12-30 17:00:40.512+00	2012-12-30 17:00:40.512+00	0	1	18	ea164d64-087d-44a9-8dc8-2accc88cfa92
62	{"empty": "true"}	f	2012-12-30 17:00:40.515+00	2012-12-30 17:00:40.515+00	0	1	19	9039d5d2-18f6-4c7a-8a39-414bf98e19e0
63	{"empty": "true"}	f	2012-12-30 17:00:40.519+00	2012-12-30 17:00:40.519+00	0	1	20	0dfc7d59-577a-4d93-9400-a67aca076209
64	{"empty": "true"}	f	2012-12-30 17:00:40.522+00	2012-12-30 17:00:40.522+00	0	1	21	55415630-d017-44cb-a1fa-5eaaef29a9dc
65	{"empty": "true"}	f	2012-12-30 17:00:40.526+00	2012-12-30 17:00:40.526+00	0	1	22	0a618411-a645-4927-95e4-5b0d0004c5e8
66	{"empty": "true"}	f	2012-12-30 17:00:40.529+00	2012-12-30 17:00:40.529+00	0	1	23	90f2f9bc-5d24-4b88-8dbb-e065b1172897
67	{"empty": "true"}	f	2012-12-30 17:00:40.532+00	2012-12-30 17:00:40.533+00	0	1	24	87ac56dc-ca99-4983-9ee0-6d513ce11a1a
68	{"empty": "true"}	f	2012-12-30 17:00:40.536+00	2012-12-30 17:00:40.536+00	0	1	25	82b56079-6643-4bde-992d-2cb3224536b1
69	{"empty": "true"}	f	2012-12-30 17:00:40.539+00	2012-12-30 17:00:40.539+00	0	1	26	77e9d75e-8504-484e-b1f9-f33d31b0fa61
70	{"empty": "true"}	f	2012-12-30 17:00:40.543+00	2012-12-30 17:00:40.543+00	0	1	27	996c7fcb-5117-4ea6-b561-61f6c683c68d
71	{"empty": "true"}	f	2012-12-30 17:00:40.546+00	2012-12-30 17:00:40.546+00	0	1	28	dac3035e-b743-41b3-afac-69337b173743
72	{"empty": "true"}	f	2012-12-30 17:00:40.549+00	2012-12-30 17:00:40.55+00	0	1	29	83d5b839-f002-46e8-9313-00feb18385a5
73	{"empty": "true"}	f	2012-12-30 17:00:40.553+00	2012-12-30 17:00:40.553+00	0	1	30	21b683c0-2a2f-4973-aef4-65467fd3da11
74	{"empty": "true"}	f	2012-12-30 17:00:40.556+00	2012-12-30 17:00:40.556+00	0	1	31	ebd39ca9-96ed-4b30-9a65-f19c70d50aa4
75	{"empty": "true"}	f	2012-12-30 17:00:40.56+00	2012-12-30 17:00:40.56+00	0	1	32	c5c394da-51b6-4b67-99d0-a4955317e62a
76	{"empty": "true"}	f	2012-12-30 17:00:40.563+00	2012-12-30 17:00:40.563+00	0	1	33	5fe07435-8f09-431e-be61-63ad080fdebe
77	{"empty": "true"}	f	2012-12-30 17:00:40.566+00	2012-12-30 17:00:40.566+00	0	1	34	f7cac3bd-8acb-462d-9daa-265e41d0958e
78	{"empty": "true"}	f	2012-12-30 17:00:40.57+00	2012-12-30 17:00:40.57+00	0	1	35	dd62da7c-27f4-4b69-b3ad-e6ab968e6926
79	{"empty": "true"}	f	2012-12-30 17:00:40.573+00	2012-12-30 17:00:40.573+00	0	1	36	2b33635b-1a5a-4bce-bff5-0c1ca394aec1
80	{"empty": "true"}	f	2012-12-30 17:00:40.576+00	2012-12-30 17:00:40.576+00	0	1	37	1c66c9f0-0295-4490-bc37-a9465f3a6544
81	{"empty": "true"}	f	2012-12-30 17:00:40.58+00	2012-12-30 17:00:40.58+00	0	1	38	9135be8f-6be3-4fe1-a9d0-057c7a66d633
82	{"empty": "true"}	f	2012-12-30 17:00:40.583+00	2012-12-30 17:00:40.583+00	0	1	39	555d6e2a-0607-46fa-8936-9cc934056240
83	{"empty": "true"}	f	2012-12-30 17:00:40.586+00	2012-12-30 17:00:40.587+00	0	1	40	607e005a-8831-4c23-91f6-19e1b75cc2b9
84	{"empty": "true"}	f	2012-12-30 17:00:40.59+00	2012-12-30 17:00:40.59+00	0	1	41	ed328a1a-d6c2-45df-9ec9-574474dce216
85	{"empty": "true"}	f	2012-12-30 17:00:40.593+00	2012-12-30 17:00:40.593+00	0	1	42	8f39b8c7-daaa-4fa9-8c81-0908341d29c6
86	{"empty": "true"}	f	2012-12-30 17:00:40.597+00	2012-12-30 17:00:40.597+00	0	1	43	1e218b2c-142c-43d6-be59-ff9415c8164e
2	{"empty": "true"}	f	2012-12-06 20:43:42.197+00	2012-12-06 20:43:42.197+00	0	1	2	efdb9893-d002-47c2-baf9-ff0246913294
3	{"empty": "true"}	f	2012-12-11 19:17:57.97+00	2012-12-11 19:17:57.97+00	0	1	3	6066b616-0426-4e9a-a8d1-e1e16eaa5e6a
4	{"empty": "true"}	f	2012-12-11 19:18:13.559+00	2012-12-11 19:18:13.559+00	0	1	4	4f23efaf-5f62-43dc-9f68-54ba1d7545a0
5	{"empty": "true"}	f	2012-12-11 20:42:42.229+00	2012-12-11 20:42:42.229+00	0	1	5	7a74c333-b924-4927-aa17-256bfd3e0e4a
6	{"empty": "true"}	f	2012-12-12 10:29:53.189+00	2012-12-12 10:29:53.189+00	0	1	6	b59fd1cd-6ad0-45bf-af96-5ff5cbb84af0
7	{"empty": "true"}	f	2012-12-12 11:15:39.702+00	2012-12-12 11:15:39.702+00	0	1	7	78f7dbed-2bd0-4250-90bc-0e2e33bb9816
8	{"empty": "true"}	f	2012-12-12 11:21:16.787+00	2012-12-12 11:21:16.787+00	0	1	8	ddcea2be-15a8-452b-868a-f2d0494f1a72
9	{"empty": "true"}	f	2012-12-12 11:25:37.108+00	2012-12-12 11:25:37.108+00	0	1	9	cf85f966-c92e-4cee-9a5e-e6767dae6e88
10	{"empty": "true"}	f	2012-12-12 11:32:20.128+00	2012-12-12 11:32:20.128+00	0	1	10	e7c90c39-c889-48ef-a68d-b583a1b5653b
11	{"empty": "true"}	f	2012-12-12 11:47:49.997+00	2012-12-12 11:47:49.997+00	0	1	11	4934dbdf-37cb-4d8b-b61a-5ce4a3169eb3
12	{"empty": "true"}	f	2012-12-12 13:06:43.78+00	2012-12-12 13:06:43.78+00	0	1	12	f8f27a60-8cbe-4cfd-9512-fdf577e52ac7
13	{"empty": "true"}	f	2012-12-12 13:07:31.858+00	2012-12-12 13:07:31.858+00	0	1	13	0f3dae32-bc11-46fb-b7a2-92e1d95e2542
14	{"empty": "true"}	f	2012-12-12 13:07:58.022+00	2012-12-12 13:07:58.022+00	0	1	14	80372ff7-8485-481b-aaa2-5ec067fc30f0
15	{"empty": "true"}	f	2012-12-12 14:45:18.044+00	2012-12-12 14:45:18.044+00	0	1	15	31b63887-e6dc-4201-8bce-2c86519ae259
16	{"empty": "true"}	f	2012-12-12 15:07:55.997+00	2012-12-12 15:07:55.997+00	0	1	16	06613075-900b-4ee8-9f65-4820c8422d19
17	{"empty": "true"}	f	2012-12-12 15:10:46.928+00	2012-12-12 15:10:46.928+00	0	1	17	a2b01c0c-0ec2-4c45-ab1c-28014c3ae948
18	{"empty": "true"}	f	2012-12-12 16:07:53.786+00	2012-12-12 16:07:53.786+00	0	1	18	dba513bc-32c3-43da-83ca-8d4975bab22a
19	{"empty": "true"}	f	2012-12-12 16:12:21.507+00	2012-12-12 16:12:21.507+00	0	1	19	74aae95b-54e7-4290-9875-b218a426ed01
20	{"empty": "true"}	f	2012-12-12 16:15:59.136+00	2012-12-12 16:15:59.136+00	0	1	20	1ae77a1f-873b-47fc-a77c-b53b99632579
21	{"empty": "true"}	f	2012-12-12 18:30:45.002+00	2012-12-12 18:30:45.002+00	0	1	21	b20ad83b-7ef4-4366-bec0-87ea406311cc
22	{"empty": "true"}	f	2012-12-12 18:57:39.684+00	2012-12-12 18:57:39.684+00	0	1	22	7a5a9603-59ec-4c47-b969-56338eec7d12
23	{"empty": "true"}	f	2012-12-12 18:58:47.077+00	2012-12-12 18:58:47.077+00	0	1	23	7de774f4-adcd-4e22-b3ec-b0fe8b25c158
24	{"empty": "true"}	f	2012-12-12 19:03:34.48+00	2012-12-12 19:03:34.48+00	0	1	24	c91e4c27-fdca-487c-881c-773a1d1523a9
25	{"empty": "true"}	f	2012-12-12 19:25:42.021+00	2012-12-12 19:25:42.021+00	0	1	25	22b3ed3d-8ee9-4f65-baf5-4a2e770ffb69
26	{"empty": "true"}	f	2012-12-12 19:30:25.331+00	2012-12-12 19:30:25.331+00	0	1	26	44f91b19-9eb6-4765-a28f-b790794662b9
27	{"empty": "true"}	f	2012-12-12 19:36:54.154+00	2012-12-12 19:36:54.154+00	0	1	27	034040ca-89f3-4c9b-90c4-4f35d771b648
28	{"empty": "true"}	f	2012-12-12 19:41:36.657+00	2012-12-12 19:41:36.657+00	0	1	28	c1dbef0e-55f8-4661-8339-a5f9c01ef3f4
29	{"empty": "true"}	f	2012-12-13 12:17:00.71+00	2012-12-13 12:17:00.71+00	0	1	29	407cc78c-74a2-42c7-8112-c90eaebdf017
30	{"empty": "true"}	f	2012-12-13 16:59:09.881+00	2012-12-13 16:59:09.881+00	0	1	30	ebbceec9-f307-40da-9f29-f62a4f5195a5
31	{"empty": "true"}	f	2012-12-13 16:59:30.553+00	2012-12-13 16:59:30.553+00	0	1	31	81a7c01f-c4d8-4738-be15-cea5e90b65ba
32	{"empty": "true"}	f	2012-12-13 17:04:08.471+00	2012-12-13 17:04:08.471+00	0	1	32	be74a901-8669-4e8a-a610-6fbe9f925bf1
33	{"empty": "true"}	f	2012-12-13 17:08:58.5+00	2012-12-13 17:08:58.5+00	0	1	33	907a704b-0399-4224-8188-ea88a5ff5343
34	{"empty": "true"}	f	2012-12-14 08:40:39.685+00	2012-12-14 08:40:39.685+00	0	1	34	8810e2a3-36d9-41a3-b512-87b1714c3385
35	{"empty": "true"}	f	2012-12-14 08:50:02.701+00	2012-12-14 08:50:02.701+00	0	1	35	8c80b55e-74cd-4aab-9337-5353c7c7f4e6
36	{"empty": "true"}	f	2012-12-14 08:56:49.291+00	2012-12-14 08:56:49.291+00	0	1	36	0e495e32-7b27-465d-aec3-e79c317f7f88
37	{"empty": "true"}	f	2012-12-14 09:09:57.469+00	2012-12-14 09:09:57.469+00	0	1	37	ceea9c18-8788-4f35-befe-c9841ac92b16
38	{"empty": "true"}	f	2012-12-14 09:22:48.522+00	2012-12-14 09:22:48.522+00	0	1	38	1e5cc46f-d062-4e31-9c34-51eeca738185
39	{"empty": "true"}	f	2012-12-14 09:29:09.329+00	2012-12-14 09:29:09.329+00	0	1	39	870ddb76-3991-4cbe-9b52-6006828f15a2
40	{"empty": "true"}	f	2012-12-14 12:11:12.747+00	2012-12-14 12:11:12.747+00	0	1	40	0831b326-e8f1-48e2-8658-618918c8cb33
41	{"empty": "true"}	f	2012-12-14 23:23:56.893+00	2012-12-14 23:23:56.893+00	0	1	41	6a9acb2e-09f6-458a-9d36-ed40765fb592
1	{"empty": "true"}	f	2012-12-06 20:42:41.871+00	2012-12-14 23:25:30.997+00	0	1	1	8521c958-d8d5-41ad-a436-8b1dbe3803e8
42	{"empty": "true"}	f	2012-12-14 23:38:09.641+00	2012-12-14 23:40:55.125+00	0	1	42	59c96ac8-390a-426a-b107-2e3c34e679cb
43	{"empty": "true"}	f	2012-12-16 19:07:26.057+00	2012-12-16 19:07:26.057+00	0	1	43	b249c62b-6dbf-4307-a7bc-413bdf62b0dd
87	{"empty": "true"}	f	2013-01-02 09:46:09.830996+00	2013-01-02 09:46:09.831096+00	0	1	44	6b1db16b-f234-4f78-9147-313453906ff6
\.


--
-- Data for Name: db_gamescoring; Type: TABLE DATA; Schema: public; Owner: -
--

COPY db_gamescoring (id, meta, deleted, "dtCreationDateTime", "dtModificationDateTime", game_id, indicator_id) FROM stdin;
1	{"stub": {"function": "ind_15", "range": 10, "params": {"weighted_fields": [{"name": "total_elements", "weight": 3}, {"name": "target_divisions", "weight": 2}, {"name": "discriminatory_elements", "weight": 1}]}, "module": "apps.score.stubs.indicators"}}	f	2012-12-14 23:22:46.064+00	2012-12-14 23:22:46.064+00	2	32
2	{"stub": {"function": "ind_15", "range": 10, "params": {"weighted_fields": [{"name": "total_elements", "weight": 3}, {"name": "target_divisions", "weight": 2}, {"name": "discriminatory_elements", "weight": 1}]}, "module": "apps.score.stubs.indicators"}}	f	2012-12-30 17:04:43.457+00	2012-12-30 17:04:43.457+00	2	32
\.


--
-- Data for Name: db_indicator; Type: TABLE DATA; Schema: public; Owner: -
--

COPY db_indicator (id, meta, deleted, "dtCreationDateTime", "dtModificationDateTime", name, name_es, summary, summary_es, indicator_uuid) FROM stdin;
52	{"empty": "true"}	f	2012-11-27 20:19:43.103+00	2012-11-27 20:19:43.103+00		Reconoce y discrimina grupos pequeos de sonidos	\N	Identifica grupos pequeos de sonidos	\N
35	{"empty": "true"}	f	2012-11-27 19:02:16.129+00	2012-11-27 19:05:24.354+00	associating the spoken work with the written word 	Asociar la palabra escrita con el sonido	by pointing or talking about connections  and recognizing familiar signs (i.e., stop signs, logos etc.)	reconociendo smbolos o palabras o signos	\N
29	{"empty": "true"}	f	2012-11-27 18:39:53.148+00	2012-11-27 18:47:20.302+00	begins to understand that speech can be written to convey meaning. 	Entender que las palabras pueden tener un significado y asociarlo	Understanding that speech can be written to convey mening.	Entender que las palabras pueden tener un significado y asociarlo (signos, palabras, dibujos)	\N
39	{"empty": "true"}	f	2012-11-27 19:29:29.605+00	2012-11-27 19:41:59.255+00	Classify and identifies objects according to common characteristics	Clasificar y agrupar objetos segn atributos iguales	Classify and identifies objects according to common characteristics (one or more)	Ya sea uno o varios	\N
40	{"empty": "true"}	f	2012-11-27 19:31:42.525+00	2012-11-27 19:41:27.245+00	Classify and identifies objects according to different characteristics	Clasificar y agrupar objetos segn atributos diferentes	One or more attributes	Ya sea uno o ms. 	\N
1	{"empty": "true"}	f	2012-11-24 17:07:09.306+00	2012-11-27 17:58:22.984+00	Color Recognition	Reconocimiento de color	color attribute recognition	Reconocimiento del atributo color	\N
21	{"empty": "true"}	f	2012-11-27 17:26:12.638+00	2012-11-27 17:26:31.824+00	Recognizes signs.	Reconocer signos	Recognizes signs.	Reconocer signos	\N
53	{"empty": "true"}	f	2012-11-27 20:20:23.551+00	2012-11-27 20:21:26.393+00	Comprehends and expands on oral language	Comprende y ampla la lengua oral	Comprehends and expands on oral language	Comprende y ampla la lengua oral	\N
6	{"empty": "true"}	f	2012-11-26 12:26:00.794+00	2012-11-27 15:34:07.649+00	Comprehension of languages	Comprensin de lenguas	\N	comprensin	\N
47	{"empty": "true"}	f	2012-11-27 20:04:26.054+00	2012-11-27 20:04:45.533+00	Counting sides and corners	Contar lados y esquinas	Counting sides and corners	Contar lados y esquinas	\N
44	{"empty": "true"}	f	2012-11-27 19:55:51.844+00	2012-11-27 19:56:24.254+00	creating sounds by singing and making music 	Crear sonidos cantando y creando msica	creating sounds by singing and making music 	Crear sonidos cantando y creando msica	\N
43	{"empty": "true"}	f	2012-11-27 19:51:04.62+00	2012-11-27 19:51:27.435+00	dentifying sounds in their environment,	Identificar sonidos del mundo exterior: animales, trfico, personas	 such as animal sounds, traffic noise, etc	Identificar sonidos del mundo exterior: animales, trfico, personas	\N
45	{"empty": "true"}	f	2012-11-27 19:57:04.823+00	2012-11-27 19:57:31.596+00	Discriminates and identifies rythms	Discriminar e identificar ritmos 	Discriminates and identifies rythms	Discriminar e identificar ritmos 	\N
17	{"empty": "true"}	f	2012-11-27 16:32:01.921+00	2012-11-27 16:33:01.441+00	Elaborating search with watching and seeking after a number of changes	Elaborar una bsqueda despus de una serie de cambios en el espacio	elaborating search with watching and seeking after a number of changes	Elaborar una bsqueda despus de una serie de cambios en el espacio	\N
7	{"empty": "true"}	f	2012-11-26 12:26:47.23+00	2012-11-27 15:08:49.243+00	Follows directions	Sigue instrucciones 	\N	Sigue instrucciones simples y complejas	\N
27	{"empty": "true"}	f	2012-11-27 17:49:33.98+00	2012-11-27 19:41:06.915+00	identifIcation of number symbols beyond ten	Identificacin de smbolos numricos a partir de 10	identifIcation of number symbols beyond ten	Identificacin de smbolos numricos a partir de 10	\N
26	{"empty": "true"}	f	2012-11-27 17:48:11.727+00	2012-11-27 19:42:22.493+00	identifIcation of number symbols one to ten	Identificacin de smbolos numricos del 1-10	identifIcation of number symbols one to ten 	Identificacin de smbolos nmericos del 1-10	\N
51	{"empty": "true"}	f	2012-11-27 20:17:56.079+00	2012-11-27 20:18:08.701+00	Identifies and names letters	identifica letras	Identifies and names letters	identifica letras	\N
32	{"empty": "true"}	f	2012-11-27 18:58:32.967+00	2012-11-27 18:58:53.7+00	Identifies parts in relationship to the whole. 	Identifica partes en relacin con el todo	Identifies parts in relationship to the whole. 	Identifica partes en relacin con el todo	\N
36	{"empty": "true"}	f	2012-11-27 19:04:05.248+00	2012-11-27 19:06:39.286+00	letter-sound Knowledge	Conocimiento de letra-sonido	letter sound-knowledge	conocimiento de la letra y su sonido	\N
25	{"empty": "true"}	f	2012-11-27 17:44:10.138+00	2012-11-27 20:24:39.205+00	Matching items by function	Emparejar objetos por su funcin	matching items by function	Emparejar objetos por su funcin	\N
20	{"empty": "true"}	f	2012-11-27 17:22:34.734+00	2012-11-27 17:23:08.782+00	matching pictures to real objects	Emparejar fotos con objetos reales	makes and articulates connections to photographs, pictures, drawings and familiar words	Identificar objetos reales con dibujos, fotografas, o palabras familiares 	\N
31	{"empty": "true"}	f	2012-11-27 18:55:26.144+00	2012-11-27 19:18:53.818+00	Mathematical comparisons,	Comparaciones	 such as more or less than, equal to.	Como ms que, igual a, o menos que. 	\N
42	{"empty": "true"}	f	2012-11-27 19:48:31.671+00	2012-11-27 19:49:28.058+00	Notices and discrimates alliteration	Reconoce y discrimina aliteraciones	Notices and discrimates alliteration	Reconoce y discrimina aliteraciones	\N
48	{"empty": "true"}	f	2012-11-27 20:11:31.847+00	2012-11-27 20:11:47.847+00	order 	orden	term of order: numbers, daily events, etc.	en trminos de nmeros, secuencias, etc.	\N
15	{"empty": "true"}	f	2012-11-27 16:17:39.878+00	2012-11-27 16:18:30.764+00	part-whole integration and representation	integracin y representacin parte-todo 	part-whole integration and representation of objects, colors, shapes, images, etc.	integracin y representacin parte-todo 	\N
9	{"empty": "true"}	f	2012-11-27 15:38:57.329+00	2012-11-27 15:39:33.366+00	Patterns recognition	Reconocimiento de patrones	Recognizes, duplicates, and creates simple patterns	Reconoce, duplica y crea patrones simples	\N
12	{"empty": "true"}	f	2012-11-27 16:06:14.581+00	2012-11-27 16:06:33.634+00	Perspective	Perspectiva	identifying objects from different points of view (perspective)	Identificar objetos desde diferentes puntos de vista	\N
28	{"empty": "true"}	f	2012-11-27 18:37:24.245+00	2012-11-27 18:37:49.696+00	pointing to parts of own body/face and the corresponding parts of others	emparejar partes del propio cuerpo/cara y de los dems	pointing to parts of own body/face and the corresponding parts of others	emparejar partes del propio cuerpo/cara y de los dems	\N
11	{"empty": "true"}	f	2012-11-27 16:01:24.227+00	2012-11-27 18:54:03.479+00	Position of shapes and objects	Posicin 	Recognition of objects and shapes and specifies their location/position.\r\nInterprets relative position of object (near, next to, far away. )\r\nAbility to recognize and discriminate in terms of position of objects in their environment, such as up, down, over, under, top, bottom, inside, outside, in front, right, left and behind\r\nspatial position: inside, outside, right, left, etc.	Reconocer formas y objetos y especificar su posicin y localizacin en el espacio.\r\nPosicin relativa de los objetos (cerca, al lado de, lejos)\r\nReconocer y discriminar en trminos de posicin de objetos (arriba, debajo, al fondo, derecha, izquierda)\r\n\r\n	\N
24	{"empty": "true"}	f	2012-11-27 17:40:00.586+00	2012-11-27 18:01:52.565+00	Quantity groups	Agrupar por cantidad	Count and compare groups formed (quantify groups formed)	contar y comparar grupos de cosas (por cantidad) 	\N
16	{"empty": "true"}	f	2012-11-27 16:28:14.272+00	2012-11-27 16:28:43.954+00	reating internal image of an absent object or past event	Mantener la imagen de un objeto ausente o de un evento pasado 	reating internal image of an absent object or past event	Mantener la imagen de un objeto ausente o de un evento pasado 	\N
30	{"empty": "true"}	f	2012-11-27 18:45:13.548+00	2012-11-27 18:50:59.684+00	Recognition of 3D shapes	Reconocimiento de figuras tridimensionales	Matching 3D shapes: cube, sphere, etc.	Caractersticas y emparejamiento de figuras tridimensionales	\N
34	{"empty": "true"}	f	2012-11-27 18:59:26.431+00	2012-11-27 19:07:09.125+00	recognize addition as putting objects  together and subtraction as taking objects apart.  	Reconoce la suma como aadir elementos y resta como quitarlos.	recognize addition as putting objects  together and subtraction as taking objects apart.  	Reconoce la suma como aadir elementos y resta como quitarlos.	\N
49	{"empty": "true"}	f	2012-11-27 20:12:35.698+00	2012-11-27 20:13:00.141+00	 recognize the order of numbers	reconocer el orden de los nmeros	before, after, between	antes, despus, en medio 	\N
46	{"empty": "true"}	f	2012-11-27 20:01:16.423+00	2012-11-27 20:01:39.805+00	Recognizing and interpret information presented in tables,  graphs and symbols.	Reconoce e interpreta informacin de tablas, grficos y smbolos	Recognizing and interpret information presented in tables,  graphs and symbols.	Reconoce e interpreta informacin de tablas, grficos y smbolos	\N
37	{"empty": "true"}	f	2012-11-27 19:16:37.227+00	2012-11-27 19:16:57.476+00	recognizing matching sounds and rhymes	Emparejar sonidos y ritmos iguales	 in familiar  words, games, songs, stories, and poem	en poemas, canciones, melodas, etc.	\N
23	{"empty": "true"}	f	2012-11-27 17:32:17.515+00	2012-11-27 17:32:52.947+00	Recognizing previously seen faces and objects	Reconocer caras y objetos previamente vistos	Reconocer caras y objetos previamente vistos 	Reconocer caras y objetos previamente vistos	\N
22	{"empty": "true"}	f	2012-11-27 17:30:05.41+00	2012-11-27 17:30:42.781+00	Recognizing self in picture/mirror 	Reconocerse a s mismo en un espejo/fotografa	recognizing self in picture/mirror 	Reconocerse a s mismo en un espejo/fotografa o partes de la misma. 	\N
13	{"empty": "true"}	f	2012-11-27 16:07:43.889+00	2012-11-27 16:23:01.712+00	Searching for things that move out of sight finding hidden objects	Buscar objetos que desaparecen	searching for things that move out of sight finding hidden objects	Buscar objetos que desaparecen fuera de la vista o que sufren cambios en el espacio 	\N
18	{"empty": "true"}	f	2012-11-27 16:50:03.786+00	2012-11-27 17:08:00.176+00	sense of time: sequencing events of daily life	Concepto de tiempo: secuenciar escenas cotidianas	Match events with blocks of time that are part of the toddlers daily life. This allows the child to connect temporal terms such as later with a sequence of time that he knows. 	secuenciar escenas cotidianas para saber que ocurrir despus y construir el concepto de tiempo 	\N
2	{"empty": "true"}	f	2012-11-24 17:07:58.559+00	2012-11-27 16:09:59.755+00	Shape recognition	Reconocimiento de forma	names, matches and identifies basic geometric shapes: circle, square, triangle\r\nRecreates geometric shapes using spatial memory and visualization.\r\nClassify and identifies objects according to common\r\nRecreates geometric shapes using spatial memory and visualization\r\nCharacteristics of shapes in 3D and 2D	Nombrar, emparejar e identificar formas geomtricas bsicas \r\nRecrea figuras geomtricas usando memoria visual y visualizacin\r\nclasifica e identifica objetos segun la misma forma \r\nCaractersticas de figuras 2D y 3D 	\N
3	{"empty": "true"}	f	2012-11-24 17:08:33.614+00	2012-11-27 15:33:12.996+00	Size recognition	Reconocimiento tamao	 Determines whether or not two shapes are the same size\r\nsorts, classifies, orders and regroups objects by size,\r\n	Determina si dos figuras son o no del mismo tamao.  \r\nClasifica, agrupa y ordena objetos por tamao 	\N
10	{"empty": "true"}	f	2012-11-27 15:41:19.709+00	2012-11-27 19:13:47.343+00	Sound patterns	Patrones de sonido	Recall and Discriminates and identifies sounds and patterns of sounds 	Recall and Discriminates and identifies sounds and patterns of sounds 	\N
19	{"empty": "true"}	f	2012-11-27 17:10:16.596+00	2012-11-27 17:12:02.737+00	Time: understanding and using corrrectly units of time	Tiempo: entendiendo y usando correctamente diferentes unidades de tiempo	identify and use the language of units of time.\r\nFor example:\r\na. Day, night, week;\r\nb. Yesterday, today, tomorrow	Usar las diferentes unidades de tiempo correctamente:\r\nPor ejemplo\r\na. Da, noche, semana\r\nb. Ayer, hoy, despus	\N
8	{"empty": "true"}	f	2012-11-26 12:37:58.05+00	2012-11-27 16:27:34.068+00	tracking moving objects with eyes	Seguir desplazamientos de un objeto visible	tracking moving objects with eyes	Seguir desplazamientos de un objeto visible	\N
14	{"empty": "true"}	f	2012-11-27 16:11:27.289+00	2012-11-27 16:11:50.939+00	Understands vocabulary	Entiende vocabulario	Understands vocabulary	Entiende vocabulario	\N
38	{"empty": "true"}	f	2012-11-27 19:22:31.704+00	2012-11-27 19:45:35.573+00	Units of measure	unidades de medida 	Compare the measurable attributes of objects such as leght or weigh (e.g., bigger, smaller, lighter, heavier, taller, shorter, more and less..\r\nClassify and identifies objects according to units of measure\r\ncompare the measurable attributes\r\nsorting and labelling	grande/pequo, ligero y pesado, duro y suave, etc.	\N
50	{"empty": "true"}	f	2012-11-27 20:16:06.971+00	2012-11-27 20:16:37.034+00	 Uses one-to-one correspondence in counting objects and matching  groups of objects	usar la correspondencia uno a uno para contar objetos y emparejar grupos de objetos	 Uses one-to-one correspondence in counting objects and matching  groups of objects	usar la correspondencia uno a uno para contar objetos y emparejar grupos de objetos	\N
41	{"empty": "true"}	f	2012-11-27 19:33:51.592+00	2012-11-27 19:34:04.481+00	using name of self and others	Referirse a s mismo y a los dems	using name of self and others	Conciencia de s mismo y de los dems	\N
4	{"empty": "true"}	f	2012-11-24 17:08:51.963+00	2012-11-27 19:45:05.848+00	Volume Recognition	Reconocimiento volumen	Volume attribute recognition	reconocimiento del atributo volumen	\N
5	{"empty": "true"}	f	2012-11-26 12:24:08.688+00	2012-11-27 15:29:15.889+00	Word Recognition	Reconocimiento de letras	\N	reconocimiento de letras 	\N
\.


--
-- Data for Name: db_indicator_clusters; Type: TABLE DATA; Schema: public; Owner: -
--

COPY db_indicator_clusters (id, indicator_id, cluster_id) FROM stdin;
151	52	26
152	52	27
153	35	18
154	35	28
155	35	29
156	29	18
157	29	29
158	39	11
159	39	10
160	39	22
161	39	5
162	39	9
163	39	8
164	40	11
165	40	10
166	40	22
167	40	5
168	40	6
169	40	9
170	1	9
171	1	10
172	1	5
173	1	22
174	1	8
175	53	24
176	53	25
177	6	25
178	47	1
179	47	5
180	47	22
181	44	26
182	44	27
183	43	26
184	43	27
185	43	23
186	45	26
187	45	27
188	17	18
189	17	17
190	17	16
191	7	24
192	27	1
193	27	10
194	27	18
195	26	1
196	26	10
197	26	18
198	51	18
199	51	28
200	32	18
201	32	4
202	36	18
203	36	28
204	25	8
205	25	22
206	20	18
207	20	29
208	31	11
209	31	2
210	31	22
211	31	7
212	42	8
213	42	27
214	48	15
215	48	19
216	48	1
217	48	2
218	48	5
219	48	6
220	48	8
221	15	16
222	9	8
223	9	7
224	9	16
225	12	16
226	28	21
227	11	19
228	11	16
229	11	5
230	11	7
231	11	6
232	24	8
233	24	22
234	16	18
235	16	17
236	30	19
237	30	18
238	30	5
239	30	6
240	34	4
241	21	18
242	21	29
243	49	2
244	46	1
245	46	10
246	46	29
247	37	26
248	37	28
249	37	23
250	23	18
251	23	21
252	23	23
253	22	18
254	22	21
255	13	17
256	13	16
257	18	19
258	18	15
259	2	10
260	2	16
261	2	19
262	2	18
263	2	5
264	2	7
265	2	8
266	3	11
267	3	10
268	3	5
269	3	22
270	3	8
271	10	8
272	10	26
273	10	27
274	10	23
275	19	11
276	19	19
277	19	15
278	8	17
279	8	16
280	14	24
281	38	11
282	38	10
283	38	5
284	38	22
285	50	8
286	50	3
287	50	22
288	41	21
289	4	10
290	4	22
291	4	16
292	4	19
293	4	18
294	4	5
295	4	7
296	4	6
297	4	9
298	4	8
299	5	18
300	5	28
\.


--
-- Data for Name: db_multipleintelligence; Type: TABLE DATA; Schema: public; Owner: -
--

COPY db_multipleintelligence (id, meta, deleted, "dtCreationDateTime", "dtModificationDateTime", name, "order", active, name_es, summary, summary_es, multipleintelligence_uuid) FROM stdin;
6	{"empty": "true"}	f	2012-11-24 16:45:47.36+00	2012-11-26 18:53:27.397+00	Bodily-Kinesthetic Intelligence	6	t	Inteligencia corporal-cintica	Bodily-kinesthetic intelligence involves strength in physical movement, fine motor control, hand-eye coordination and dexterity.	Inteligencia que comprende dominio corporal y motriz, as como destreza y coordinacin visomotora.	\N
3	{"empty": "true"}	f	2012-11-24 16:43:03.178+00	2012-11-26 12:10:15.267+00	Linguistic Intelligence	3	t	Inteligencia Lingstica	\N	\N	\N
8	{"empty": "true"}	f	2012-11-24 16:46:25.104+00	2012-11-26 19:25:07.12+00	Interpersonal Intelligence	8	f	Inteligencia Interpersonal	This area has to do with interaction with others. In theory, individuals who have high interpersonal intelligence are characterized by their sensitivity to others' moods, feelings, temperaments and motivations, and their ability to cooperate in order to work as part of a group. Those with this intelligence communicate effectively and empathize easily with others, and may be either leaders or followers. They typically learn best by working with others and often enjoy discussion and debate.	Est relacionada con la interaccin con los dems. Suelen ser personas extrovertidas que se caracterizan por su sensibilidad hacia los estados de nimo de los dems, sus emociones y motivaciones y su capacidad para cooperar y trabajar en grupo.\r\n \r\nSe comunican de una manera efectiva y empatizan fcilmente con los dems. Pueden ser tanto lderes como seguidores. Suelen aprender mejor trabajando con otros y suelen disfrutar de los debates y discusiones. 	\N
7	{"empty": "true"}	f	2012-11-24 16:46:09.394+00	2012-11-26 19:25:57.267+00	Intrapersonal Intelligence	7	f	Inteligencia intrapersonal	This area has to do with introspective and self-reflective capacities. This refers to having a deep understanding of the self; what your strengths/ weaknesses are, what makes you unique, being able to predict your own reactions/emotions.	Tiene que ver con uno mismo. Suelen ser personas introvertidas y prefieren trabajar solos. Son muy conscientes de s mismos y muy capaces de comprender sus propias emociones, motivaciones y metas. Suelen sentirse atrados por actividades que implican pensar, como la filosofa. Aprenden mejor cuando se les permite concentrarse en el tema de estudio por s mismos. 	\N
2	{"empty": "true"}	f	2012-11-24 16:42:20.253+00	2012-11-26 19:02:13.414+00	Logical-Mathematical Intelligence	1	t	Inteligencia Lgica-matemtica	Logical-Mathematical intelligence involves the capacity to work well with numbers, scientific processes, logic, or reasoning.  Children strong in Logical-Mathematical intelligence think numerically, or in terms of logical patterns and sequences.  These children like to explore patterns, categories and relationships between concepts by actively manipulating their environment and experimenting with things in an orderly way.  	Es la capacidad para utilizar los nmeros de manera efectiva y de razonar adecuadamente empleando el pensamiento lgico. Es la capacidad que permite resolver problemas de lgica y matemtica.\r\nLas personas que tienen un nivel alto en este tipo de inteligencia poseen sensibilidad para realizar esquemas y relaciones lgicas, afirmaciones y las proposiciones, las funciones y otras abstracciones relacionadas. Tambin se refiere a un alto razonamiento numrico, la capacidad de resolucin, comprensin y planteamiento de elementos aritmticos, en general en resolucin de problemas.	\N
4	{"empty": "true"}	f	2012-11-24 16:43:30.5+00	2012-11-26 19:19:07.254+00	Musical Intelligence	4	t	Inteligencia Musical	kids who have strong musical intelligence are good and thinking in patterns, rhythms and sounds. They have a strong appreciation for music and are often good at musical composition and performance. Since there is a strong auditory component to this intelligence, those who are strongest in it may learn best via lecture. They will sometimes use songs or rhythms to learn. They have sensitivity to rhythm, pitch, meter, tone, melody or timbre.	La inteligencia musical est relacionada con la sensibilidad hacia la msica, su eso para la expresin de emociones y sentimientos, la capacidad de percibir, discriminar, transformar y expresar las formas musicales (, ej. componer, tocar un instrumento.), Sensibilidad al ritmo, el tono, la meloda o el timbre de una pieza musical; Habilidad para pensar en trminos de sonidos, ritmos y melodas; produccin de tonos, o el recuerdo y reconocimiento de sonidos y patrones musicales\r\nPuede estar relacionada con la inteligencia lingstica, con la inteligencia espacial y con la inteligencia corporal cintica. En relacin a la primera es fundamental, porque el desarrollo lingstico parte de la habilidad de retener estructuras lingsticas y asimilarlas a la fontica. \r\n	\N
5	{"empty": "true"}	f	2012-11-24 16:44:48.908+00	2012-11-26 19:20:31.061+00	Naturalistic Intelligence	5	t	Inteligencia Naturalista	This area has to do with nurturing and relating information to ones natural surroundings. Examples include classifying natural forms such as animal and plant species and rocks and mountain types; and the applied knowledge of nature in farming, mining, etc.	Tiene que ver con la naturaleza, crianza, y clasificacin. Aquellos con una inteligencia naturalista alta tiene una mayor sensibilidad a la naturaleza, la capacidad de cultivar y criar, y una mayor facilidad para cuidar a animales e interactuar con ellos. Son buenos a la hora de reconocer y clasificar especies.	\N
1	{"empty": "true"}	f	2012-11-24 16:40:13.241+00	2012-11-26 18:58:52.934+00	Spatial Intelligence	2	t	Inteligencia Espacial	Spatial intelligence is how we visualize and represent a spatial world in our mind, using concepts like form, shape, colour etc. and manipulate it or understand how things will impacted in a spatial dimension when we change something.\r\n\r\nFor children with spatial intelligence, visualization, a wide variety of objects and triggering the imagination are the best pathways to help them learn.	La  inteligencia  espacial  desarrolla  la  capacidad para  diferenciar  formas  y objetos, incluso  cuando  se  ven  desde  diferentes  ngulos,  as  como  para distinguir y administrar la idea de espacio, elaborar y utilizar mapas y otras formas  de  representacin mental; tambin, para  identificar y  situarse  en  el mundo visual  con  precisin,  efectuar transformaciones  sobre  las  percepciones,\r\nimaginar un movimiento  o  desplazamiento  interno  entre  las  partes de un esquema y  ser  capaz de  recrear  aspectos  de la  experiencia  visual, incluso sin estmulos fsicos relevantes.\r\n\r\nEsta inteligencia esta basada en desarrollar la capacidad de pensar en tres dimensiones. Permite percibir imgenes externas e internas, recrearlas, transformarlas o modificarlas, recorrer el espacio o hacer que los objetos lo recorran y producir o decodificar informacin grfica.	\N
\.


--
-- Data for Name: db_player; Type: TABLE DATA; Schema: public; Owner: -
--

COPY db_player (id, meta, deleted, "dtCreationDateTime", "dtModificationDateTime", nickname, months, user_profile_id, player_uuid, sex) FROM stdin;
1	{}	f	2012-08-30 19:16:14.76+00	2012-12-11 19:18:13.549+00	menino	12	1	\N	\N
3	{"empty": "true"}	f	2012-12-14 23:24:49.501+00	2012-12-14 23:24:49.501+00	Mariano	18	5	11082c14-caaf-402a-aa5f-d4a93b167042	\N
4	{"empty": "true"}	f	2012-12-14 23:36:51.609+00	2012-12-14 23:38:09.63+00	Mariano	18	6	db2e8ecc-0336-4662-a974-020fa5b83d82	\N
2	{"empty": "true"}	f	2012-12-06 20:43:36.909+00	2012-12-16 19:07:26.046+00	joaquin	18	3	dee61cfb-e765-4bc2-80f1-61f1e10e981a	\N
5	{"empty": "true"}	f	2013-01-02 09:45:30.470066+00	2013-01-02 09:46:09.816434+00	prueba	13	7	113f02c5-362a-4d23-a721-f2fc188fb503	\N
\.


--
-- Data for Name: db_rawdata; Type: TABLE DATA; Schema: public; Owner: -
--

COPY db_rawdata (id, player_uuid, data, game_uuid, valid, deleted, gameplay_uuid, gameroute_uuid, rawdata_uuid, processed, "dtCreationDateTime", "dtModificationDateTime", screenplay_uuid) FROM stdin;
1	db2e8ecc-0336-4662-a974-020fa5b83d82	{"responsiveness": {"time_to_respond": 0}, "identification": {"elements_discriminatory": {"num_elements": 0, "num_outliers": 0, "discriminatory_elements": [{"is_target": false, "element_id": "id", "distance_to_target_x": 0, "distance_to_target_y": 0, "is_outlier": true}]}, "elements_puzzle": {"num_divisions": 0, "num_target_divisions": 0, "divisions": [{"position": 0, "element_id": "id", "is_target": true}]}, "elements_tapped": [{"element_id": "id", "draggings": [{"success": false, "z_start_position": 0, "y_end_position": 0, "x_end_position": 0, "x_start_position": 0, "y_start_position": 0, "z_end_position": 0}], "tap_order": 0}]}, "general": {"num_elements": 0, "tap_on_objects": {"count": 0, "taps": ["id"]}, "elements": [{"xpos": 0, "zpos": 0, "ypos": 0, "shape": "NOSHAPE", "type": "2D", "id": "id", "size": {"h": 0, "d": 0, "w": 0}}], "success": 0, "tap_no_objects": {"count": 0, "taps": [{"x_pos": 0, "y_pos": 0}]}, "fails": 0, "elapsed_time": 0}}	9a7603d3-84dd-4d46-8737-d18dae053d0e	f	f	16399b0f-0da6-4131-acb2-b83d1a026ce5	59c96ac8-390a-426a-b107-2e3c34e679cb	bafeb7f4-7574-4e02-9a56-7226ef09758b	f	2012-12-14 23:46:47.119+00	2012-12-14 23:46:47.119+00	9b9cb1ba-d7e6-4a03-a194-68e114dafa6e
\.


--
-- Data for Name: db_score; Type: TABLE DATA; Schema: public; Owner: -
--

COPY db_score (id, meta, deleted, "dtCreationDateTime", "dtModificationDateTime", game_route_id, indicator_id, value, full_report) FROM stdin;
\.


--
-- Data for Name: db_screenplay; Type: TABLE DATA; Schema: public; Owner: -
--

COPY db_screenplay (id, meta, deleted, "dtCreationDateTime", "dtModificationDateTime", screenplay_uuid, gameroute_id, "order", level, partial_report) FROM stdin;
1	{"empty": "true"}	f	2012-12-14 23:25:31+00	2012-12-14 23:25:31+00	633a1b55-9942-4756-b5cc-1ea706e9dbed	1	1	1	{"empty": "true"}
2	{"empty": "true"}	f	2012-12-14 23:40:55.132+00	2012-12-14 23:40:55.132+00	9b9cb1ba-d7e6-4a03-a194-68e114dafa6e	42	1	1	{"empty": "true"}
\.


--
-- Data for Name: db_userprofile; Type: TABLE DATA; Schema: public; Owner: -
--

COPY db_userprofile (id, meta, deleted, "dtCreationDateTime", "dtModificationDateTime", user_id, sex, country_code, image, completed, unregistered, userprofile_uuid, preferred_language, image_height_field, image_width_field, subscribed) FROM stdin;
1	{}	f	2012-08-30 18:44:02.05+00	2012-08-30 18:54:03.157+00	3	m	es	users/avatars/painting.png	f	f	\N	en	90	90	t
2	{}	f	2012-10-10 14:42:32.009+00	2012-10-10 14:42:32.009+00	4				f	f	\N	en	90	90	t
4	{"empty": "true"}	f	2012-10-26 17:20:09.764+00	2012-10-26 17:20:09.764+00	6				f	f	\N	en	90	90	t
3	{"empty": "true"}	f	2012-10-17 11:19:52.388+00	2012-12-06 20:43:36.903+00	5				f	f	\N	en	90	90	t
5	{"empty": "true"}	f	2012-12-14 23:24:49.479+00	2012-12-14 23:24:49.498+00	7				f	t	8c7ee6ff-73f4-4bdd-becf-e8940d186808	en	90	90	t
6	{"empty": "true"}	f	2012-12-14 23:36:51.586+00	2012-12-14 23:36:51.606+00	8				f	t	cf2f3192-0db5-4310-b240-b55cd3b976fe	en	90	90	t
7	{"empty": "true"}	f	2013-01-02 09:45:30.445652+00	2013-01-02 09:45:30.467426+00	9				f	t	69acd6e6-240a-4ef6-90f5-07d3c7bb2a08	en	90	90	t
\.


--
-- Data for Name: django_admin_log; Type: TABLE DATA; Schema: public; Owner: -
--

COPY django_admin_log (id, action_time, user_id, content_type_id, object_id, object_repr, action_flag, change_message) FROM stdin;
1	2012-08-24 15:09:29.079243+00	1	52	1	Subscribe 'Default'	1	
2	2012-08-24 15:09:51.824205+00	1	20	2	infantium.com	1	
3	2012-08-24 15:10:22.5118+00	1	52	2	Unsubscribe 'Default'	1	
4	2012-08-24 15:10:40.396004+00	1	52	3	Update 'Default'	1	
5	2012-08-24 15:10:58.995649+00	1	52	4	Mensaje 'Default'	1	
6	2012-08-24 15:11:01.027213+00	1	53	1	Infantium Newsletter	1	
7	2012-08-24 15:48:28.946936+00	1	17	2	dani.gonzalez@infantium.com	1	
8	2012-08-24 15:48:48.775022+00	1	17	2	dani.gonzalez@infantium.com	2	Modificado/a password, first_name, last_name y email.
9	2012-08-24 16:23:37.279548+00	1	36	2	Mtodo Infantium	2	Modificado/a moderator_state.
10	2012-08-24 16:23:54.462267+00	1	36	2	Infantium Method	2	Modificado/a slug, language y moderator_state.
11	2012-08-30 15:05:35.386813+00	1	36	4	Infantium Apps	1	
12	2012-08-30 15:07:16.75509+00	1	36	4	Infantium Apps	2	Changed title, slug, published, reverse_id and moderator_state.
13	2012-08-30 15:09:00.441246+00	1	36	4	Infantium Apps	2	Changed moderator_state.
14	2012-08-30 15:09:41.698782+00	1	36	4	Infantium Apps	2	Changed language and moderator_state.
15	2012-08-30 15:10:19.694013+00	1	36	5	Quines Somos	1	
16	2012-08-30 15:12:43.27559+00	1	36	5	Quines Somos	2	Changed title, slug, published and moderator_state.
17	2012-08-30 15:13:26.164156+00	1	36	5	Quines Somos	2	Changed reverse_id, language and moderator_state.
18	2012-08-30 15:13:49.987949+00	1	36	6	Contacto	1	
19	2012-08-30 15:15:25.726241+00	1	36	6	Contacto	2	Changed title, slug, published, reverse_id and moderator_state.
20	2012-08-30 15:16:12.382057+00	1	36	7	Trminos de Uso	1	
21	2012-08-30 15:21:47.635133+00	1	36	7	Trminos de Uso	2	Changed title, slug, published, reverse_id and moderator_state.
22	2012-08-30 15:33:03.966356+00	1	36	6	Contacto	2	Changed login_required and moderator_state.
23	2012-08-30 15:33:24.831437+00	1	36	2	Infantium Method	2	Changed template, login_required and moderator_state.
24	2012-08-30 15:33:40.805113+00	1	36	4	Infantium Apps	2	Changed login_required and moderator_state.
25	2012-08-30 15:34:04.047703+00	1	36	5	Quines Somos	2	Changed login_required and moderator_state.
26	2012-08-30 15:34:21.133799+00	1	36	7	Trminos de Uso	2	Changed login_required and moderator_state.
27	2012-08-30 18:44:02.096924+00	1	17	3	testplayer@infantium.com	1	
28	2012-08-30 18:44:32.931449+00	1	17	3	testplayer@infantium.com	2	Changed password, first_name, last_name and email.
29	2012-08-30 18:44:35.643659+00	1	17	3	testplayer@infantium.com	2	Changed password.
30	2012-08-30 18:54:03.175953+00	1	58	1	UserProfile object	2	Changed sex, country_code and image.
31	2012-08-30 19:16:14.866707+00	1	59	1	Player object	1	
32	2012-08-30 19:16:18.971044+00	1	59	1	Player object	2	No fields changed.
33	2012-08-30 19:17:53.342928+00	1	60	1	Game object	1	
34	2012-09-14 11:44:06.309691+00	1	36	4	Infantium Apps	2	Changed language and moderator_state.
35	2012-09-14 11:44:38.749077+00	1	36	4	Infantium Apps	2	Changed application_urls and moderator_state.
36	2012-09-14 11:45:57.18903+00	1	36	2	Infantium Method	2	Changed page_title and moderator_state.
37	2012-09-14 11:46:23.44516+00	1	36	4	Infantium Apps	2	Changed application_urls and moderator_state.
38	2012-09-14 11:47:10.019288+00	1	36	4	Infantium Apps	2	Changed moderator_state.
39	2012-09-14 11:47:55.215576+00	1	36	4	Infantium Apps	2	Changed page_title and moderator_state.
40	2012-09-14 11:48:43.179432+00	1	36	4	Infantium Apps	2	Changed meta_description, meta_keywords and moderator_state.
41	2012-09-14 12:01:31.377683+00	1	36	4	Infantium Apps	2	Changed meta_description, meta_keywords and moderator_state.
42	2012-09-14 18:47:22.901595+00	1	36	7	Trminos de Uso	2	Modificado/a page_title, meta_description, meta_keywords, language y moderator_state.
43	2012-09-14 18:48:45.929612+00	1	36	7	Trminos de Uso	2	Modificado/a page_title, meta_description, meta_keywords y moderator_state.
44	2012-09-14 18:58:26.586272+00	1	36	7	Trminos de Uso	2	Modificado/a language y moderator_state.
45	2012-09-14 18:59:24.5861+00	1	36	6	Contacto	2	Modificado/a moderator_state.
46	2012-09-14 19:04:20.232568+00	1	36	6	Contacto	2	Modificado/a moderator_state.
47	2012-09-14 19:45:04.915248+00	1	36	7	Trminos de Uso	2	Modificado/a moderator_state.
48	2012-09-16 07:01:04.830235+00	1	36	7	Trminos de Uso	2	Changed moderator_state.
49	2012-09-16 09:50:21.809935+00	1	36	7	Trminos de Uso	2	Changed moderator_state.
50	2012-09-16 09:50:58.400453+00	1	36	7	Trminos de Uso	2	Changed published and moderator_state.
51	2012-09-16 09:51:07.693734+00	1	36	7	Trminos de Uso	2	Changed published and moderator_state.
52	2012-09-16 10:00:03.850108+00	1	36	7	Trminos de Uso	2	Modificado/a moderator_state.
53	2012-09-16 10:00:15.706553+00	1	36	7	Trminos de Uso	2	Modificado/a language y moderator_state.
54	2012-09-17 19:38:57.179232+00	1	36	4	Infantium Apps	2	Changed language and moderator_state.
55	2012-09-17 19:41:21.509978+00	1	36	5	Quines Somos	2	Changed title, slug and moderator_state.
56	2012-09-18 14:57:14.706436+00	1	20	2	infantium.es	2	Changed domain and name.
57	2012-09-18 14:57:36.855811+00	1	20	1	infantium.com	2	Changed domain and name.
58	2012-09-18 14:58:03.834396+00	1	36	8	Rufi Adventures	1	
59	2012-09-18 15:00:40.976852+00	1	36	8	Rufi Adventures	2	Changed moderator_state.
60	2012-09-19 09:14:23.494351+00	1	36	8	Rufi Adventures	2	Changed title, slug, language and moderator_state.
61	2012-09-19 09:16:21.797898+00	1	36	8	Las a aventuras de Rufi	2	Changed language and moderator_state.
62	2012-09-19 09:18:18.321455+00	1	36	8	Las a aventuras de Rufi	2	Changed language and moderator_state.
63	2012-09-19 09:18:54.326751+00	1	36	8	Las a aventuras de Rufi	2	Changed published, language and moderator_state.
64	2012-09-19 09:20:30.648218+00	1	36	8	Las a aventuras de Rufi	2	Changed language and moderator_state.
65	2012-09-19 16:15:09.841219+00	1	36	8	Rufi Adventures	2	Changed reverse_id and moderator_state.
66	2012-09-20 17:18:49.742917+00	1	36	2	Infantium Method	2	Changed moderator_state.
67	2012-09-20 17:25:26.128605+00	1	36	2	Mtodo Infantium	2	Changed language and moderator_state.
68	2012-09-30 04:13:40.455925+00	1	36	3	Home	2	Changed title, slug, template, reverse_id, language and moderator_state.
69	2012-09-30 06:12:32.745206+00	1	32	1	hello: draft	1	
70	2012-09-30 06:52:29.990836+00	1	36	3	Home	2	Changed template and moderator_state.
71	2012-09-30 06:57:23.640737+00	1	32	1	hello: draft	2	Changed content.
72	2012-09-30 07:04:06.625481+00	1	32	1	Infantium: el sueo de cambiar la educacin mediante la tecnologa: draft	2	Changed title.
73	2012-09-30 07:05:53.623806+00	1	36	7	Trminos de Uso	2	Changed login_required and moderator_state.
134	2012-10-26 19:06:06.906662+00	1	32	2	Children: Wireless generation: published	2	Changed image.
74	2012-09-30 07:06:32.695281+00	1	32	1	Infantium: el sueo de cambiar la educacin mediante la tecnologa: draft	2	Changed content.
75	2012-10-04 17:44:23.193033+00	1	36	3	Home	2	Changed moderator_state.
76	2012-10-04 17:47:22.175919+00	1	36	3	Home	2	Changed page_title, meta_description, meta_keywords and moderator_state.
77	2012-10-04 17:53:19.156396+00	1	36	3	Inicio	2	Changed page_title, meta_description, meta_keywords, language and moderator_state.
78	2012-10-10 14:41:25.284243+00	1	32	1	Infantium: el sueo de cambiar la educacin mediante la tecnologa: borrador	2	Modificado/a image.
79	2012-10-10 14:42:32.019785+00	1	17	4	Karen	1	
80	2012-10-10 14:43:16.911591+00	1	17	4	Karen	2	Modificado/a password, first_name, last_name, email y is_superuser. Eliminado/a "3fce3aae9eef0aa51dc17c3bb3a5a7571b08d7b6 for Karen" api key.
81	2012-10-10 14:43:51.928982+00	1	17	2	Danigosa	2	Modificado/a username, password y is_superuser.
82	2012-10-10 14:44:04.440323+00	1	17	2	Danigosa	2	Modificado/a password.
83	2012-10-10 14:45:33.252571+00	1	17	2	Danigosa	2	Modificado/a password y is_staff.
84	2012-10-10 14:46:16.514339+00	1	17	4	Karen	2	Modificado/a password y is_staff.
85	2012-10-10 14:47:19.106314+00	1	32	1	Infantium: el sueo de cambiar la educacin mediante la tecnologa: publicado	2	Modificado/a status, authors y slug.
86	2012-10-10 16:05:11.692125+00	1	32	1	Infantium: el sueo de cambiar la educacin mediante la tecnologa: publicado	2	Modificado/a image.
87	2012-10-11 13:11:50.139902+00	1	32	1	Infantium: el sueo de cambiar la educacin mediante la tecnologa: publicado	2	Modificado/a content.
88	2012-10-11 13:31:12.747846+00	1	32	1	Infantium: el sueo de cambiar la educacin mediante la tecnologa: publicado	2	Modificado/a creation_date.
89	2012-10-12 20:52:42.709271+00	1	32	1	Infantium: el sueo de cambiar la educacin mediante la tecnologa: published	2	Changed title_en, title_es, content_en and content_es.
90	2012-10-12 20:53:17.973042+00	1	32	1	Infantium: Dreaming of Changing Education : published	2	Changed title_en.
91	2012-10-14 06:43:42.584325+00	1	36	2	Infantium Method	2	Changed template and moderator_state.
92	2012-10-14 07:16:05.700532+00	1	32	1	Infantium: el sueo de cambiar la educacin mediante la tecnologa: publicado	2	Modificado/a content_en y content_es.
93	2012-10-14 07:24:21.451512+00	1	32	1	Infantium: Dreaming of Changing Education through technology : published	2	Changed title_en, content_en and content_es.
94	2012-10-14 07:25:10.42794+00	1	32	1	Infantium: Dreaming of Changing Education through technology : published	2	No fields changed.
95	2012-10-14 07:25:50.619925+00	1	32	1	Infantium: Dreaming of Changing Education through technology : published	2	No fields changed.
96	2012-10-14 07:31:14.59916+00	1	32	1	Infantium: Dreaming of Changing Education through technology : published	2	Changed content_es.
97	2012-10-14 14:54:38.966231+00	1	36	2	Mtodo Infantium	2	Modificado/a login_required, meta_description, meta_keywords y moderator_state.
98	2012-10-14 14:55:37.047898+00	1	36	2	Infantium Method	2	Modificado/a page_title, meta_description, meta_keywords, language y moderator_state.
99	2012-10-14 14:56:32.862711+00	1	36	4	Infantium Apps	2	Modificado/a template, page_title, meta_description, language y moderator_state.
100	2012-10-14 14:57:06.188338+00	1	36	4	Infantium Apps	2	Modificado/a meta_description, meta_keywords y moderator_state.
101	2012-10-14 14:57:46.627109+00	1	36	5	Quines Somos	2	Modificado/a template, meta_description, meta_keywords y moderator_state.
102	2012-10-14 14:57:56.053262+00	1	36	5	Quines Somos	2	Modificado/a meta_description y moderator_state.
103	2012-10-14 14:58:16.174136+00	1	36	5	The Team	2	Modificado/a meta_description, meta_keywords, language y moderator_state.
104	2012-10-14 14:59:59.431189+00	1	36	4	Infantium Apps	2	Changed login_required and moderator_state.
105	2012-10-14 15:00:08.947758+00	1	36	5	The Team	2	Changed login_required and moderator_state.
106	2012-10-17 11:19:52.39535+00	1	17	5	jgg	1	
107	2012-10-17 11:20:34.098728+00	1	17	5	jgg	2	Modificado/a password, first_name, last_name, email y is_superuser. Modificados key para "7cb364a69d99c54a60600a5bfb895843384216f6 for jgg" api key.
108	2012-10-17 11:20:37.06224+00	1	17	5	jgg	2	Modificado/a password.
109	2012-10-26 16:26:32.21151+00	1	32	2	Nios Wireless Generation: borrador	1	
110	2012-10-26 16:30:30.796023+00	1	32	2	Nios Wireless Generation: borrador	2	Modificado/a content_en y content_es.
111	2012-10-26 16:32:09.337066+00	1	32	2	Nios Wireless Generation: borrador	2	Modificado/a content_en.
112	2012-10-26 16:39:26.143803+00	1	32	2	Nios Wireless Generation: borrador	2	Modificado/a content_es.
113	2012-10-26 17:20:09.774457+00	1	17	6	saratarres	1	
114	2012-10-26 17:21:39.532547+00	1	17	6	saratarres	2	Modificado/a password, first_name, last_name, email y user_permissions. Eliminado/a "2f72c1728e34768db4b3908e4f5fbb95461b8deb for saratarres" api key.
115	2012-10-26 17:24:06.983604+00	1	17	6	saratarres	2	Modificado/a password y is_staff.
116	2012-10-26 17:24:36.079091+00	1	17	6	saratarres	2	Modificado/a password y user_permissions.
117	2012-10-26 17:26:56.810301+00	1	32	2	Nios Wireless Generation: borrador	2	Modificado/a featured, excerpt_en y authors.
118	2012-10-26 17:28:05.816338+00	1	31	1	Plumas Invitadas	1	
119	2012-10-26 17:28:14.034803+00	1	32	2	Nios Wireless Generation: borrador	2	Modificado/a excerpt_en y categories.
120	2012-10-26 17:32:34.642984+00	1	32	2	Nios Wireless Generation: borrador	2	Modificado/a content_es.
121	2012-10-26 17:33:46.166813+00	1	32	2	Nios Wireless Generation: borrador	2	Modificado/a content_es.
122	2012-10-26 17:34:53.219145+00	1	32	2	Nios Wireless Generation: borrador	2	Modificado/a content_es.
123	2012-10-26 17:35:37.826164+00	1	32	2	Nios Wireless Generation: borrador	2	Modificado/a content_es.
124	2012-10-26 17:36:31.820521+00	1	32	2	Nios Wireless Generation: borrador	2	Modificado/a content_es.
125	2012-10-26 17:37:06.055583+00	1	32	2	Nios Wireless Generation: borrador	2	Modificado/a tags.
126	2012-10-26 17:38:06.117921+00	1	32	2	Nios Wireless Generation: borrador	2	Modificado/a content_es.
127	2012-10-26 17:38:06.701474+00	1	32	2	Nios Wireless Generation: borrador	2	No ha cambiado ningn campo.
128	2012-10-26 17:39:10.151106+00	1	32	2	Nios Wireless Generation: borrador	2	Modificado/a content_es.
129	2012-10-26 17:40:10.898428+00	1	32	2	Nios Wireless Generation: borrador	2	Modificado/a content_en.
130	2012-10-26 17:42:25.689336+00	1	32	2	Nios Wireless Generation: borrador	2	Modificado/a content_en y content_es.
131	2012-10-26 17:44:47.890945+00	1	32	2	Nios Wireless Generation: borrador	2	Modificado/a content_en y content_es.
132	2012-10-26 17:46:22.496849+00	1	32	2	Nios Wireless Generation: borrador	2	Modificado/a content_es.
133	2012-10-26 17:50:34.117185+00	1	32	2	Nios Wireless Generation: publicado	2	Modificado/a status y tags.
135	2012-11-03 09:46:45.932325+00	1	36	7	Trminos de Uso	2	Modificado/a template, language y moderator_state.
136	2012-11-03 19:42:25.433327+00	1	32	3	20 razones por las cuales el arte es bueno para los nios: borrador	1	
137	2012-11-03 19:43:18.719927+00	1	32	3	20 razones por las cuales el arte es bueno para los nios: borrador	2	Modificado/a authors.
138	2012-11-03 19:44:34.016056+00	1	32	3	20 razones por las cuales el arte es bueno para los nios: borrador	2	Modificado/a tags.
139	2012-11-03 19:45:04.039032+00	1	32	3	20 razones por las cuales el arte es bueno para los nios: borrador	2	No ha cambiado ningn campo.
140	2012-11-03 19:46:07.830956+00	1	32	3	20 razones por las cuales el arte es bueno para los nios: publicado	2	Modificado/a status.
141	2012-11-03 19:47:28.506785+00	1	32	3	20 razones por las cuales el arte es bueno para los nios: publicado	2	No ha cambiado ningn campo.
142	2012-11-03 19:47:52.510765+00	1	21	7	GTA SA Online spielen: Ich hab online mehr als vier Stunden gebrowesd ,ab...	3	
143	2012-11-03 19:49:51.39899+00	1	32	3	20 razones por las cuales el arte es bueno para los nios: publicado	2	Modificado/a excerpt_es, creation_date y pingback_enabled.
144	2012-11-03 20:09:51.945901+00	1	32	3	20 razones por las cuales el arte es bueno para los nios: publicado	2	Modificado/a content_en.
145	2012-11-03 20:16:21.364038+00	1	32	3	20 razones por las cuales el arte es bueno para los nios: publicado	2	Modificado/a tags.
146	2012-11-03 20:19:03.093951+00	1	32	3	20 razones por las cuales el arte es bueno para los nios: publicado	2	Modificado/a content_en y content_es.
147	2012-11-03 20:21:51.518506+00	1	32	3	20 razones por las cuales el arte es bueno para los nios: publicado	2	Modificado/a image.
148	2012-11-03 20:22:41.646084+00	1	31	2	Educacin Infantil	1	
149	2012-11-03 20:23:16.561782+00	1	32	3	20 razones por las cuales el arte es bueno para los nios: publicado	2	Modificado/a categories.
150	2012-11-03 20:25:47.691334+00	1	32	3	20 razones por las cuales el arte es bueno para los nios: publicado	2	Modificado/a content_en y content_es.
151	2012-11-03 20:34:28.675716+00	1	32	3	20 razones por las cuales el arte es bueno para los nios: publicado	2	Modificado/a content_en y content_es.
152	2012-11-03 20:38:01.628247+00	1	32	3	20 razones por las cuales el arte es bueno para los nios: publicado	2	Modificado/a content_en.
153	2012-11-03 20:39:00.240169+00	1	32	3	20 razones por las cuales el arte es bueno para los nios: publicado	2	Modificado/a content_en.
154	2012-11-03 20:40:01.029508+00	1	32	3	20 razones por las cuales el arte es bueno para los nios: publicado	2	Modificado/a content_en.
155	2012-11-03 20:48:17.022897+00	1	32	3	20 razones por las cuales el arte es bueno para los nios: publicado	2	Modificado/a content_en y content_es.
156	2012-11-03 20:48:52.880541+00	1	32	3	20 razones por las cuales el arte es bueno para los nios: publicado	2	Modificado/a content_es.
157	2012-11-03 20:50:06.180352+00	1	32	3	20 razones por las cuales el arte es bueno para los nios: publicado	2	Modificado/a content_es.
158	2012-11-03 20:50:31.489937+00	1	32	3	20 razones por las cuales el arte es bueno para los nios: publicado	2	Modificado/a content_es.
159	2012-11-03 20:51:56.431193+00	1	32	3	20 razones por las cuales el arte es bueno para los nios: publicado	2	Modificado/a content_es.
160	2012-11-03 20:52:19.646634+00	1	32	3	20 razones por las cuales el arte es bueno para los nios: publicado	2	Modificado/a categories.
161	2012-11-09 21:55:22.330593+00	1	36	3	Home	2	Changed moderator_state.
162	2012-11-18 04:50:42.958457+00	1	31	3	Infantium desde dentro	1	
163	2012-11-18 05:15:05.87716+00	1	32	4	Infantium en el evento de presentacin de Windows 8 en Barcelona: borrador	1	
164	2012-11-18 05:24:32.4161+00	1	32	4	Infantium en el evento de presentacin de Windows 8 en Barcelona: borrador	2	Modificado/a content_en, content_es y image.
165	2012-11-18 05:26:06.53114+00	1	32	4	Infantium en el evento de presentacin de Windows 8 en Barcelona: borrador	2	Modificado/a related y tags.
166	2012-11-18 05:35:25.942843+00	1	32	4	Infantium en el evento de presentacin de Windows 8 en Barcelona: borrador	2	Modificado/a content_en.
167	2012-11-18 05:37:53.918262+00	1	32	4	Infantium en el evento de presentacin de Windows 8 en Barcelona: borrador	2	No ha cambiado ningn campo.
168	2012-11-18 05:42:37.127957+00	1	32	4	Infantium en el evento de presentacin de Windows 8 en Barcelona: borrador	2	Modificado/a content_en.
169	2012-11-18 05:42:37.452989+00	1	32	4	Infantium en el evento de presentacin de Windows 8 en Barcelona: borrador	2	No ha cambiado ningn campo.
170	2012-11-18 05:42:37.690721+00	1	32	4	Infantium en el evento de presentacin de Windows 8 en Barcelona: borrador	2	No ha cambiado ningn campo.
171	2012-11-18 05:43:50.65205+00	1	32	4	Infantium en el evento de presentacin de Windows 8 en Barcelona: publicado	2	Modificado/a status y authors.
172	2012-11-29 23:53:58.539461+00	1	21	25	JewelCrawford: When you're in the corner and have no cash to move...	3	
173	2012-11-29 23:54:36.648445+00	1	21	24	Vietnam Airlines: Infantium's Blog - Infantium: Dreaming of Changing...	3	
174	2012-11-29 23:54:36.649799+00	1	21	23	cocinas modernas: Infantium's Blog - Infantium: Dreaming of Changing...	3	
175	2012-11-29 23:54:36.650689+00	1	21	22	topografa: Infantium's Blog - Infantium: Dreaming of Changing...	3	
176	2012-11-29 23:54:36.651592+00	1	21	20	forja: Infantium's Blog - Infantium: Dreaming of Changing...	3	
177	2012-11-29 23:54:36.652457+00	1	21	19	vuelos a bangkok: Infantium's Blog - Infantium: Dreaming of Changing...	3	
178	2012-11-29 23:54:36.653324+00	1	21	18	vuelos a china: Infantium's Blog - Infantium: Dreaming of Changing...	3	
179	2012-11-29 23:54:36.654185+00	1	21	17	google: google...	3	
180	2012-11-29 23:54:36.655044+00	1	21	16	Hainan Airlines: Infantium's Blog - Infantium: Dreaming of Changing...	3	
181	2012-11-29 23:54:36.655931+00	1	21	15	epoxy primer: Infantium's Blog - Infantium: Dreaming of Changing...	3	
182	2012-11-29 23:54:36.656793+00	1	21	14	Article Submission Tool: I love the title "Dreaming of Changing Education t...	3	
183	2012-11-29 23:54:36.657658+00	1	21	13	lemon skin whitening: Infantium's Blog - Infantium: Dreaming of Changing...	3	
184	2012-11-29 23:54:36.658525+00	1	21	12	Access Accounting: Hahaha, Nice 20 reasons! :) Thanks for sharing!...	3	
185	2012-11-29 23:54:36.659447+00	1	21	11	Brent Searle: Couldn't agree more! \r\nOur mission is to match the...	3	
186	2012-11-29 23:54:36.660317+00	1	21	10	vuelos: Infantium's Blog - Infantium: Dreaming of Changing...	3	
187	2012-11-29 23:54:36.661192+00	1	21	9	how to make a photo cd in windows xp: Infantium's Blog - Infantium: Dreaming of Changing...	3	
188	2012-11-29 23:54:36.662058+00	1	21	8	Accurate Divine: Infantium's Blog - Infantium: Dreaming of Changing...	3	
189	2012-11-29 23:54:36.662919+00	1	21	6	supplements for stiff joints: Infantium's Blog - Infantium: Dreaming of Changing...	3	
190	2012-11-29 23:54:36.663803+00	1	21	5	francisco: Infantium's Blog - Infantium: Dreaming of Changing...	3	
191	2012-11-29 23:54:36.664663+00	1	21	4	virginia: Infantium's Blog - Infantium: Dreaming of Changing...	3	
192	2012-11-29 23:54:36.665596+00	1	21	3	telecommunication degree: Infantium's Blog - Infantium: Dreaming of Changing...	3	
193	2012-11-29 23:54:49.647459+00	1	21	2	federico: Infantium's Blog - Infantium: Dreaming of Changing...	3	
194	2012-11-29 23:55:11.555683+00	1	21	21	http://www.needloan.com.sg: Infantium's Blog - Infantium at the Microsoft's Wi...	3	
195	2012-12-13 22:33:24.256322+00	1	21	162	NicEffennamic: <a href=http://genericcialisonlinedirectly.com/#rq...	3	
196	2012-12-14 16:27:57.20701+00	1	32	4	Infantium en el evento de presentacin de Windows 8 en Barcelona: publicado	2	Modificado/a pingback_enabled.
197	2012-12-14 16:28:09.515658+00	1	32	3	20 razones por las cuales el arte es bueno para los nios: publicado	2	No ha cambiado ningn campo.
198	2012-12-14 16:28:18.649495+00	1	32	2	Nios Wireless Generation: publicado	2	Modificado/a pingback_enabled.
199	2012-12-14 16:28:30.17617+00	1	32	1	Infantium: el sueo de cambiar la educacin mediante la tecnologa: publicado	2	Modificado/a pingback_enabled.
200	2012-12-16 19:47:20.573374+00	1	21	175	CeceEnconyKic: <a href=http://www.oakleyisunglasses.com/oakley-ga...	3	
201	2012-12-16 19:47:20.574793+00	1	21	174	Jessicagnq: The Air Jordan sole of Team J is stuffed the Zoom ...	3	
202	2012-12-16 19:55:05.065145+00	1	21	177	itethychodo: It should not be used as a substitute for professi...	3	
203	2012-12-16 19:55:05.06876+00	1	21	176	itethychodo: Moreover, we do not select every advertiser or adv...	3	
204	2012-12-16 19:56:12.958832+00	1	21	173	ugg: Infantium's Blog - Infantium: Dreaming of Changing...	3	
205	2012-12-16 19:56:12.96239+00	1	21	172	Read This: Infantium's Blog - Infantium: Dreaming of Changing...	3	
206	2012-12-16 19:56:12.964912+00	1	21	171	Clicking Here: Infantium's Blog - Infantium at the Microsoft's Wi...	3	
207	2012-12-16 19:56:12.967411+00	1	21	170	Emilytvm: <a href=http://minimal-trail-running-shoes.nikego8...	3	
208	2012-12-16 19:56:12.969738+00	1	21	169	http://www.jpbestugg.com: Infantium's Blog - Infantium: Dreaming of Changing...	3	
209	2012-12-16 19:56:12.972016+00	1	21	168	denver broncos jersey: Infantium's Blog - Infantium: Dreaming of Changing...	3	
210	2012-12-16 19:56:12.974355+00	1	21	167	visit the following site: Infantium's Blog - Infantium: Dreaming of Changing...	3	
211	2012-12-16 19:56:12.976638+00	1	21	166	women nfl jersey: Infantium's Blog - Infantium: Dreaming of Changing...	3	
212	2012-12-16 19:56:12.978972+00	1	21	165	tim tebow jersey: Infantium's Blog - Infantium: Dreaming of Changing...	3	
213	2012-12-16 19:56:12.981295+00	1	21	164	: Infantium's Blog - Infantium: Dreaming of Changing...	3	
214	2012-12-16 19:56:12.98369+00	1	21	163	ugg : Infantium's Blog - Infantium: Dreaming of Changing...	3	
215	2012-12-16 19:56:12.986003+00	1	21	161	mobile bingo: Infantium's Blog - Children: Wireless generation...	3	
216	2012-12-16 19:56:12.988268+00	1	21	160	bingo on mobile: Infantium's Blog - Infantium at the Microsoft's Wi...	3	
217	2012-12-16 19:56:12.990595+00	1	21	159	iphone bingo: Infantium's Blog - Infantium: Dreaming of Changing...	3	
218	2012-12-16 19:56:12.992884+00	1	21	158	mobile phone bingo: Infantium's Blog - Infantium: Dreaming of Changing...	3	
219	2012-12-16 19:56:12.995205+00	1	21	157	NFL New England Patriots Jerseys: Infantium's Blog - Infantium: Dreaming of Changing...	3	
220	2012-12-16 19:56:12.99758+00	1	21	156	More Info: Infantium's Blog - Infantium: Dreaming of Changing...	3	
221	2012-12-16 19:56:12.999861+00	1	21	155	karen millen red dress: Infantium's Blog - Infantium: Dreaming of Changing...	3	
222	2012-12-16 19:56:13.00219+00	1	21	154	karen millen clothes: Infantium's Blog - Infantium: Dreaming of Changing...	3	
223	2012-12-16 19:56:13.004504+00	1	21	153	karen millen clothing: Infantium's Blog - Infantium: Dreaming of Changing...	3	
224	2012-12-16 19:56:13.006828+00	1	21	152	 : Infantium's Blog - Infantium: Dreaming of Changing...	3	
225	2012-12-16 19:56:13.009606+00	1	21	151	web page: Infantium's Blog - Infantium: Dreaming of Changing...	3	
226	2012-12-16 19:56:13.012094+00	1	21	150	click through the up coming website: Infantium's Blog - Infantium: Dreaming of Changing...	3	
227	2012-12-16 19:56:13.014605+00	1	21	149	 : Infantium's Blog - Infantium: Dreaming of Changing...	3	
228	2012-12-16 19:56:13.01701+00	1	21	148	just click the up coming internet page: Infantium's Blog - Infantium: Dreaming of Changing...	3	
229	2012-12-16 19:56:13.019333+00	1	21	147	mouse click the up coming internet site: Infantium's Blog - Infantium: Dreaming of Changing...	3	
230	2012-12-16 19:56:13.021733+00	1	21	146	 : Infantium's Blog - Infantium: Dreaming of Changing...	3	
231	2012-12-16 19:56:13.024009+00	1	21	145	custom nfl jerseys: Infantium's Blog - Infantium: Dreaming of Changing...	3	
232	2012-12-16 19:56:13.025621+00	1	21	144	page=1/: Infantium's Blog - Infantium: Dreaming of Changing...	3	
233	2012-12-16 19:56:13.026493+00	1	21	143	www.monclercheapja.com: Infantium's Blog - Infantium: Dreaming of Changing...	3	
234	2012-12-16 19:56:13.027365+00	1	21	142	ugg  : Infantium's Blog - Infantium: Dreaming of Changing...	3	
235	2012-12-16 19:56:13.028237+00	1	21	141	ugg : Infantium's Blog - Infantium: Dreaming of Changing...	3	
236	2012-12-16 19:56:13.029205+00	1	21	140	: Infantium's Blog - Infantium: Dreaming of Changing...	3	
237	2012-12-16 19:56:13.030087+00	1	21	139	click the next internet site: Infantium's Blog - Infantium: Dreaming of Changing...	3	
238	2012-12-16 19:56:13.030979+00	1	21	138	: Infantium's Blog - Infantium: Dreaming of Changing...	3	
239	2012-12-16 19:56:13.031895+00	1	21	137	ugg : Infantium's Blog - Infantium: Dreaming of Changing...	3	
240	2012-12-16 19:56:13.032767+00	1	21	136	ugg : Infantium's Blog - Infantium: Dreaming of Changing...	3	
241	2012-12-16 19:56:13.033659+00	1	21	135	www.monclershopcojp.com: Infantium's Blog - Infantium: Dreaming of Changing...	3	
242	2012-12-16 19:56:13.034535+00	1	21	134	MONCLER: Infantium's Blog - Infantium: Dreaming of Changing...	3	
243	2012-12-16 19:56:13.035403+00	1	21	133	canada goose jackets canada: Infantium's Blog - Infantium: Dreaming of Changing...	3	
244	2012-12-16 19:56:13.036286+00	1	21	132	online nfl: Infantium's Blog - Infantium: Dreaming of Changing...	3	
245	2012-12-16 19:56:13.037226+00	1	21	131	UGG : Infantium's Blog - Infantium: Dreaming of Changing...	3	
246	2012-12-16 19:56:13.0381+00	1	21	130	 : Infantium's Blog - Infantium: Dreaming of Changing...	3	
247	2012-12-16 19:56:13.038972+00	1	21	129	ugg : Infantium's Blog - Infantium: Dreaming of Changing...	3	
248	2012-12-16 19:56:13.039844+00	1	21	128	ugg : Infantium's Blog - Infantium: Dreaming of Changing...	3	
249	2012-12-16 19:56:13.040717+00	1	21	127	: Infantium's Blog - Infantium: Dreaming of Changing...	3	
250	2012-12-16 19:56:13.041615+00	1	21	126	air max 360 womens: Infantium's Blog - Infantium: Dreaming of Changing...	3	
251	2012-12-16 19:56:13.042617+00	1	21	125	ugg : Infantium's Blog - Infantium: Dreaming of Changing...	3	
252	2012-12-16 19:56:13.043551+00	1	21	124	buycheapuggjp.com: Infantium's Blog - Infantium: Dreaming of Changing...	3	
253	2012-12-16 19:56:13.044513+00	1	21	123	UGG : Infantium's Blog - Infantium: Dreaming of Changing...	3	
254	2012-12-16 19:56:13.045408+00	1	21	122	www.monclerja2013.com: Infantium's Blog - Infantium: Dreaming of Changing...	3	
255	2012-12-16 19:56:13.046284+00	1	21	121	michael kors outlet: Infantium's Blog - Infantium: Dreaming of Changing...	3	
256	2012-12-16 19:56:13.047155+00	1	21	120	www.newmonclerja.com: Infantium's Blog - Infantium: Dreaming of Changing...	3	
257	2012-12-16 19:56:13.048028+00	1	21	119	mouse click the up coming document: Infantium's Blog - Infantium: Dreaming of Changing...	3	
258	2012-12-16 19:56:13.048899+00	1	21	118	christian louboutin shoes sale: Infantium's Blog - Infantium: Dreaming of Changing...	3	
259	2012-12-16 19:56:13.0498+00	1	21	117	UGG: Infantium's Blog - Infantium: Dreaming of Changing...	3	
260	2012-12-16 19:56:13.05067+00	1	21	116	 : Infantium's Blog - Infantium: Dreaming of Changing...	3	
261	2012-12-16 19:56:13.051547+00	1	21	115	: Infantium's Blog - Infantium: Dreaming of Changing...	3	
262	2012-12-16 19:56:13.052441+00	1	21	114	www.hatscapsus.com: Infantium's Blog - Infantium: Dreaming of Changing...	3	
263	2012-12-16 19:56:13.053388+00	1	21	113	new era hats: Infantium's Blog - Infantium: Dreaming of Changing...	3	
264	2012-12-16 19:56:13.054264+00	1	21	112	authentic tennessee titans jersey: Infantium's Blog - Infantium: Dreaming of Changing...	3	
265	2012-12-16 19:56:13.055149+00	1	21	111	customized jaguars jersey: Infantium's Blog - Infantium: Dreaming of Changing...	3	
266	2012-12-16 19:56:13.056044+00	1	21	110	  : Infantium's Blog - Infantium: Dreaming of Changing...	3	
267	2012-12-16 19:56:13.056983+00	1	21	109	ugg  : Infantium's Blog - Infantium: Dreaming of Changing...	3	
268	2012-12-16 19:56:13.057881+00	1	21	108	mouse click the following web site: Infantium's Blog - Infantium: Dreaming of Changing...	3	
269	2012-12-16 19:56:13.058752+00	1	21	107	www.snapbackhatsbase.com: Infantium's Blog - Infantium: Dreaming of Changing...	3	
270	2012-12-16 19:56:13.059624+00	1	21	106	ugg  : Infantium's Blog - Infantium: Dreaming of Changing...	3	
271	2012-12-16 19:56:13.060792+00	1	21	105	cheap hats: Infantium's Blog - Infantium: Dreaming of Changing...	3	
272	2012-12-16 19:56:13.061689+00	1	21	104	just click the next web page: Infantium's Blog - Infantium: Dreaming of Changing...	3	
273	2012-12-16 19:56:13.062641+00	1	21	103	www.hatcapshop.net: Infantium's Blog - Infantium: Dreaming of Changing...	3	
274	2012-12-16 19:56:13.063513+00	1	21	102	http://www.snapisbackcaps.com/: Infantium's Blog - Infantium: Dreaming of Changing...	3	
275	2012-12-16 19:56:13.064391+00	1	21	101	http://www.snapbackhatsonlines.com: Infantium's Blog - Infantium: Dreaming of Changing...	3	
276	2012-12-16 19:56:13.065281+00	1	21	100	resource for this article: Infantium's Blog - Infantium: Dreaming of Changing...	3	
277	2012-12-16 19:56:13.06616+00	1	21	99	new era hats: Infantium's Blog - Infantium: Dreaming of Changing...	3	
278	2012-12-16 19:56:13.06703+00	1	21	98	linked web page: Infantium's Blog - Infantium: Dreaming of Changing...	3	
279	2012-12-16 19:56:13.067916+00	1	21	97	fitted caps: Infantium's Blog - Infantium: Dreaming of Changing...	3	
280	2012-12-16 19:56:13.068784+00	1	21	96	please click the next website: Infantium's Blog - Infantium: Dreaming of Changing...	3	
281	2012-12-16 19:56:13.069787+00	1	21	95	wholesale snapbacks: Infantium's Blog - Infantium: Dreaming of Changing...	3	
282	2012-12-16 19:56:13.070701+00	1	21	94	cheap new era hats: Infantium's Blog - Infantium: Dreaming of Changing...	3	
283	2012-12-16 19:56:13.071577+00	1	21	93	simply click the next website: Infantium's Blog - Infantium: Dreaming of Changing...	3	
284	2012-12-16 19:56:13.072489+00	1	21	92	cheap snapbacks: Infantium's Blog - Infantium: Dreaming of Changing...	3	
285	2012-12-16 19:56:13.073382+00	1	21	91	Youth Jersey: Infantium's Blog - Infantium: Dreaming of Changing...	3	
286	2012-12-16 19:56:13.074266+00	1	21	90	snapbacks wholesale: Infantium's Blog - Infantium: Dreaming of Changing...	3	
287	2012-12-16 19:56:13.075143+00	1	21	89	 : Infantium's Blog - Infantium: Dreaming of Changing...	3	
288	2012-12-16 19:56:13.076041+00	1	21	88	michael kors outlet store: Infantium's Blog - Infantium: Dreaming of Changing...	3	
289	2012-12-16 19:56:13.076914+00	1	21	87	www.mvpcaps.us: Infantium's Blog - Infantium: Dreaming of Changing...	3	
290	2012-12-16 19:56:13.077844+00	1	21	86	cheap jerseys: Infantium's Blog - Infantium: Dreaming of Changing...	3	
291	2012-12-16 19:56:13.078715+00	1	21	85	ugg  : Infantium's Blog - Infantium: Dreaming of Changing...	3	
292	2012-12-16 19:56:13.079646+00	1	21	84	moncler outlet: Infantium's Blog - Infantium: Dreaming of Changing...	3	
293	2012-12-16 19:56:13.08052+00	1	21	83	 : Infantium's Blog - Infantium: Dreaming of Changing...	3	
294	2012-12-16 19:56:13.08141+00	1	21	82	 : Infantium's Blog - Infantium: Dreaming of Changing...	3	
295	2012-12-16 19:56:13.082308+00	1	21	81	Michael Kors Shoulder Bags: Infantium's Blog - Infantium: Dreaming of Changing...	3	
296	2012-12-16 19:56:13.083206+00	1	21	80	Michael Kors Messenger Bags: Infantium's Blog - Infantium: Dreaming of Changing...	3	
297	2012-12-16 19:56:13.084081+00	1	21	79	Michael Kors Wallets outlet: Infantium's Blog - Infantium: Dreaming of Changing...	3	
298	2012-12-16 19:56:13.084953+00	1	21	78	Infantium Team: Thanks! hope you liked them :)...	3	
299	2012-12-16 19:56:13.085846+00	1	21	77	steps to finding job: Thanks for informing us the 20 reasons! :)...	3	
300	2012-12-16 19:56:13.086717+00	1	21	76	michael kors bags: Infantium's Blog - Infantium: Dreaming of Changing...	3	
301	2012-12-16 19:56:13.087723+00	1	21	75	cheap nike nfl jerseys: Infantium's Blog - Infantium: Dreaming of Changing...	3	
302	2012-12-16 19:56:13.088604+00	1	21	74	Christian Louboutin Sale: Infantium's Blog - Infantium: Dreaming of Changing...	3	
303	2012-12-16 19:56:13.0895+00	1	21	73	Wholesale NFL Jerseys: Infantium's Blog - Infantium: Dreaming of Changing...	3	
304	2012-12-16 19:57:12.250268+00	1	21	72	Cheap Christian Louboutin: Infantium's Blog - Infantium: Dreaming of Changing...	3	
305	2012-12-16 19:57:12.251769+00	1	21	71	michael kors bags cheap: Infantium's Blog - Infantium: Dreaming of Changing...	3	
306	2012-12-16 19:57:12.25269+00	1	21	70	cheap jerseys free shipping: Infantium's Blog - Infantium: Dreaming of Changing...	3	
307	2012-12-16 19:57:12.253574+00	1	21	69	christianlouboutinsale.cesser-digital.com: Infantium's Blog - Infantium: Dreaming of Changing...	3	
308	2012-12-16 19:57:12.254522+00	1	21	68	cheap moncler: Infantium's Blog - Infantium: Dreaming of Changing...	3	
309	2012-12-16 19:57:12.255395+00	1	21	67	http://cheapmonclerjackets.cesser-digital.com/: Infantium's Blog - Infantium: Dreaming of Changing...	3	
310	2012-12-16 19:57:12.256267+00	1	21	66	cheap nfl jerseys from china: Infantium's Blog - Infantium: Dreaming of Changing...	3	
311	2012-12-16 19:57:12.257222+00	1	21	65	christian louboutin outlet: Infantium's Blog - Infantium: Dreaming of Changing...	3	
312	2012-12-16 19:57:12.258096+00	1	21	64	cheap authentic jerseys: Infantium's Blog - Infantium: Dreaming of Changing...	3	
313	2012-12-16 19:57:12.258967+00	1	21	63	Wholesale nfl jerseys: Infantium's Blog - Infantium: Dreaming of Changing...	3	
314	2012-12-16 19:57:12.259832+00	1	21	62	cheap christian louboutin: Infantium's Blog - Infantium: Dreaming of Changing...	3	
315	2012-12-16 19:57:12.260717+00	1	21	61	christian louboutin sale: Infantium's Blog - Infantium: Dreaming of Changing...	3	
316	2012-12-16 19:57:12.261585+00	1	21	60	cheap throwback jerseys: Infantium's Blog - Infantium: Dreaming of Changing...	3	
317	2012-12-16 19:57:12.262461+00	1	21	59	cheap jerseys: Infantium's Blog - Infantium: Dreaming of Changing...	3	
318	2012-12-16 19:57:12.263327+00	1	21	58	Christian Louboutin sale: Infantium's Blog - Infantium: Dreaming of Changing...	3	
319	2012-12-16 19:57:12.264194+00	1	21	57	wholesale nfl jerseys: Infantium's Blog - Infantium: Dreaming of Changing...	3	
320	2012-12-16 19:57:12.265081+00	1	21	56	cheap jerseys: Infantium's Blog - Infantium: Dreaming of Changing...	3	
321	2012-12-16 19:57:12.265957+00	1	21	55	cheap jerseys: Infantium's Blog - Infantium: Dreaming of Changing...	3	
322	2012-12-16 19:57:12.266824+00	1	21	54	Canada Goose: Infantium's Blog - Infantium: Dreaming of Changing...	3	
323	2012-12-16 19:57:12.267688+00	1	21	53	mouse click the up coming webpage: Infantium's Blog - Infantium: Dreaming of Changing...	3	
324	2012-12-16 19:57:12.268574+00	1	21	52	http://www.cheapnikenfljerseys-usa.com: Infantium's Blog - Infantium: Dreaming of Changing...	3	
325	2012-12-16 19:57:12.269441+00	1	21	51	Louis Vuitton Sale: Infantium's Blog - Infantium: Dreaming of Changing...	3	
326	2012-12-16 19:57:12.270303+00	1	21	50	NFL jerseys sale: Infantium's Blog - Infantium: Dreaming of Changing...	3	
327	2012-12-16 19:57:12.271174+00	1	21	49	Read More: Infantium's Blog - Infantium: Dreaming of Changing...	3	
328	2012-12-16 19:57:12.272072+00	1	21	48	Discount Moncler Jackets: Infantium's Blog - Infantium: Dreaming of Changing...	3	
329	2012-12-16 19:57:12.272991+00	1	21	47	NFL jerseys Hot Sale: Infantium's Blog - Infantium: Dreaming of Changing...	3	
330	2012-12-16 19:57:12.273863+00	1	21	46	Christian Louboutin heels: Infantium's Blog - Infantium: Dreaming of Changing...	3	
331	2012-12-16 19:57:12.27473+00	1	21	45	christianlouboutinusavip.com: Infantium's Blog - Infantium: Dreaming of Changing...	3	
332	2012-12-16 19:57:12.275593+00	1	21	44	Christian Louboutin Shoes: Infantium's Blog - Infantium: Dreaming of Changing...	3	
333	2012-12-16 19:57:12.276483+00	1	21	43	http://www.cheapcanadagoosevip.com: Infantium's Blog - Infantium: Dreaming of Changing...	3	
334	2012-12-16 19:57:12.277349+00	1	21	42	Christian Louboutin: Infantium's Blog - Infantium: Dreaming of Changing...	3	
335	2012-12-16 19:57:12.278214+00	1	21	41	Read A great deal more: Infantium's Blog - Infantium: Dreaming of Changing...	3	
336	2012-12-16 19:57:12.279083+00	1	21	40	Discount Moncler: Infantium's Blog - Infantium: Dreaming of Changing...	3	
337	2012-12-16 19:57:12.279945+00	1	21	39	Canada Goose Jacket: Infantium's Blog - Infantium: Dreaming of Changing...	3	
338	2012-12-16 19:57:12.280837+00	1	21	38	click through the following website page: Infantium's Blog - Infantium: Dreaming of Changing...	3	
339	2012-12-16 19:57:12.281705+00	1	21	37	Nike Jerseys: Infantium's Blog - Infantium: Dreaming of Changing...	3	
340	2012-12-16 19:57:12.28257+00	1	21	36	http://www.immobiliarerioalto.com/: Infantium's Blog - Infantium: Dreaming of Changing...	3	
341	2012-12-16 19:57:12.283435+00	1	21	35	Read the Full Report: Infantium's Blog - Infantium: Dreaming of Changing...	3	
342	2012-12-16 19:57:12.284332+00	1	21	34	genetically modified food: Infantium's Blog - Infantium: Dreaming of Changing...	3	
343	2012-12-16 19:57:12.285202+00	1	21	33	investment banking salary: Infantium's Blog - Infantium: Dreaming of Changing...	3	
344	2012-12-16 19:57:12.286066+00	1	21	32	acn canada compensation plan overview: Infantium's Blog - Infantium: Dreaming of Changing...	3	
345	2012-12-16 19:57:12.286934+00	1	21	31	no roncar: Infantium's Blog - Infantium: Dreaming of Changing...	3	
346	2012-12-16 19:57:12.287796+00	1	21	30	online psychotherapy: Infantium's Blog - Infantium: Dreaming of Changing...	3	
347	2012-12-16 19:57:12.288677+00	1	21	29	mumbai.city-blogger.com: Infantium's Blog - Infantium: Dreaming of Changing...	3	
348	2012-12-16 19:57:12.289619+00	1	21	28	Instalacin geotermia en Toledo: Infantium's Blog - Infantium: Dreaming of Changing...	3	
349	2012-12-16 19:57:12.290493+00	1	21	27	online degree programme: Infantium's Blog - Infantium: Dreaming of Changing...	3	
350	2012-12-16 19:57:12.291357+00	1	21	26	topografa: Infantium's Blog - Infantium: Dreaming of Changing...	3	
351	2012-12-16 19:57:24.120587+00	1	21	178	itethychodo: There are several police on a special car.In this ...	3	
352	2012-12-16 22:52:49.815811+00	1	21	179	pel76nc24h: edpiyswv <a href=http://cheapdsquared2stores.com/#...	3	
353	2012-12-16 23:03:17.423059+00	1	21	180	vevedypeDom: <a href=http://www.outletwellensteyn.com>wellenste...	3	
354	2012-12-17 00:58:57.54603+00	1	21	181	bundbulsogs: High-quality Lincoln auto parts are also built in ...	3	
355	2012-12-17 02:12:03.108081+00	1	21	182	bundbulsogs: Here, however, our suggestions demonstrate that th...	3	
356	2012-12-17 05:58:26.943883+00	1	32	1	Infantium: el sueo de cambiar la educacin mediante la tecnologa: publicado	2	Modificado/a comment_enabled.
357	2012-12-17 05:58:39.05855+00	1	21	183	bundbulsogs: You'll find North Experience Denali jackets for bo...	3	
358	2012-12-17 06:02:27.083842+00	1	32	5	Los garabatos infantiles y desarrollo: borrador	1	
359	2012-12-17 06:04:32.582978+00	1	32	5	Los garabatos infantiles y desarrollo: borrador	2	Modificado/a content_es.
360	2012-12-17 06:04:43.297792+00	1	32	5	Los garabatos infantiles y desarrollo: publicado	2	Modificado/a status.
361	2012-12-17 06:57:45.690073+00	1	32	5	kids, scribblings and development: published	2	Changed content_en.
362	2012-12-19 11:51:37.334585+00	1	21	184	box,bcn: This paragraph will assist the internet users for ...	3	
363	2012-12-27 17:12:10.352585+00	1	36	7	Trminos de Uso	2	Changed slug and moderator_state.
364	2012-12-28 12:15:33.093615+00	1	17	7	RosaAparicio	1	
365	2012-12-30 16:42:26.644072+00	1	17	7	RosaAparicio	2	Modificado/a password, first_name, last_name y email.
366	2012-12-30 16:42:43.224918+00	1	17	7	RosaAparicio	2	Modificado/a password y is_staff.
367	2012-12-30 16:44:02.61733+00	1	17	7	RosaAparicio	2	Modificado/a password y user_permissions.
368	2012-12-30 16:47:42.023275+00	1	32	6	usando Ipads con alumnos con Necesidades Educativas Especiales: borrador	1	
369	2012-12-30 16:52:16.575882+00	1	32	6	usando iPads con alumnos con Necesidades Educativas Especiales: borrador	2	Modificado/a title_es, content_en, content_es, image, related y authors.
370	2012-12-30 16:57:42.204387+00	1	32	6	usando iPads con alumnos con Necesidades Educativas Especiales: borrador	2	Modificado/a content_en y content_es.
371	2012-12-30 16:59:46.666273+00	1	32	6	usando iPads con alumnos con Necesidades Educativas Especiales: borrador	2	Modificado/a tags.
372	2012-12-30 17:00:35.61568+00	1	32	6	usando iPads con alumnos con Necesidades Educativas Especiales: borrador	2	Modificado/a tags.
373	2012-12-30 17:01:49.693803+00	1	32	6	usando iPads con alumnos con Necesidades Educativas Especiales: borrador	2	Modificado/a content_en y content_es.
374	2012-12-30 17:02:36.773385+00	1	32	6	usando iPads con alumnos con Necesidades Educativas Especiales: borrador	2	Modificado/a tags.
375	2012-12-30 17:21:56.53497+00	1	32	6	usando iPads con alumnos con Necesidades Educativas Especiales: borrador	2	Modificado/a content_en.
376	2012-12-30 17:24:44.187082+00	1	32	6	usando iPads con alumnos con Necesidades Educativas Especiales: borrador	2	Modificado/a content_en y content_es.
377	2012-12-30 17:29:33.228247+00	1	32	6	usando iPads con alumnos con Necesidades Educativas Especiales: borrador	2	Modificado/a content_en y content_es.
378	2012-12-30 17:30:28.71282+00	1	32	6	usando iPads con alumnos con Necesidades Educativas Especiales: borrador	2	Modificado/a featured, excerpt_en, excerpt_es y related.
379	2012-12-30 17:31:20.578252+00	1	32	6	usando iPads con alumnos con Necesidades Educativas Especiales: publicado	2	Modificado/a status.
380	2012-12-31 00:33:35.096429+00	1	36	3	Home	2	Changed template and moderator_state.
381	2012-12-31 00:34:04.648343+00	1	36	2	Infantium Method	2	Changed template, reverse_id, overwrite_url and moderator_state.
382	2012-12-31 00:34:18.612723+00	1	36	4	Infantium Apps	2	Changed template, reverse_id and moderator_state.
383	2012-12-31 00:35:16.319778+00	1	36	5	The Team	2	Changed template, reverse_id and moderator_state.
384	2012-12-31 00:35:26.433475+00	1	36	6	Contacto	2	Changed template, reverse_id and moderator_state.
385	2012-12-31 00:35:36.479109+00	1	36	7	Trminos de Uso	2	Changed template, reverse_id and moderator_state.
386	2012-12-31 00:35:53.580726+00	1	36	8	Rufi Adventures	2	Changed template, reverse_id and moderator_state.
387	2012-12-31 00:47:24.08924+00	1	36	3	Home	2	Changed template and moderator_state.
\.


--
-- Data for Name: django_comment_flags; Type: TABLE DATA; Schema: public; Owner: -
--

COPY django_comment_flags (id, user_id, comment_id, flag, flag_date) FROM stdin;
\.


--
-- Data for Name: django_comments; Type: TABLE DATA; Schema: public; Owner: -
--

COPY django_comments (id, content_type_id, object_pk, site_id, user_id, user_name, user_email, user_url, comment, submit_date, ip_address, is_public, is_removed) FROM stdin;
1	32	1	1	\N	Noelia Garca @NoeBranford	eongalo@gmail.com	http://dawn-gamers.blogspot.com/	Pedazo de post Karen, y pedazo de equipo que estis detrs de este proyecto ambicioso, pero posible, y con grandes apoyos.\r\nMe encanta lo que pretendis, quizs al principio cuesta un poco ms, pero seguro que poco a poco la recompensa es grande y gratificante en todos los sentidos.\r\nTenis ilusin y mucho ms que eso, por lo que os deseo un gran vuelo y un aterrizaje perfecto.\r\nMe quedo con muchas ganas el 26 de este mes de ver lo que tenis en marcha, estar atenta a lo que nos mostris.\r\nMucho nimo, os seguir de cerca y si en algo puedo ayudar o colaborar Karen sabe donde encontrarme.\r\nUn abrazo. :D\r\n	2012-10-15 01:28:40.701834+00	90.172.98.241	t	f
\.


--
-- Data for Name: django_content_type; Type: TABLE DATA; Schema: public; Owner: -
--

COPY django_content_type (id, name, app_label, model) FROM stdin;
15	permission	auth	permission
16	group	auth	group
17	user	auth	user
18	content type	contenttypes	contenttype
19	session	sessions	session
20	site	sites	site
21	comment	comments	comment
22	comment flag	comments	commentflag
23	log entry	admin	logentry
24	user profile	web	userprofile
25	game	web	game
26	tag	tagging	tag
27	tagged item	tagging	taggeditem
28	migration history	south	migrationhistory
29	api access	tastypie	apiaccess
30	api key	tastypie	apikey
31	category	zinnia	category
32	entry	zinnia	entry
33	author	zinnia	author
34	placeholder	cms	placeholder
35	cms plugin	cms	cmsplugin
36	page	cms	page
37	PageModerator	cms	pagemoderator
38	Page moderator state	cms	pagemoderatorstate
39	Page global permission	cms	globalpagepermission
40	Page permission	cms	pagepermission
41	User (page)	cms	pageuser
42	User group (page)	cms	pageusergroup
43	title	cms	title
44	cache key	menus	cachekey
45	text	text	text
46	link	link	link
47	picture	picture	picture
48	file	file	file
49	video	video	video
50	twitter recent entries	twitter	twitterrecententries
51	twitter search	twitter	twittersearch
52	e-mail template	newsletter	emailtemplate
53	newsletter	newsletter	newsletter
54	subscription	newsletter	subscription
55	article	newsletter	article
56	message	newsletter	message
57	submission	newsletter	submission
58	user profile	db	userprofile
59	player	db	player
60	game	db	game
61	game play	db	gameplay
62	level	db	level
63	scene	db	scene
64	game route	db	gameroute
65	route_ node	db	route_node
66	cognitive area	db	cognitivearea
67	chart	db	chart
68	indicator	db	indicator
69	multiple intelligence	db	multipleintelligence
70	score	db	score
71	latest entries plugin	cmsplugin_zinnia	latestentriesplugin
72	selected entries plugin	cmsplugin_zinnia	selectedentriesplugin
73	random entries plugin	cmsplugin_zinnia	randomentriesplugin
74	query entries plugin	cmsplugin_zinnia	queryentriesplugin
75	calendar entries plugin	cmsplugin_zinnia	calendarentriesplugin
76	registration profile	registration	registrationprofile
77	log	django_logtail	log
78	domain area	db	domainarea
79	cluster	db	cluster
80	game scoring	db	gamescoring
81	screen play	db	screenplay
82	raw data	db	rawdata
\.


--
-- Data for Name: django_session; Type: TABLE DATA; Schema: public; Owner: -
--

COPY django_session (session_key, session_data, expire_date) FROM stdin;
f1cb179642d7eb14cd503babf9e1cd01	YmUyODJiMWJkNzRiOGUyYzdjMjYyYTMwODQzNzgwNDMzMWUzNWY3ZjqAAn1xAShVDmNtc19hZG1p\nbl9zaXRlSwFVEl9hdXRoX3VzZXJfYmFja2VuZFUpZGphbmdvLmNvbnRyaWIuYXV0aC5iYWNrZW5k\ncy5Nb2RlbEJhY2tlbmRVCnRlc3Rjb29raWVVBndvcmtlZFUPZGphbmdvX2xhbmd1YWdlWAIAAABl\nc3ECVQ1fYXV0aF91c2VyX2lkSwF1Lg==\n	2012-09-07 16:18:17.271467+00
a2211bcdb1de2c34fc81a59fc741d565	ZDljNWE4NzQ2M2Y1OTVhYTFjYmE0ZGMxODY1MWUyZmFiZmQzODliNjqAAn1xAS4=\n	2012-09-07 14:48:24.179931+00
6bf4fab4b5d4bcca76a626f270da3eea	ZTBmZjYzNjE1ZmFkMThiOWZlZWNhYWY2YzA2YzU4Yzc1ZTQyMDU5ODqAAn1xAShVDmNtc19hZG1p\nbl9zaXRlSwFVDV9hdXRoX3VzZXJfaWRLAVUPZGphbmdvX2xhbmd1YWdlWAIAAABlbnECVRJfYXV0\naF91c2VyX2JhY2tlbmRVKWRqYW5nby5jb250cmliLmF1dGguYmFja2VuZHMuTW9kZWxCYWNrZW5k\ndS4=\n	2012-09-13 15:34:33.278101+00
88dab634ecd220ff35c94f356ff16908	MjFiNWQxMjZhMmFlNDE1MzQ3OGY4MjY4MzlhMTJlNGM2ODI2MDBiMjqAAn1xAShVDV9hdXRoX3Vz\nZXJfaWRLA1UPZGphbmdvX2xhbmd1YWdlWAIAAABlbnECVRJfYXV0aF91c2VyX2JhY2tlbmRVKWRq\nYW5nby5jb250cmliLmF1dGguYmFja2VuZHMuTW9kZWxCYWNrZW5kdS4=\n	2012-09-14 16:26:57.764281+00
c9ae1cc82ba943fb662b7cb5e0f6d35a	YjE4Y2RjYjMwN2JmYjNmMTJlMjEzNzlhNTcwNjk5YWE2ZjA5YWYzZDqAAn1xAShVEl9hdXRoX3Vz\nZXJfYmFja2VuZFUpZGphbmdvLmNvbnRyaWIuYXV0aC5iYWNrZW5kcy5Nb2RlbEJhY2tlbmRVD2Rq\nYW5nb19sYW5ndWFnZVgCAAAAZW5xAlUNX2F1dGhfdXNlcl9pZEsCdS4=\n	2012-09-13 16:27:18.127779+00
d310ef0fb9eb61aca087db164f32ae33	ZTBmZjYzNjE1ZmFkMThiOWZlZWNhYWY2YzA2YzU4Yzc1ZTQyMDU5ODqAAn1xAShVDmNtc19hZG1p\nbl9zaXRlSwFVDV9hdXRoX3VzZXJfaWRLAVUPZGphbmdvX2xhbmd1YWdlWAIAAABlbnECVRJfYXV0\naF91c2VyX2JhY2tlbmRVKWRqYW5nby5jb250cmliLmF1dGguYmFja2VuZHMuTW9kZWxCYWNrZW5k\ndS4=\n	2012-09-28 12:05:54.071889+00
703f97f58a6434507798923e90eee9ef	NDNjMjJjNGU0NWNmZWU2ZmJhNTVlZjc2NGExZjU2MjY2NzEzYzNiYzqAAn1xAShVCnRlc3Rjb29r\naWVxAlUGd29ya2VkcQNVD2RqYW5nb19sYW5ndWFnZVgCAAAAZW5xBHUu\n	2012-09-28 14:23:36.985933+00
da67770e3385b4c9709a1658fa933090	NDNjMjJjNGU0NWNmZWU2ZmJhNTVlZjc2NGExZjU2MjY2NzEzYzNiYzqAAn1xAShVCnRlc3Rjb29r\naWVxAlUGd29ya2VkcQNVD2RqYW5nb19sYW5ndWFnZVgCAAAAZW5xBHUu\n	2012-09-28 14:27:21.072698+00
c2831bd2f7bd58e322e43fb5e7c4b00c	MTA3ZGJiM2RkMjdmMWE1MjIzODYzZjg3ZDBhNDdjOWU4MTdhZDA0YzqAAn1xAShVDmNtc19hZG1p\nbl9zaXRlSwFVDV9hdXRoX3VzZXJfaWRLAVUPZGphbmdvX2xhbmd1YWdlWAIAAABlc3ECVRJfYXV0\naF91c2VyX2JhY2tlbmRVKWRqYW5nby5jb250cmliLmF1dGguYmFja2VuZHMuTW9kZWxCYWNrZW5k\ndS4=\n	2012-09-29 13:04:48.467354+00
4073ab3ae78b878dfa387d1808d81c0c	NmQ3NWRjY2QxMzQ5MmNiMDNhNWNhMmQzYzg5ZGFkMmY4YzdjNDhlNzqAAn1xAShVDmNtc19hZG1p\nbl9zaXRlSwFVEl9hdXRoX3VzZXJfYmFja2VuZFUpZGphbmdvLmNvbnRyaWIuYXV0aC5iYWNrZW5k\ncy5Nb2RlbEJhY2tlbmRVD2RqYW5nb19sYW5ndWFnZVgCAAAAZW5xAlUNX2F1dGhfdXNlcl9pZEsB\ndS4=\n	2012-10-02 15:50:58.379502+00
86d379b21931daaa4fc3f99f62a3a008	M2JkZTM2NjE4YmFkNGY2NDRiMDViMjk5NzVjYjE0NjY4OTg0YzA4OTqAAn1xAVUPZGphbmdvX2xh\nbmd1YWdlcQJYAgAAAGVucQNzLg==\n	2012-10-03 09:16:45.187493+00
6c30ba603e40bec49f07dee92a3af910	M2JkZTM2NjE4YmFkNGY2NDRiMDViMjk5NzVjYjE0NjY4OTg0YzA4OTqAAn1xAVUPZGphbmdvX2xh\nbmd1YWdlcQJYAgAAAGVucQNzLg==\n	2012-10-04 16:05:22.893672+00
422ac7cd59d2e968315d942eb3707a08	NmQ3NWRjY2QxMzQ5MmNiMDNhNWNhMmQzYzg5ZGFkMmY4YzdjNDhlNzqAAn1xAShVDmNtc19hZG1p\nbl9zaXRlSwFVEl9hdXRoX3VzZXJfYmFja2VuZFUpZGphbmdvLmNvbnRyaWIuYXV0aC5iYWNrZW5k\ncy5Nb2RlbEJhY2tlbmRVD2RqYW5nb19sYW5ndWFnZVgCAAAAZW5xAlUNX2F1dGhfdXNlcl9pZEsB\ndS4=\n	2012-10-04 16:06:58.235511+00
641d8ae4d1691e92cc16d141e912dd49	YmE4NWQ5NzYxNDk1YmU3YjdmNTg4OThkNjIyMmFkZTAxOTgzYjZjYTqAAn1xAVUPZGphbmdvX2xh\nbmd1YWdlcQJYAgAAAGVucy4=\n	2012-10-04 16:07:01.046777+00
0044a9022604fc15e25ae4b51501cac4	MjFiNWQxMjZhMmFlNDE1MzQ3OGY4MjY4MzlhMTJlNGM2ODI2MDBiMjqAAn1xAShVDV9hdXRoX3Vz\nZXJfaWRLA1UPZGphbmdvX2xhbmd1YWdlWAIAAABlbnECVRJfYXV0aF91c2VyX2JhY2tlbmRVKWRq\nYW5nby5jb250cmliLmF1dGguYmFja2VuZHMuTW9kZWxCYWNrZW5kdS4=\n	2012-10-04 16:07:28.157157+00
4f4ceba0ea4930dce14ed3ae60f1da61	YmE4NWQ5NzYxNDk1YmU3YjdmNTg4OThkNjIyMmFkZTAxOTgzYjZjYTqAAn1xAVUPZGphbmdvX2xh\nbmd1YWdlcQJYAgAAAGVucy4=\n	2012-10-04 17:40:29.38162+00
0f975264f6a201ade67daed6f8ced081	MjFiNWQxMjZhMmFlNDE1MzQ3OGY4MjY4MzlhMTJlNGM2ODI2MDBiMjqAAn1xAShVDV9hdXRoX3Vz\nZXJfaWRLA1UPZGphbmdvX2xhbmd1YWdlWAIAAABlbnECVRJfYXV0aF91c2VyX2JhY2tlbmRVKWRq\nYW5nby5jb250cmliLmF1dGguYmFja2VuZHMuTW9kZWxCYWNrZW5kdS4=\n	2012-10-04 17:41:25.962228+00
48164c99614416d488e19c8197454726	M2JkZTM2NjE4YmFkNGY2NDRiMDViMjk5NzVjYjE0NjY4OTg0YzA4OTqAAn1xAVUPZGphbmdvX2xh\nbmd1YWdlcQJYAgAAAGVucQNzLg==\n	2012-10-04 19:52:50.36159+00
a1b69a2d2c2ee20a125ce7e80d61e713	YmE4NWQ5NzYxNDk1YmU3YjdmNTg4OThkNjIyMmFkZTAxOTgzYjZjYTqAAn1xAVUPZGphbmdvX2xh\nbmd1YWdlcQJYAgAAAGVucy4=\n	2012-10-04 19:52:50.534321+00
06f0afde754fcae5e72650fae8a8df74	NDNjMjJjNGU0NWNmZWU2ZmJhNTVlZjc2NGExZjU2MjY2NzEzYzNiYzqAAn1xAShVCnRlc3Rjb29r\naWVxAlUGd29ya2VkcQNVD2RqYW5nb19sYW5ndWFnZVgCAAAAZW5xBHUu\n	2012-10-04 19:55:51.145076+00
8062f368fc2c1a98bb1f15e24079d824	NmQ3NWRjY2QxMzQ5MmNiMDNhNWNhMmQzYzg5ZGFkMmY4YzdjNDhlNzqAAn1xAShVDmNtc19hZG1p\nbl9zaXRlSwFVEl9hdXRoX3VzZXJfYmFja2VuZFUpZGphbmdvLmNvbnRyaWIuYXV0aC5iYWNrZW5k\ncy5Nb2RlbEJhY2tlbmRVD2RqYW5nb19sYW5ndWFnZVgCAAAAZW5xAlUNX2F1dGhfdXNlcl9pZEsB\ndS4=\n	2012-10-05 09:14:33.504971+00
fb84203eec0cdeb96b63a37890863f1b	M2JkZTM2NjE4YmFkNGY2NDRiMDViMjk5NzVjYjE0NjY4OTg0YzA4OTqAAn1xAVUPZGphbmdvX2xh\nbmd1YWdlcQJYAgAAAGVucQNzLg==\n	2012-10-05 09:31:18.295478+00
c18c78a03523a7cefce5809a6e0d2d97	YmE4NWQ5NzYxNDk1YmU3YjdmNTg4OThkNjIyMmFkZTAxOTgzYjZjYTqAAn1xAVUPZGphbmdvX2xh\nbmd1YWdlcQJYAgAAAGVucy4=\n	2012-10-05 09:31:18.499725+00
067ed6e4a09f2728d93d6766233391aa	YmE4NWQ5NzYxNDk1YmU3YjdmNTg4OThkNjIyMmFkZTAxOTgzYjZjYTqAAn1xAVUPZGphbmdvX2xh\nbmd1YWdlcQJYAgAAAGVucy4=\n	2012-10-05 09:43:23.782362+00
2780643926bdd84e536bee2c31e9a075	NDNjMjJjNGU0NWNmZWU2ZmJhNTVlZjc2NGExZjU2MjY2NzEzYzNiYzqAAn1xAShVCnRlc3Rjb29r\naWVxAlUGd29ya2VkcQNVD2RqYW5nb19sYW5ndWFnZVgCAAAAZW5xBHUu\n	2012-10-05 10:01:15.861274+00
0f0fb6a688e7cf940f33ef5eae4a78bc	ZTBmZjYzNjE1ZmFkMThiOWZlZWNhYWY2YzA2YzU4Yzc1ZTQyMDU5ODqAAn1xAShVDmNtc19hZG1p\nbl9zaXRlSwFVDV9hdXRoX3VzZXJfaWRLAVUPZGphbmdvX2xhbmd1YWdlWAIAAABlbnECVRJfYXV0\naF91c2VyX2JhY2tlbmRVKWRqYW5nby5jb250cmliLmF1dGguYmFja2VuZHMuTW9kZWxCYWNrZW5k\ndS4=\n	2012-10-05 10:57:22.401523+00
83193a638f3fcbda194efcbe7f4640a8	MDBiYjk3NGY2NDhiNWYzMjQyZGFkMzIwOWY2ZDk4NzEzZmM1MzMxMDqAAn1xAVUPZGphbmdvX2xh\nbmd1YWdlcQJYAgAAAGVzcQNzLg==\n	2012-10-10 16:45:21.401896+00
c6db3e9c7c71c413cbb1ed774df59a94	M2JkZTM2NjE4YmFkNGY2NDRiMDViMjk5NzVjYjE0NjY4OTg0YzA4OTqAAn1xAVUPZGphbmdvX2xh\nbmd1YWdlcQJYAgAAAGVucQNzLg==\n	2012-10-11 18:31:58.226398+00
7d4662fb432da5f31b7bc3ae90b86d09	YmE4NWQ5NzYxNDk1YmU3YjdmNTg4OThkNjIyMmFkZTAxOTgzYjZjYTqAAn1xAVUPZGphbmdvX2xh\nbmd1YWdlcQJYAgAAAGVucy4=\n	2012-10-11 18:31:58.326625+00
788ed23d2a2254c2c28a317126fc936e	ZTBmZjYzNjE1ZmFkMThiOWZlZWNhYWY2YzA2YzU4Yzc1ZTQyMDU5ODqAAn1xAShVDmNtc19hZG1p\nbl9zaXRlSwFVDV9hdXRoX3VzZXJfaWRLAVUPZGphbmdvX2xhbmd1YWdlWAIAAABlbnECVRJfYXV0\naF91c2VyX2JhY2tlbmRVKWRqYW5nby5jb250cmliLmF1dGguYmFja2VuZHMuTW9kZWxCYWNrZW5k\ndS4=\n	2012-10-11 18:34:52.217298+00
f4ff7786a2971c05974fc96af49872ca	ZTBmZjYzNjE1ZmFkMThiOWZlZWNhYWY2YzA2YzU4Yzc1ZTQyMDU5ODqAAn1xAShVDmNtc19hZG1p\nbl9zaXRlSwFVDV9hdXRoX3VzZXJfaWRLAVUPZGphbmdvX2xhbmd1YWdlWAIAAABlbnECVRJfYXV0\naF91c2VyX2JhY2tlbmRVKWRqYW5nby5jb250cmliLmF1dGguYmFja2VuZHMuTW9kZWxCYWNrZW5k\ndS4=\n	2012-10-11 18:58:11.343287+00
b731ea8223b60284e30305f9f68bf971	YmE4NWQ5NzYxNDk1YmU3YjdmNTg4OThkNjIyMmFkZTAxOTgzYjZjYTqAAn1xAVUPZGphbmdvX2xh\nbmd1YWdlcQJYAgAAAGVucy4=\n	2012-10-14 02:58:30.973799+00
d09c7cb3955a1d0b414f48477cf42458	NmQ3NWRjY2QxMzQ5MmNiMDNhNWNhMmQzYzg5ZGFkMmY4YzdjNDhlNzqAAn1xAShVDmNtc19hZG1p\nbl9zaXRlSwFVEl9hdXRoX3VzZXJfYmFja2VuZFUpZGphbmdvLmNvbnRyaWIuYXV0aC5iYWNrZW5k\ncy5Nb2RlbEJhY2tlbmRVD2RqYW5nb19sYW5ndWFnZVgCAAAAZW5xAlUNX2F1dGhfdXNlcl9pZEsB\ndS4=\n	2012-10-14 04:13:41.103064+00
04c975496d45428a4a6df47fe0a985af	YmE4NWQ5NzYxNDk1YmU3YjdmNTg4OThkNjIyMmFkZTAxOTgzYjZjYTqAAn1xAVUPZGphbmdvX2xh\nbmd1YWdlcQJYAgAAAGVucy4=\n	2012-10-14 06:50:04.189844+00
34f5df138715bf0d2ac7e2da65cf6a86	YmE4NWQ5NzYxNDk1YmU3YjdmNTg4OThkNjIyMmFkZTAxOTgzYjZjYTqAAn1xAVUPZGphbmdvX2xh\nbmd1YWdlcQJYAgAAAGVucy4=\n	2012-10-14 06:56:40.894887+00
f6c0ecc8dd5bbafc1cc95acb9c9ced82	NDNjMjJjNGU0NWNmZWU2ZmJhNTVlZjc2NGExZjU2MjY2NzEzYzNiYzqAAn1xAShVCnRlc3Rjb29r\naWVxAlUGd29ya2VkcQNVD2RqYW5nb19sYW5ndWFnZVgCAAAAZW5xBHUu\n	2012-10-14 06:56:41.677808+00
f0b1453ffc8609ec12b4f619c816f341	NmQ3NWRjY2QxMzQ5MmNiMDNhNWNhMmQzYzg5ZGFkMmY4YzdjNDhlNzqAAn1xAShVDmNtc19hZG1p\nbl9zaXRlSwFVEl9hdXRoX3VzZXJfYmFja2VuZFUpZGphbmdvLmNvbnRyaWIuYXV0aC5iYWNrZW5k\ncy5Nb2RlbEJhY2tlbmRVD2RqYW5nb19sYW5ndWFnZVgCAAAAZW5xAlUNX2F1dGhfdXNlcl9pZEsB\ndS4=\n	2012-10-14 07:05:54.304055+00
cd396e422d0518894f3d9b775a84d527	ZTBmZjYzNjE1ZmFkMThiOWZlZWNhYWY2YzA2YzU4Yzc1ZTQyMDU5ODqAAn1xAShVDmNtc19hZG1p\nbl9zaXRlSwFVDV9hdXRoX3VzZXJfaWRLAVUPZGphbmdvX2xhbmd1YWdlWAIAAABlbnECVRJfYXV0\naF91c2VyX2JhY2tlbmRVKWRqYW5nby5jb250cmliLmF1dGguYmFja2VuZHMuTW9kZWxCYWNrZW5k\ndS4=\n	2012-10-14 07:06:33.143628+00
590959e9b6b4a05f3578a76adf1755b0	YmE4NWQ5NzYxNDk1YmU3YjdmNTg4OThkNjIyMmFkZTAxOTgzYjZjYTqAAn1xAVUPZGphbmdvX2xh\nbmd1YWdlcQJYAgAAAGVucy4=\n	2012-10-14 07:06:35.790526+00
e3b547fbe1c7681022a3c1f7d8740573	M2JkZTM2NjE4YmFkNGY2NDRiMDViMjk5NzVjYjE0NjY4OTg0YzA4OTqAAn1xAVUPZGphbmdvX2xh\nbmd1YWdlcQJYAgAAAGVucQNzLg==\n	2012-10-14 07:06:36.848836+00
17f16caad844a4cba2215782b915a5fd	YTc1MTZkNTYzZjA3NjFlY2FmYzBjZmE0MGM0MGE1NmUzMzI4OWIxMDqAAn1xAVUKdGVzdGNvb2tp\nZXECVQZ3b3JrZWRxA3Mu\n	2012-10-14 07:06:37.998576+00
080b26454247dfae7b1778631af5bf09	YTc1MTZkNTYzZjA3NjFlY2FmYzBjZmE0MGM0MGE1NmUzMzI4OWIxMDqAAn1xAVUKdGVzdGNvb2tp\nZXECVQZ3b3JrZWRxA3Mu\n	2012-10-14 07:06:38.987305+00
1b534e38aadc40786cc7b9c199cac58c	MTg0NjMwYTY5YWE2ZjljZGE0NGMxNDM2ODg0YzIwNzM5ODYxZDg4NDqAAn1xAShVDmNtc19hZG1p\nbl9zaXRlSwFVDV9hdXRoX3VzZXJfaWRLAVUPZGphbmdvX2xhbmd1YWdlWAIAAABlbnECVRJfYXV0\naF91c2VyX2JhY2tlbmRVKWRqYW5nby5jb250cmliLmF1dGguYmFja2VuZHMuTW9kZWxCYWNrZW5k\nVRtyb3NldHRhX2kxOG5fY2F0YWxvZ19maWx0ZXJYBwAAAHByb2plY3R1Lg==\n	2012-10-18 18:06:38.196571+00
e558ac7e2fef326c9c19805204c3e1ce	NTQ5OGIxOGVmNTY2YmVkMzJhZTdjYjAwYmU2NWQyZWQ5ZWUxNjEyZDqAAn1xAShVDmNtc19hZG1p\nbl9zaXRlSwFVDV9hdXRoX3VzZXJfaWRLAVUIY21zX2VkaXSIVRJfYXV0aF91c2VyX2JhY2tlbmRV\nKWRqYW5nby5jb250cmliLmF1dGguYmFja2VuZHMuTW9kZWxCYWNrZW5kVQ9kamFuZ29fbGFuZ3Vh\nZ2VYAgAAAGVzcQJ1Lg==\n	2012-10-28 09:10:49.718662+00
5549ceafc14ed5596c2f27a0fc7b01fa	NWZjYzJkYzUyZGIzYTNjNmU0ZmNlODc5YTliNzZiOGI1NmQ5ZjIzZTqAAn1xAShVDmNtc19hZG1p\nbl9zaXRlSwFVEl9hdXRoX3VzZXJfYmFja2VuZFUpZGphbmdvLmNvbnRyaWIuYXV0aC5iYWNrZW5k\ncy5Nb2RlbEJhY2tlbmRVCGNtc19lZGl0iFUNX2F1dGhfdXNlcl9pZEsBVQ9kamFuZ29fbGFuZ3Vh\nZ2VYAgAAAGVucQJ1Lg==\n	2013-01-14 12:45:07.921594+00
\.


--
-- Data for Name: django_site; Type: TABLE DATA; Schema: public; Owner: -
--

COPY django_site (id, domain, name) FROM stdin;
2	infantium.es	Infantium_ES
1	infantium.com	Infantium
\.


--
-- Data for Name: menus_cachekey; Type: TABLE DATA; Schema: public; Owner: -
--

COPY menus_cachekey (id, language, site, key) FROM stdin;
\.


--
-- Data for Name: newsletter_article; Type: TABLE DATA; Schema: public; Owner: -
--

COPY newsletter_article (id, sortorder, title, text, url, image, thumb, post_id) FROM stdin;
\.


--
-- Data for Name: newsletter_emailtemplate; Type: TABLE DATA; Schema: public; Owner: -
--

COPY newsletter_emailtemplate (id, title, action, subject, text, html) FROM stdin;
1	Default	message	{{ newsletter.title }} - {{ message.title }}	++++++++++++++++++++\r\n\r\n{{ newsletter.title }} {{ message.title }}\r\n\r\n++++++++++++++++++++\r\n\r\n{% for article in message.articles.all %}\r\n{{ article.title }}\r\n{{ article.text|striptags|safe }}\r\n\r\n{% endfor %}\r\n\r\n++++++++++++++++++++	
2	Default	subscribe	{{ newsletter.title }} - Confirm subscription	Dear {{ subscription.name }},\r\n\r\nyou, or someone in your name requested a subscription to {{ newsletter.title }}.\r\n\r\nIf you would like to confirm your subscription, please follow this activation link:\r\nhttp://{{ site.domain }}{{ subscription.subscribe_activate_url }}\r\n\r\nKind regards,\r\n{{ newsletter.sender }}	
3	Default	unsubscribe	{{ newsletter.title }} - Confirm unsubscription	Dear {{ subscription.name }},\r\n\r\nyou, or someone in your name requested unsubscription from {{ newsletter.title }}.\r\n\r\nIf you would like to confirm your subscription, please follow this activation link:\r\nhttp://{{ site.domain }}{{ subscription.unsubscribe_activate_url }}\r\n\r\nKind regards,\r\n{{ newsletter.sender }}	
4	Default	update	{{ newsletter.title }} - Update information	Dear {{ subscription.name }},\r\n\r\nyou, or someone in your name requested updating your personal information for {{ newsletter.title }}.\r\n\r\nTo make changes to your information in our database, please follow this activation link:\r\nhttp://{{ site.domain }}{{ subscription.update_activate_url }}\r\n\r\nKind regards,\r\n{{ newsletter.sender }}	
5	Newsletter Template	message	{{ newsletter.title }} - {{ message.title }}	--	<!DOCTYPE HTML>\r\n<html lang="en-US">\r\n<head>\r\n\t<meta charset="UTF-8">\r\n\t<meta name="viewport" content="width=device-width, initial-scale=1, maximum-scale=1, user-scalable=0">\r\n\t<title>{{ newsletter.title }} - {{ message.title }}</title>\r\n\t<style type="text/css">\r\n\t\t/* EMBEDDED CSS\r\n\t\tAndroid Mail doesn't support "class" declarations outside of a media query so use inline CSS as a rule.\r\n\t\tMore info: Http://www.emailonacid.com/blog/the_android_mail_app_and_css_class_declarations/ */\r\n\r\n\r\n\t\t/****** EMAIL CLIENT BUG FIXES - BEST NOT TO CHANGE THESE ********/\r\n\r\n\r\n\t\t/* Forces Hotmail to display emails at full width. */\r\n\t\t.ExternalClass {width:100%;}\r\n\r\n\t\t/* Forces Hotmail to display normal line spacing. */\r\n\t\t.ExternalClass, .ExternalClass p, .ExternalClass span, .ExternalClass font, .ExternalClass td, .ExternalClass div {line-height:100%;}\r\n\r\n\t\t/* Prevents Webkit and Windows Mobile platforms from changing default font sizes. */\r\n\t\tbody {-webkit-text-size-adjust:none; -ms-text-size-adjust:none;}\r\n\r\n\t\t/* Resets all body margins and padding to "0" for good measure. */\r\n\t\tbody {margin:0; padding:0;}\r\n\r\n\t\t/* Resolves webkit padding issue. */\r\n\t\ttable {border-spacing:0;}\r\n\r\n\t\t/* Resolves the Outlook 2007, 2010, and Gmail td padding issue. */\r\n\t\ttable td {border-collapse:collapse;}\r\n\r\n\r\n\t\t/****** END BUG FIXES ********/\r\n\r\n\r\n\t\t/****** RESETTING DEFAULTS, IT IS BEST TO OVERWRITE THESE STYLES INLINE ********/\r\n\r\n\r\n\t\t/* This sets a clean slate for all clients EXCEPT Gmail.\r\n\t\tFrom there it forces you to do all of your spacing inline during the development process.\r\n\t\tBe sure to stick to margins because paragraph padding is not supported by Outlook 2007/2010.\r\n\t\tRemember: Hotmail does not support "margin" nor the "margin-top" properties.\r\n\t\tStick to "margin-bottom", "margin-left", "margin-right" in order to control spacing.\r\n\t\tIt also wise to set the inline top-margin to "0" for consistancy in Gmail for every inline instance\r\n\t\tof a paragraph tag. */\t\r\n\t\tp {margin:0; padding:0; margin-bottom:0;}\r\n\r\n\t\t/* This CSS will overwrite Hotmails default CSS and make your headings appear consistant with Gmail.\r\n\t\tFrom there, you can override with inline CSS if needed. */\r\n\t\th1, h2, h3, h4, h5, h6 {color:#59A2BC; line-height:100%;}\r\n\r\n\r\n\t\t/****** END RESETTING DEFAULTS ********/\r\n\r\n\r\n\t\t/****** EDITABLE STYLES - FOR YOUR TEMPLATE ********/\r\n\r\n\r\n\t\t/* The "body" is defined here for Yahoo Beta because it does not support your body tag. Instead, it will\r\n\t\tcreate a wrapper div around your email and that div will inherit your embedded body styles.\r\n\t\tThe "#body_style" is defined for AOL because it does not support your embedded body definition nor\r\n\t\tyour body tag, we will use this class in our wrapper div. */\r\n\t\tbody, #body_style {width:100% !important; min-height:1000px; color:#626264; background:#eee; font-family:Tahoma,Arial,Helvetica,sans-serif; font-size:13px; line-height:1.4;}\r\n\r\n\t\t/* This is the embedded CSS link color for Gmail. This will overwrite Hotmail and Yahoo Beta's\r\n\t\tembedded link colors and make it consistent with Gmail. Also use this rule on inline CSS. */\r\n\t\ta {color:#59A2BC; text-decoration:none;}\r\n\r\n\t\t/* There is no way to set these inline so you have the option of adding pseudo class definitions here.\r\n\t\tThey won't work for Gmail or older Lotus Notes but it's a nice addition for all other clients. */\r\n\t\ta:link {color:#59A2BC; text-decoration:none;}\r\n\t\ta:visited {color:#9d470a; text-decoration:none;}\r\n\t\ta:focus {color:#59A2BC !important;}\r\n\t\ta:hover {color:#B2D1E0 !important;}\r\n\r\n\t\t/* A nice and clean way to target phone numbers you want clickable and avoid a mobile phone from\r\n\t\tlinking other numbers that look like, but are not phone numbers. Use these two blocks of code to\r\n\t\t"unstyle" any numbers that may be linked. The second block gives you a class ".mobile_link" to apply\r\n\t\twith a span tag to the numbers you would like linked and styled.\r\n\t\tMore info: http://www.campaignmonitor.com/blog/post/3571/using-phone-numbers-in-html-email/ */\r\n\t\ta[href^="tel"], a[href^="sms"] {text-decoration:none; color:#333333; pointer-events:none; cursor:default;}\r\n\t\t.mobile_link a[href^="tel"], .mobile_link a[href^="sms"] {text-decoration:default; color:#6e5c4f !important; pointer-events:auto; cursor:default;}\r\n\r\n\r\n\t\t/****** MEDIA QUERIES ********/\r\n\t\t/* You must use attribute selectors in your media queries to prevent Yahoo from rendering these styles.  \r\n\t\tWe added a yahoo attribute in the body tag to complete this fix. \r\n\t\tMore info: http://www.emailonacid.com/blog/details/C13/stop_yahoo_mail_from_rendering_your_media_queries */\r\n\r\n\t\t/* Target mobile devices. */\r\n\t\t/* @media only screen and (max-device-width: 639px) { */\r\n\t\t@media only screen and (max-width: 639px) { /* TEMPORARY */\r\n      \r\n\t\t\t/* Hide elements at smaller screen sizes (!important needed to override inline CSS). */\r\n\t\t\tbody[yahoo] .hide {display:none !important;}\r\n\r\n\t\t\t/* Adjust table widths at smaller screen sizes. */\r\n\t\t\tbody[yahoo] .table {width:320px !important;}\r\n\t\t\tbody[yahoo] .innertable {width:280px !important;}\r\n\r\n\t\t\t/* Resize hero image at smaller screen sizes. */\r\n\t\t\tbody[yahoo] .heroimage {width:280px !important; height:100px !important;}\r\n\r\n\t\t\t/* Resize page shadow at smaller screen sizes. */\r\n\t\t\tbody[yahoo] .shadow {width:280px !important; height:4px !important;}\r\n\r\n\t\t\t/* Collapse footer columns. */\r\n\t\t\tbody[yahoo] .footer-left  {width:320px !important;}\r\n\t\t\tbody[yahoo] .footer-right {width:320px !important;}\r\n\t\t\tbody[yahoo] .footer-right img {float:left !important; margin:0 1em 0 0 !important;}\r\n\t\t\t\r\n\t\t\tul {margin-left:0;padding:0;list-style-position:outside;}\r\n\t\t\tli {margin-left:15px !important;padding-left:0;}\r\n\r\n\t\t}\r\n\r\n\t\t/* Target tablet devices. */\r\n\t\t/* @media only screen and (min-device-width: 640px) and (max-device-width: 1024px) { */\r\n\t\t@media only screen and (min-width: 640px) and (max-width: 1024px) { /* TEMPORARY */\r\n\r\n\t\t}\r\n\r\n\t\t/*** END EDITABLE STYLES ***/\r\n\r\n\r\n\t\t/****** TEMPORARY - THESE SHOULD BE MOVED INLINE AT END OF YOUR DEVELOPMENT PROCESS ********/\r\n\r\n\t\th1 {font-size:24px; line-height:1.11538461538462; font-weight:normal; margin-top:0; margin-bottom:0;}\r\n\r\n\t\tp {margin-top:0; margin-bottom:0;}\r\n\r\n\t\timg {display:block; border:none; outline:none; text-decoration:none;}\r\n\r\n\t\t/* Remove spacing around Outlook 07, 10 tables */\r\n\t\ttable {border-collapse:collapse; mso-table-lspace:0pt; mso-table-rspace:0pt;}\r\n\r\n\t\t/*** END TEMPORARY ***/\r\n\t</style>\r\n</head>\r\n\r\n\r\n<body style="width:100% !important; min-height:1000px; color:#333333; background:#eee; font-family:Arial,Helvetica,sans-serif; font-size:13px; line-height:1.4;"\r\nalink="#9d470a" link="#9d470a" bgcolor="#e0dbcf" text="#333333" yahoo="fix">\r\n\r\n\t<!-- You may adjust each of the values above for your template as needed.\r\n\r\n\tWe've included the style attribute for Gmail because it does not support embedded CSS and it will convert this body tag to\r\n\ta div. Since it gets converted to a div, the other body attributes like bgcolor are ignored.\r\n\r\n\tWe included body attributes (alink, link, bgcolor and text) for Lotus Notes 6.5 and 7, as these clients do not offer much\r\n\tsupport for embedded nor inline CSS. \r\n\r\n\tThe "min-height" attribute is set for Gmail and AOL since they will be converting this body tag to a div and we want our\r\n\tbackground color to reach the bottom of the page. \r\n\r\n\tThe yahoo attribute is added if you are using media queries for mobile devices (see media queries above) -->\r\n\r\n\t<!--PAGE WRAPPER-->\r\n\t<div id="body_style"> \r\n\r\n\t\t<!-- Wrapper/Container Table: Use a wrapper table to control the width and the background color consistently of your email. Use this approach instead of setting attributes on the body tag. -->\r\n    \t<table cellpadding="0" cellspacing="0" border="0" style="width:100% !important; margin:0;margin-top:15px;padding:0;">\r\n\t\t\t<tr bgcolor="#eee">\r\n\t\t\t\t<td>\r\n\r\n\t\t\t\t\t<!-- Tables are the most common way to format your email consistently. Set your table widths inside cells and in most cases reset cellpadding, cellspacing, and border to zero. Use nested tables as a way to space effectively in your message. -->\r\n\t\t\t\t\t<table width="600" cellpadding="0" cellspacing="0" border="0" align="center" class="table">\r\n\r\n\t          \t\t\t<!-- PREHEADER -->\r\n\t\t\t\t\t\t<tr>\r\n\t\t\t\t\t\t\t<td>\r\n\t\t\t\t\t\t\t\t<table width="100%" cellpadding="10" cellspacing="0" border="0">\r\n\t\t\t\t\t\t\t\t\t<tr>\r\n\t\t\t\t\t\t\t\t\t\t<td valign="top" style="font-size:11px;color:#626264;font-family:Tahoma,Arial,Helvetica,Verdana,sans-serif;" align="center">\r\n\t\t\t\t\t\t\t\t\t\t\tIs this email not displaying correctly? <a href="*|ARCHIVE|*" target="_blank" style="color:#59A2BC; text-decoration:none;">View it in your browser</a>.\r\n\t\t\t\t\t\t\t\t\t\t</td>\r\n\t\t\t\t\t\t\t\t\t</tr>\r\n\t\t\t\t\t\t\t\t</table>\r\n\t\t\t\t\t\t\t</td>\r\n\t\t\t\t\t\t</tr>\r\n\t\t\t\t\t\t<!-- /PREHEADER -->\r\n\r\n\t\t\t\t\t\t<!-- HEADER -->\r\n\t\t\t\t\t\t<tr>\r\n\t\t\t\t \t\t\t<td>\r\n\t\t\t\t\t\t\t\t<!-- set a value for bgcolor -->\r\n\t\t\t\t\t\t\t\t<table bgcolor="#38708c" text="#626264" width="100%" cellpadding="0" cellspacing="0" border="0" style="background-image:url('{{ STATIC_URL }}img/header-background.png');background-repeat:repeat-x;background-position:bottom left;">\r\n\t\t\t\t\t\t\t\t\t<!-- header -->\r\n\t\t\t\t\t\t\t\t\t<tr>\r\n\t\t\t\t\t\t\t\t\t\t<td colspan="3" height="30"></td>\r\n\t\t\t\t\t\t\t\t\t</tr>\r\n\t\t\t\t\t\t\t\t\t<tr>\r\n\t\t\t\t\t\t\t\t\t\t<td width="30">&nbsp;</td>\r\n\t\t\t\t\t\t\t\t\t\t<td width="540" height="51" valign="middle">\r\n\t\t\t\t                        \t<a href="http://{{ site.domain }}" target="_blank"><img src="{{ STATIC_URL }}img/logos/infantium-logo.png" width="150" height="51" border="0" alt="Infantium. Developing minds." title="Infantium. Developing minds." style="color:#fff;font-size:14px;font-family:Tahoma,Arial,Helvetica,Verdana,sans-serif;font-weight:bold;"></a>\r\n\t\t\t\t\t\t\t\t\t\t<td width="30">&nbsp;</td>\r\n\t\t\t\t\t\t\t\t\t</tr>\r\n\t\t\t\t\t\t\t\t\t<tr>\r\n\t\t\t\t\t\t\t\t\t\t<td colspan="3" height="30"></td>\r\n\t\t\t\t\t\t\t\t\t</tr>\r\n\t\t\t\t                </table>\r\n\t\t\t\t\t\t\t</td>\r\n\t\t\t\t\t\t</tr>\r\n\t\t\t\t\t\t<!-- /HEADER -->\r\n\r\n\r\n\t\t\t\t\t\t<!-- CONTENT -->\r\n\t\t\t\t\t\t<tr bgcolor="#ffffff">\r\n\t\t\t\t\t\t\t<td style="padding-top:20px;">\r\n\r\n\t\t\t\t\t\t\t\t<!-- hero article -->\r\n\t\t\t\t\t\t\t\t<table style="margin-bottom:2em;" width="560" cellpadding="0" cellspacing="0" border="0" align="center" class="innertable">\r\n\t\t\t\t\t\t\t\t\t<tr>\r\n\t\t\t\t\t\t\t\t\t\t<td>\r\n\t\t\t\t\t\t\t\t\t\t\t<table bgcolor="#ffffff" width="100%" cellpadding="10" cellspacing="0" border="0">\r\n\t\t\t\t\t\t\t\t\t\t\t\t<tr>\r\n\t\t\t\t\t\t\t\t\t\t\t\t\t<td>\r\n\t\t\t\t\t\t\t\t\t\t\t\t\t\t<h1 style="margin:0;padding:0;font-size:24px;font-family:Tahoma,Arial,Helvetica,Verdana,sans-serif;font-weight:bold;color:#59A2BC;"><a href="#" style="color:#59A2BC;text-decoration:none;">Metodo Infantium</a></h1>\r\n\t\t\t\t\t\t\t\t\t\t\t\t\t\t<p style="font-size:16px;font-family:Tahoma,Arial,Helvetica,Verdana,sans-serif;margin-top:1em;line-height:1.5;color:#626264; margin-bottom:0;">Nulla facilisi. Nullam id nibh vel velit laoreet ultricies. Morbi laoreet gravi gravida magna in mollis. Duis dictum feugiat odio lorem facta. Nulla facilisi. Nullam id nibh vel velit laoreet ultricies. Morbi laoreet gravi gravida magna in mollis. Duis dictum feugiat odio lorem facta. <a href="#" text="#59A2BC" style="color:#59A2BC;text-decoration:underline;">Leer mas</a>.</p>\r\n\t\t\t\t\t\t\t\t\t\t\t\t\t</td>\r\n\t\t\t\t\t\t\t\t\t\t\t\t</tr>\r\n\t\t\t\t\t\t\t\t\t\t\t</table>\r\n\t\t\t\t\t\t\t\t\t\t</td>\r\n\t\t\t\t\t\t\t\t\t</tr>\r\n\t\t\t\t\t\t\t\t</table>\r\n\t\t\t\t\t\t\t\t<!-- /hero article -->\r\n\r\n\t\t\t\t\t\t\t\t<!-- normal article -->\r\n\t\t\t\t\t\t\t\t<table style="margin-bottom:2em;" width="560" cellpadding="0" cellspacing="0" border="0" align="center" class="innertable">\r\n\t\t\t\t\t\t\t\t\t<tr>\r\n\t\t\t\t\t\t\t\t\t\t<td>\r\n\t\t\t\t\t\t\t\t\t\t\t<table bgcolor="#ffffff" width="100%" cellpadding="10" cellspacing="0" border="0">\r\n\t\t\t\t\t\t\t\t\t\t\t\t<tr>\r\n\t\t\t\t\t\t\t\t\t\t\t\t\t<td>\r\n\t\t\t\t\t\t\t\t\t\t\t\t\t\t<h2 style="margin:0;padding:0;font-size:16px;font-family:Tahoma,Arial,Helvetica,Verdana,sans-serif;font-weight:bold;color:#59A2BC;"><a href="#" style="color:#59A2BC;text-decoration:none;">Metodo Infantium</a></h2>\r\n\t\t\t\t\t\t\t\t\t\t\t\t\t\t<p style="font-size:16px;font-family:Tahoma,Arial,Helvetica,Verdana,sans-serif;margin-top:1em;line-height:1.5;color:#626264; margin-bottom:0;">Nulla facilisi. Nullam id nibh vel velit laoreet ultricies. Morbi laoreet gravi gravida magna in mollis. Duis dictum feugiat odio lorem facta. Nulla facilisi.</p>\r\n\t\t\t\t\t\t\t\t\t\t\t\t\t\t<ul style="font-size:16px;font-family:Tahoma,Arial,Helvetica,Verdana,sans-serif;margin-top:1em;line-height:1.5;color:#626264; margin-top:1em;">\r\n\t\t\t\t\t\t\t\t\t\t\t\t\t\t\t<li style="font-size:16px;font-family:Tahoma,Arial,Helvetica,Verdana,sans-serif;margin-top:1em;line-height:1.5;color:#626264; margin:0;"><a href="#" style="color:#59A2BC;text-decoration:underline;">Nullam ud nibh vel</a> velit laoreet ultriricies.</li>\r\n\t\t\t\t\t\t\t\t\t\t\t\t\t\t\t<li style="font-size:16px;font-family:Tahoma,Arial,Helvetica,Verdana,sans-serif;margin-top:1em;line-height:1.5;color:#626264; margin:0;"><a href="#" style="color:#59A2BC;text-decoration:underline;">Morbi laoreet gravi</a> gravida magna in mollis.</li>\r\n\t\t\t\t\t\t\t\t\t\t\t\t\t\t\t<li style="font-size:16px;font-family:Tahoma,Arial,Helvetica,Verdana,sans-serif;margin-top:1em;line-height:1.5;color:#626264; margin:0;"><a href="#" style="color:#59A2BC;text-decoration:underline;">Duis dictum feugiat</a> odio lorem facta.</li>\r\n\t\t\t\t\t\t\t\t\t\t\t\t\t\t</ul>\r\n\t\t\t\t\t\t\t\t\t\t\t\t\t\t<p style="font-size:16px;font-family:Tahoma,Arial,Helvetica,Verdana,sans-serif;margin-top:1em;line-height:1.5;color:#626264; margin-bottom:0;">Nulla facilisi. Nullam id nibh vel velit laoreet ultricies. Morbi laoreet gravi gravida magna in mollis. Duis dictum feugiat odio lorem facta. Nulla facilisi. <a href="#" style="color:#59A2BC;text-decoration:underline;">Leer mas</a>.</p>\r\n\t\t\t\t\t\t\t\t\t\t\t\t\t</td>\r\n\t\t\t\t\t\t\t\t\t\t\t\t</tr>\r\n\t\t\t\t\t\t\t\t\t\t\t</table>\r\n\t\t\t\t\t\t\t\t\t\t</td>\r\n\t\t\t\t\t\t\t\t\t</tr>\r\n\t\t\t\t\t\t\t\t</table>\r\n\t\t\t\t\t\t\t\t<!-- /normal article -->\r\n\t\t\t\t\t\t\t\t\r\n\t\t\t\t\t\t\t\t<!-- normal article -->\r\n\t\t\t\t\t\t\t\t<table style="margin-bottom:2em;" width="560" cellpadding="0" cellspacing="0" border="0" align="center" class="innertable">\r\n\t\t\t\t\t\t\t\t\t<tr>\r\n\t\t\t\t\t\t\t\t\t\t<td>\r\n\t\t\t\t\t\t\t\t\t\t\t<table bgcolor="#ffffff" width="100%" cellpadding="10" cellspacing="0" border="0">\r\n\t\t\t\t\t\t\t\t\t\t\t\t<tr>\r\n\t\t\t\t\t\t\t\t\t\t\t\t\t<td>\r\n\t\t\t\t\t\t\t\t\t\t\t\t\t\t<h2 style="margin:0;padding:0;font-size:16px;font-family:Tahoma,Arial,Helvetica,Verdana,sans-serif;font-weight:bold;color:#59A2BC;"><a href="#" style="color:#59A2BC;text-decoration:none;">Metodo Infantium</a></h2>\r\n\t\t\t\t\t\t\t\t\t\t\t\t\t\t<p style="font-size:16px;font-family:Tahoma,Arial,Helvetica,Verdana,sans-serif;margin-top:1em;line-height:1.5;color:#626264; margin-bottom:0;">Nulla facilisi. Nullam id nibh vel velit laoreet ultricies. Morbi laoreet gravi gravida magna in mollis. Duis dictum feugiat odio lorem facta. Nulla facilisi. Nullam id nibh vel velit laoreet ultricies. Morbi laoreet gravi gravida magna in mollis. Duis dictum feugiat odio lorem facta.</p>\r\n\t\t\t\t\t\t\t\t\t\t\t\t\t\t<p align="center" style="font-size:16px;font-family:Tahoma,Arial,Helvetica,Verdana,sans-serif;margin-top:1em;line-height:1.5;color:#626264; margin-bottom:0;"><img src="http://placehold.it/260x130" align="center" style="margin:0;display:block;"></p>\r\n\t\t\t\t\t\t\t\t\t\t\t\t\t\t<p style="font-size:16px;font-family:Tahoma,Arial,Helvetica,Verdana,sans-serif;margin-top:1em;line-height:1.5;color:#626264; margin-bottom:0;">Nulla facilisi. Nullam id nibh vel velit laoreet ultricies. Morbi laoreet gravi gravida magna in mollis. Duis dictum feugiat odio lorem facta. Nulla facilisi. Nullam id nibh vel velit laoreet ultricies. Morbi laoreet gravi gravida magna in mollis. Duis dictum feugiat odio lorem facta. <a href="#" text="#59A2BC" style="color:#59A2BC;text-decoration:underline">Leer mas</a>.</p>\r\n\t\t\t\t\t\t\t\t\t\t\t\t\t</td>\r\n\t\t\t\t\t\t\t\t\t\t\t\t</tr>\r\n\t\t\t\t\t\t\t\t\t\t\t</table>\r\n\t\t\t\t\t\t\t\t\t\t</td>\r\n\t\t\t\t\t\t\t\t\t</tr>\r\n\t\t\t\t\t\t\t\t</table>\r\n\t\t\t\t\t\t\t\t<!-- /normal article -->\r\n\r\n\t\t\t\t\t\t\t\t<!-- normal article -->\r\n\t\t\t\t\t\t\t\t<table style="margin-bottom:2em;" width="560" cellpadding="0" cellspacing="0" border="0" align="center" class="innertable">\r\n\t\t\t\t\t\t\t\t\t<tr>\r\n\t\t\t\t\t\t\t\t\t\t<td>\r\n\t\t\t\t\t\t\t\t\t\t\t<table bgcolor="#ffffff" width="100%" cellpadding="10" cellspacing="0" border="0">\r\n\t\t\t\t\t\t\t\t\t\t\t\t<tr>\r\n\t\t\t\t\t\t\t\t\t\t\t\t\t<td>\r\n\t\t\t\t\t\t\t\t\t\t\t\t\t\t<h2 style="margin:0;padding:0;font-size:16px;font-family:Tahoma,Arial,Helvetica,Verdana,sans-serif;font-weight:bold;color:#59A2BC;"><a href="#" style="color:#59A2BC;text-decoration:none;">Metodo Infantium</a></h2>\r\n\t\t\t\t\t\t\t\t\t\t\t\t\t\t<p style="font-size:16px;font-family:Tahoma,Arial,Helvetica,Verdana,sans-serif;margin-top:1em;line-height:1.5;color:#626264; margin-bottom:0;"><img src="http://placehold.it/100x100" align="left" style="margin:0 15px 15px 0;display:block;" class="hide">Nulla facilisi. Nullam id nibh vel velit laoreet ultricies. Morbi laoreet gravi gravida magna in mollis. Duis dictum feugiat odio lorem facta. Nulla facilisi. Nullam id nibh vel velit laoreet ultricies. Morbi laoreet gravi gravida magna in mollis. Duis dictum feugiat odio lorem facta. <a href="#" text="#59A2BC" style="color:#59A2BC;text-decoration:underline">Leer mas</a>.</p>\r\n\t\t\t\t\t\t\t\t\t\t\t\t\t</td>\r\n\t\t\t\t\t\t\t\t\t\t\t\t</tr>\r\n\t\t\t\t\t\t\t\t\t\t\t</table>\r\n\t\t\t\t\t\t\t\t\t\t</td>\r\n\t\t\t\t\t\t\t\t\t</tr>\r\n\t\t\t\t\t\t\t\t</table>\r\n\t\t\t\t\t\t\t\t<!-- /normal article -->\r\n\r\n\t\t\t\t\t\t\t\t<!-- normal article -->\r\n\t\t\t\t\t\t\t\t<table style="margin-bottom:2em;" width="560" cellpadding="0" cellspacing="0" border="0" align="center" class="innertable">\r\n\t\t\t\t\t\t\t\t\t<tr>\r\n\t\t\t\t\t\t\t\t\t\t<td>\r\n\t\t\t\t\t\t\t\t\t\t\t<table bgcolor="#ffffff" width="100%" cellpadding="10" cellspacing="0" border="0">\r\n\t\t\t\t\t\t\t\t\t\t\t\t<tr>\r\n\t\t\t\t\t\t\t\t\t\t\t\t\t<td>\r\n\t\t\t\t\t\t\t\t\t\t\t\t\t\t<h2 style="margin:0;padding:0;font-size:16px;font-family:Tahoma,Arial,Helvetica,Verdana,sans-serif;font-weight:bold;color:#59A2BC;"><a href="#" style="color:#59A2BC;text-decoration:none;">Metodo Infantium</a></h2>\r\n\t\t\t\t\t\t\t\t\t\t\t\t\t\t<p style="font-size:16px;font-family:Tahoma,Arial,Helvetica,Verdana,sans-serif;margin-top:1em;line-height:1.5;color:#626264; margin-bottom:0;"><img src="http://placehold.it/100x100" align="right" style="margin:0 0 15px 15px;display:block;" class="hide">Nulla facilisi. Nullam id nibh vel velit laoreet ultricies. Morbi laoreet gravi gravida magna in mollis. Duis dictum feugiat odio lorem facta. Nulla facilisi. Nullam id nibh vel velit laoreet ultricies. Morbi laoreet gravi gravida magna in mollis. Duis dictum feugiat odio lorem facta. <a href="#" text="#59A2BC" style="color:#59A2BC;text-decoration:underline">Leer mas</a>.</p>\r\n\t\t\t\t\t\t\t\t\t\t\t\t\t</td>\r\n\t\t\t\t\t\t\t\t\t\t\t\t</tr>\r\n\t\t\t\t\t\t\t\t\t\t\t</table>\r\n\t\t\t\t\t\t\t\t\t\t</td>\r\n\t\t\t\t\t\t\t\t\t</tr>\r\n\t\t\t\t\t\t\t\t</table>\r\n\t\t\t\t\t\t\t\t<!-- /normal article -->\r\n\r\n\t\t\t\t\t\t\t</td>\r\n\t\t\t\t\t\t</tr>\r\n\t\t\t\t\t\t<!-- /CONTENT -->\r\n\r\n\r\n\t\t\t\t\t\t<!-- FOOTER -->\r\n\t\t\t\t\t\t<tr>\r\n\t\t\t\t\t\t\t<td>\r\n\t\t\t\t\t\t\t\t<table width="100%" cellpadding="10" cellspacing="0" border="0">\r\n\t\t\t\t\t\t\t\t\t<tr>\r\n\t\t\t\t\t\t\t\t\t\t<td valign="top" align="center" style="font-size:11px;color:#626264;font-family:Tahoma,Arial,Helvetica,Verdana,sans-serif;">\r\n\t\t\t\t\t\t \t\t\t\t\tYou have received this email because bla bla bla bla.<br>\r\n\t\t\t\t\t\t\t\t\t\t\tClick here to <a href="http://{{ site.domain }}{{ subscription.unsubscribe_activate_url }}" color="#59A2BC;" style="color:#59A2BC;text-decoration:underline;">unsubscribe</a> from future emails.\r\n\t\t\t\t\t\t\t\t\t\t</td>\r\n\t\t\t\t\t\t\t\t\t</tr>\r\n\t\t\t\t\t\t\t\t</table>\r\n\t\t\t\t\t\t\t</td>\r\n\t\t\t\t\t\t</tr>\r\n\t\t\t\t\t\t<!-- /FOOTER -->\r\n\r\n\t\t\t\t\t</table>\r\n\t\t\t\t</td>\r\n\t\t\t</tr>\r\n\t\t</table>  \r\n\t\t<!-- End of wrapper table -->\r\n\t</div>\r\n\r\n</body>\r\n</html>\r\n
\.


--
-- Data for Name: newsletter_message; Type: TABLE DATA; Schema: public; Owner: -
--

COPY newsletter_message (id, title, slug, newsletter_id, date_create, date_modify) FROM stdin;
\.


--
-- Data for Name: newsletter_newsletter; Type: TABLE DATA; Schema: public; Owner: -
--

COPY newsletter_newsletter (id, title, slug, email, sender, visible, subscribe_template_id, unsubscribe_template_id, update_template_id, message_template_id) FROM stdin;
1	Infantium	infantium	no-reply@infantium.com	Infantium	t	2	3	4	5
\.


--
-- Data for Name: newsletter_newsletter_site; Type: TABLE DATA; Schema: public; Owner: -
--

COPY newsletter_newsletter_site (id, newsletter_id, site_id) FROM stdin;
3	1	1
\.


--
-- Data for Name: newsletter_submission; Type: TABLE DATA; Schema: public; Owner: -
--

COPY newsletter_submission (id, newsletter_id, message_id, publish_date, publish, prepared, sent, sending) FROM stdin;
\.


--
-- Data for Name: newsletter_submission_subscriptions; Type: TABLE DATA; Schema: public; Owner: -
--

COPY newsletter_submission_subscriptions (id, submission_id, subscription_id) FROM stdin;
\.


--
-- Data for Name: newsletter_subscription; Type: TABLE DATA; Schema: public; Owner: -
--

COPY newsletter_subscription (id, user_id, name, email, ip, newsletter_id, create_date, activation_code, subscribed, subscribe_date, unsubscribed, unsubscribe_date) FROM stdin;
1	\N	\N	b@b.com	127.0.0.1	1	2012-08-03 21:01:47.88+00	5e81332966c8ed9296314bf855d91c4267c3fc6e	t	2012-08-03 21:01:47.943+00	f	\N
2	\N	\N	d@d.com	127.0.0.1	1	2012-08-03 21:23:59.749+00	674a994358f5f9331d205d667dd7de887f0b5887	t	2012-08-03 21:23:59.84+00	f	\N
\.


--
-- Data for Name: registration_registrationprofile; Type: TABLE DATA; Schema: public; Owner: -
--

COPY registration_registrationprofile (id, user_id, activation_key) FROM stdin;
\.


--
-- Data for Name: south_migrationhistory; Type: TABLE DATA; Schema: public; Owner: -
--

COPY south_migrationhistory (id, app_name, migration, applied) FROM stdin;
1	tastypie	0001_initial	2012-08-23 04:55:06.105149+00
2	zinnia	0001_initial	2012-08-23 04:55:06.155466+00
3	zinnia	0002_auto__add_field_entry_pingback_enabled	2012-08-23 04:55:06.160552+00
4	zinnia	0003_auto__chg_field_category_title__chg_field_category_slug__add_unique_ca	2012-08-23 04:55:06.167272+00
5	zinnia	0004_mptt_categories	2012-08-23 04:55:06.175918+00
6	zinnia	0005_entry_protection	2012-08-23 04:55:06.183126+00
7	zinnia	0006_entry_template	2012-08-23 04:55:06.189737+00
8	zinnia	0007_entry_featured	2012-08-23 04:55:06.197863+00
9	zinnia	0008_add_status_permission	2012-08-23 04:55:06.2047+00
10	zinnia	0009_change_mptt_field	2012-08-23 04:55:06.211978+00
11	zinnia	0010_publication_dates_unrequired	2012-08-23 04:55:06.220693+00
12	cms	0001_initial	2012-08-23 04:55:06.423801+00
13	cms	0002_auto_start	2012-08-23 04:55:06.429464+00
14	cms	0003_remove_placeholder	2012-08-23 04:55:06.435798+00
15	cms	0004_textobjects	2012-08-23 04:55:06.441094+00
16	cms	0005_mptt_added_to_plugins	2012-08-23 04:55:06.446629+00
17	text	0001_initial	2012-08-23 04:55:06.453304+00
18	text	0002_freeze	2012-08-23 04:55:06.459837+00
19	cms	0006_apphook	2012-08-23 04:55:06.466402+00
20	cms	0007_apphook_longer	2012-08-23 04:55:06.472577+00
21	cms	0008_redirects	2012-08-23 04:55:06.481065+00
22	cms	0009_added_meta_fields	2012-08-23 04:55:06.489224+00
23	cms	0010_5char_language	2012-08-23 04:55:06.496412+00
24	cms	0011_title_overwrites	2012-08-23 04:55:06.504383+00
25	cms	0012_publisher	2012-08-23 04:55:06.510286+00
26	text	0003_publisher	2012-08-23 04:55:06.52009+00
27	picture	0001_initial	2012-08-23 04:55:06.527194+00
28	picture	0002_link_rename	2012-08-23 04:55:06.534067+00
29	picture	0003_freeze	2012-08-23 04:55:06.541578+00
30	picture	0004_publisher	2012-08-23 04:55:06.548627+00
31	link	0001_initial	2012-08-23 04:55:06.555932+00
32	link	0002_link_rename	2012-08-23 04:55:06.564991+00
33	link	0003_page_link	2012-08-23 04:55:06.572377+00
34	link	0004_larger_link_names	2012-08-23 04:55:06.579873+00
35	link	0005_publisher	2012-08-23 04:55:06.587104+00
36	file	0001_initial	2012-08-23 04:55:06.595281+00
37	file	0002_freeze	2012-08-23 04:55:06.602645+00
38	file	0003_publisher	2012-08-23 04:55:06.610163+00
39	cms	0013_site_copy	2012-08-23 04:55:06.618925+00
40	cms	0014_sites_removed	2012-08-23 04:55:06.626125+00
41	cms	0015_modified_by_added	2012-08-23 04:55:06.631002+00
42	cms	0016_author_copy	2012-08-23 04:55:06.639746+00
43	cms	0017_author_removed	2012-08-23 04:55:06.64862+00
44	cms	0018_site_permissions	2012-08-23 04:55:06.655634+00
45	cms	0019_public_table_renames	2012-08-23 04:55:06.664136+00
46	text	0004_table_rename	2012-08-23 04:55:06.672237+00
47	text	0005_publisher2	2012-08-23 04:55:06.681481+00
48	picture	0005_table_rename	2012-08-23 04:55:06.687945+00
49	picture	0006_float_added	2012-08-23 04:55:06.69392+00
50	picture	0007_publisher2	2012-08-23 04:55:06.701663+00
51	link	0006_table_rename	2012-08-23 04:55:06.71132+00
52	link	0007_publisher2	2012-08-23 04:55:06.718945+00
53	file	0004_table_rename	2012-08-23 04:55:06.727733+00
54	file	0005_publisher2	2012-08-23 04:55:06.734932+00
55	cms	0020_advanced_permissions	2012-08-23 04:55:06.744123+00
56	cms	0021_publisher2	2012-08-23 04:55:06.75166+00
57	cms	0022_login_required_added	2012-08-23 04:55:06.759432+00
58	cms	0023_plugin_table_naming_function_changed	2012-08-23 04:55:06.767078+00
59	cms	0024_added_placeholder_model	2012-08-23 04:55:06.775469+00
60	cms	0025_placeholder_migration	2012-08-23 04:55:06.782458+00
61	cms	0026_finish_placeholder_migration	2012-08-23 04:55:06.79061+00
62	cms	0027_added_width_to_placeholder	2012-08-23 04:55:06.798285+00
63	cms	0028_limit_visibility_in_menu_step1of3	2012-08-23 04:55:06.805831+00
64	cms	0029_limit_visibility_in_menu_step2of3_data	2012-08-23 04:55:06.813054+00
65	cms	0030_limit_visibility_in_menu_step3of3	2012-08-23 04:55:06.821085+00
66	cms	0031_improved_language_code_support	2012-08-23 04:55:06.830285+00
67	cms	0032_auto__del_field_cmsplugin_publisher_public__del_field_cmsplugin_publis	2012-08-23 04:55:06.836516+00
68	cms	0033_auto__del_field_title_publisher_is_draft__del_field_title_publisher_st	2012-08-23 04:55:06.844876+00
69	cms	0034_auto__chg_field_title_language__chg_field_cmsplugin_language__add_fiel	2012-08-23 04:55:06.851466+00
70	cms	0035_auto__add_field_globalpagepermission_can_view__add_field_pagepermissio	2012-08-23 04:55:06.858671+00
71	menus	0001_initial	2012-08-23 04:55:06.919116+00
72	text	0006_2_1_4_upgrade	2012-08-23 04:55:06.988728+00
73	link	0008_mailto	2012-08-23 04:55:07.056332+00
74	picture	0008_longdesc_added	2012-08-23 04:55:07.119364+00
75	video	0001_initial	2012-08-23 04:55:07.280285+00
76	video	0002_color_mute_controller	2012-08-23 04:55:07.284892+00
77	video	0003_newplayer_step1	2012-08-23 04:55:07.292859+00
78	video	0004_newplayer_step2	2012-08-23 04:55:07.297581+00
79	video	0005_newplayer_step3	2012-08-23 04:55:07.303393+00
80	video	0006_newplayer_step4	2012-08-23 04:55:07.309839+00
81	video	0007_newplayer_step5	2012-08-23 04:55:07.317396+00
82	twitter	0001_initial	2012-08-23 04:55:07.374704+00
83	twitter	0002_auto__add_twittersearch	2012-08-23 04:55:07.378618+00
84	cmsplugin_zinnia	0001_initial	2012-10-12 15:40:37.911747+00
85	cmsplugin_zinnia	0002_query_entries_plugin	2012-10-12 15:40:37.917022+00
86	cmsplugin_zinnia	0003_calendar_entries_plugin	2012-10-12 15:40:37.921832+00
87	db	0001_initial	2012-10-26 15:33:27.129294+00
88	db	0002_auto__add_field_game_name_en__add_field_game_name_es__add_field_game_s	2012-10-31 21:06:16.934134+00
89	db	0003_auto__add_field_userprofile_completed__chg_field_userprofile_country_c	2012-10-31 21:06:17.400471+00
90	cms	0036_auto__add_field_cmsplugin_changed_date	2012-10-31 21:06:18.133981+00
91	link	0009_add_target	2012-10-31 21:06:18.519018+00
92	db	0004_auto__add_field_game_owner	2012-12-31 00:10:27.865149+00
93	db	0005_auto__add_field_game_uuid	2012-12-31 00:10:28.023038+00
94	db	0006_auto__add_rawdata__chg_field_game_uuid	2012-12-31 00:10:28.401901+00
95	db	0007_auto__del_field_game_uuid__add_field_score_value__del_field_indicator_	2012-12-31 00:10:39.306608+00
96	db	0008_auto__add_field_game_uuid	2012-12-31 00:10:39.413632+00
97	db	0009_auto__del_field_game_long_desc_en__del_field_game_name_en__del_field_g	2012-12-31 00:10:40.032246+00
98	db	0010_auto__add_domainarea__add_cluster__del_field_indicator_cognitive_areas	2012-12-31 00:10:40.579403+00
99	db	0011_auto__add_field_level_summary_es__add_field_rawdata_game_uuid	2012-12-31 00:10:40.646685+00
100	db	0012_auto__add_field_player_preferred_language	2012-12-31 00:10:40.830163+00
101	db	0013_auto__del_field_domainarea_cognitive_area__del_field_cluster_domain_ar	2012-12-31 00:10:41.277189+00
102	db	0014_auto_rawdata_indexes	2012-12-31 00:10:41.430717+00
103	db	0015_auto__chg_field_gameplay_start_play	2012-12-31 00:10:41.763115+00
104	db	0016_auto__add_gamescoring	2012-12-31 00:10:41.927107+00
105	db	0017_auto__del_field_game_uuid__add_field_game_game_uuid__del_field_domaina	2012-12-31 00:10:42.859741+00
106	db	0018_auto__del_field_rawdata_game_play_uuid__del_field_rawdata_game_route_u	2012-12-31 00:10:43.292283+00
107	db	0019_auto__add_field_rawdata_rawdata_uuid	2012-12-31 00:10:43.476045+00
108	db	0020_auto__del_field_route_node_game_route__add_field_route_node_rawdata_uu	2012-12-31 00:10:43.684084+00
109	db	0021_auto__del_field_route_node_scene	2012-12-31 00:10:43.763698+00
110	db	0022_auto__add_field_rawdata_processed	2012-12-31 00:10:44.023237+00
111	db	0023_auto__add_field_scene_game	2012-12-31 00:10:44.415061+00
112	db	0024_auto__add_field_rawdata_creation_time__add_field_rawdata_modification_	2012-12-31 00:10:44.485955+00
113	db	0025_auto__del_field_route_node_rawdata_uuid__add_field_route_node_node_dat	2012-12-31 00:10:44.639318+00
114	db	0026_auto__del_route_node	2012-12-31 00:10:44.748837+00
115	db	0027_auto__del_level__del_scene__add_screenplay__add_field_rawdata_screenpl	2012-12-31 00:10:44.995247+00
116	db	0028_auto__add_field_screenplay_partial_report__del_field_score_results__de	2012-12-31 00:10:45.401838+00
117	db	0029_auto__add_field_userprofile_unregistered	2012-12-31 00:10:45.567666+00
118	db	0030_auto__add_field_userprofile_userprofile_uuid	2012-12-31 00:10:45.683267+00
119	db	0031_auto__add_field_game_levels	2012-12-31 00:10:45.915609+00
120	db	0032_auto__del_field_player_preferred_language__add_field_userprofile_prefe	2012-12-31 00:10:46.155189+00
121	db	0033_auto__add_field_userprofile_image_height_field__add_field_userprofile_	2012-12-31 00:10:46.473443+00
122	db	0034_auto__add_field_userprofile_subscribed	2012-12-31 00:10:46.654427+00
123	db	0035_auto__add_field_player_sex	2012-12-31 00:10:46.718323+00
\.


--
-- Data for Name: tagging_tag; Type: TABLE DATA; Schema: public; Owner: -
--

COPY tagging_tag (id, name) FROM stdin;
1	Pluma Invitada
2	Sara Tarrs
3	nios
4	psicologa infantil
5	tecnologa
6	Psicologa Infantil
7	art. special intelligence
8	cognitive development
9	art
10	spatial intelligence
11	Barcelona
12	Microsoft
13	apps
14	presentacin
15	windows 8
16	arte
17	child development
18	dibujo infantil
19	drawing
20	garabato
21	inteligencia espacial
22	scribbling
23	AED
24	D e development
25	SEN
26	TEA
27	autism
28	autismo
29	desarrollo cognitivo
30	ASD
31	guest writer
32	inclusive classroom
33	inclusin escolar
34	development
35	inclusin escolaropment
\.


--
-- Data for Name: tagging_taggeditem; Type: TABLE DATA; Schema: public; Owner: -
--

COPY tagging_taggeditem (id, tag_id, content_type_id, object_id) FROM stdin;
1	1	32	2
2	2	32	2
6	6	32	2
8	8	32	3
9	9	32	3
10	10	32	3
11	11	32	4
12	12	32	4
13	13	32	4
14	14	32	4
15	15	32	4
16	9	32	5
17	16	32	5
18	17	32	5
19	18	32	5
20	19	32	5
21	20	32	5
22	21	32	5
23	22	32	5
24	10	32	5
27	1	32	6
28	25	32	6
29	26	32	6
30	27	32	6
31	28	32	6
32	17	32	6
33	8	32	6
34	29	32	6
35	30	32	6
36	31	32	6
37	32	32	6
39	34	32	6
40	35	32	6
\.


--
-- Data for Name: tastypie_apiaccess; Type: TABLE DATA; Schema: public; Owner: -
--

COPY tastypie_apiaccess (id, identifier, url, request_method, accessed) FROM stdin;
\.


--
-- Data for Name: tastypie_apikey; Type: TABLE DATA; Schema: public; Owner: -
--

COPY tastypie_apikey (id, user_id, key, created) FROM stdin;
1	3	7f0c9fd725ccee491cc77f7d4fca00c01d852dd9	2012-08-30 18:44:02.063332+00
3	5	7cb364a69d99c54a60600a5bfb895843384216f6	2012-10-17 11:19:52+00
5	7	69660994390fe455e9822c4058bd664dc3fe5910	2012-12-28 12:15:32.970361+00
\.


--
-- Data for Name: zinnia_category; Type: TABLE DATA; Schema: public; Owner: -
--

COPY zinnia_category (id, title, slug, description, parent_id, lft, rght, tree_id, level, title_en, title_es, description_en, description_es) FROM stdin;
2	Educacin Infantil	early-childhood-education		\N	1	2	1	0	Early childhood education	Educacin Infantil		\N
1	Plumas Invitadas	guest-authors		\N	1	2	3	0	Guest Authors	Plumas Invitadas		\N
3	Infantium desde dentro	inside-infatium		\N	1	2	2	0	Inside of Infatium!	Infantium desde dentro	\N	\N
\.


--
-- Data for Name: zinnia_entry; Type: TABLE DATA; Schema: public; Owner: -
--

COPY zinnia_entry (id, title, image, content, excerpt, tags, slug, status, featured, comment_enabled, pingback_enabled, creation_date, last_update, start_publication, end_publication, login_required, password, template, title_en, title_es, content_en, content_es, excerpt_en, excerpt_es) FROM stdin;
1	Infantium: el sueo de cambiar la educacin mediante la tecnologa	uploads/zinnia/oswald-rufi.png	<p>Infantium es una startup fundada por tres amigos (2 en Barcelona y uno en Madrid) que comparten pasi&oacute;n por los ni&ntilde;os, la educaci&oacute;n, la tecnolog&iacute;a, y el emprendimiento. Y que comparten un sue&ntilde;o: educaci&oacute;n personalizada para cada ni&ntilde;o.</p>\r\n<p>Desde el primer momento en que surgi&oacute; la idea, el objetivo era hacer un producto totalmente diferente, que no se pareciera en nada a la mayor&iacute;a de aplicaciones educativas que hab&iacute;amos visto en el mercado: una mezcla entre entretenimiento y contenido m&aacute;s o menos educativo (curricular o no). Pero m&aacute;s que ofrecer un juego, o &ldquo;automatizar&rdquo; (es decir, en vez de sumar en papel, sumar en una app; o en vez de un rompecabezas de cart&oacute;n, uno en tablet), lo que nos interesaba era<strong>&nbsp;la enorme capacidad que tiene la tecnolog&iacute;a para trasformar la educaci&oacute;n, desde sus ra&iacute;ces.</strong>&nbsp;No s&oacute;lo la forma en que aprendemos, sino como la inteligencia artificial puede potenciar al m&aacute;ximo el propio aprendizaje.&nbsp;<strong>Cada persona es un mundo, un ser que aprende de forma distinta y a ritmos diferentes,</strong>&nbsp;por lo que el concepto de educaci&oacute;n tradicional &ndash;la misma para todos &ndash;no tiene ning&uacute;n tipo de sentido y tiene que cambiar. &nbsp;Por desgracia, la mayor&iacute;a de colegios -en todos los niveles -tienen infraestructuras de IT insuficientes, no hay ninguna estrategia de implantaci&oacute;n (es decir, ordenadores para cada ni&ntilde;o por el hecho de tenerlos no representa un avance significativo, salvo que lo que antes se hac&iacute;a a mano ahora se hace digital) y lo peor, la resistencia al cambio por miedo de muchos: en definitiva,&nbsp;<strong>el cl&aacute;sico modelo del libro de texto que determina qu&eacute;, c&oacute;mo y en qu&eacute; orden aprender.&nbsp;</strong></p>\r\n<p>Uno de los avances m&aacute;s fascinantes en los &uacute;ltimos a&ntilde;os es que ciertas&nbsp;<strong>plataformas educativas adaptativas</strong>&nbsp;se ajusten a las necesidades del estudiante, y tras evaluar su rendimiento, cree lecciones customizadas. En USA algunas de las empresas m&aacute;s innovadoras de elearning se basan en este concepto para, por ejemplo, mejorar en matem&aacute;ticas (<a href="http://www.dreambox.com/">Dreambox</a>&nbsp;o&nbsp;<a href="http://www.reasoningmind.org/">Reasoning Minds</a>), o permitir a estudiantes universitarios que progresen de forma adecuada, pero constante, seg&uacute;n su propio ritmo.</p>\r\n<p>Y mientras todos ponen el foco en secundaria y universitarios, los m&aacute;s peque&ntilde;os quedan olvidados.&nbsp;<strong>Los primeros a&ntilde;os de vida (0-6 a&ntilde;os), son una etapa cr&iacute;tica para el desarrollo cognitivo</strong>, cuando se desarrolla el pensamiento simb&oacute;lico, el matem&aacute;tico, el lenguaje, que ser&aacute;n fundamentales no s&oacute;lo para tener una base que ayude al &eacute;xito en el colegio, sino para desenvolverse como seres humanos, y adquirir habilidades necesarias en un mundo complejo. Todo lo que no se gane en esa etapa no se recupera jam&aacute;s.</p>\r\n<p>As&iacute; que de ah&iacute; nace Infantium.&nbsp;<strong>Nuestro sue&ntilde;o? Aprovechar las posibilidades que otorga la tecnolog&iacute;a para explotar al m&aacute;ximo las capacidades individuales, potenciar al m&aacute;ximo el desarrollo cognitivo en los primeros a&ntilde;os</strong>, y crear un m&eacute;todo de aprendizaje que se ajuste a las necesidades, fortalezas y debilidades de cada ni&ntilde;o de forma individual y personalizada. &nbsp;En ning&uacute;n caso la tecnolog&iacute;a es la panacea, y desde luego no substituye la interacci&oacute;n con los padres o profesores. Pero permite extraer informaci&oacute;n precisa mediante un complejo an&aacute;lisis de datos y algoritmos que permiten definir rutas concretas para optimizar los recursos intelectuales de la mejor forma para cada uno. Algo que si no, no ser&iacute;a posible. &iquest;Tiene sentido que dos ni&ntilde;os distintos usen un mismo juego, que se puede resolver de forma unidireccional? &iquest;Para qu&eacute;?</p>\r\n<p>Os iremos contando! De momento tenemos casi preparada la primera beta de la primera app que formar&aacute; parte de la plataforma. As&iacute; que antes de nuestro lanzamiento, que ser&aacute; muy en breve (26 de octubre, fecha oficial de lanzamiento de Windows 8) quer&iacute;amos empezar este blog donde hablaremos no s&oacute;lo de las cosas que ocurren en el mundo de la tecnolog&iacute;a educativa, sino que esperamos que sirva de gu&iacute;a de uso para los padres que lo prueben: cada actividad con su s&iacute;mil para trabajar en casa junto al peque.</p>\r\n<p>Para esto, tenemos el apoyo de grand&iacute;simos partners:&nbsp;<strong>la UAB</strong>&nbsp;(Y su departamento de Psicolog&iacute;a Evolutiva y de la Educaci&oacute;n, cuya investigaci&oacute;n empezar&aacute; muy pronto),&nbsp;<strong>al Ayuntamiento de Lleida</strong>, y en concreto al Instituto Municipal de Educaci&oacute;n (Y muy especialmente a su directora, Alba Bosch, toda una visionaria sobre tech y los m&aacute;s peque&ntilde;os) as&iacute; como todas las guarder&iacute;as que participan en el proyecto (esta ser&aacute; una ventana para todas ellas y las profes de infantil) y la F<strong>undaci&oacute;n &ndash;Instituto de Psicopedagog&iacute;a Antoni Cambrod&iacute;</strong>, y sobre todo a Gemma Ribera, que en breve se iniciar&aacute; aqu&iacute; tambi&eacute;n! Y por supuesto el&nbsp;<strong>apoyo de Microsoft</strong>&nbsp;desde el principio.</p>\r\n<p>Todo esto, por supuesto, no ser&iacute;a posible sin la ayuda de Carles Grau (director de Sector P&uacute;blico). Sin &eacute;l este proyecto se hubiera quedado en el tintero. Fue el quien nos dio todo su apoyo y visi&oacute;n. Y a Microsoft por creer en los emprendedores. Y tambi&eacute;n a Carlos Blanco en especial, que nos ha adoptado en el grupo ITnet desde que salimos en&nbsp; Seedrocket y todo su apoyo es incalculable (y el de todos su fant&aacute;stico equipo). Y no olvidarnos de nuestros inversores: Oscar, Sergio, David, Jes&uacute;s, Alfredo! Mil Gracias :)&nbsp;</p>\r\n<p>Esperamos que disfrut&eacute;is nuestro blog! Empezamos!</p>	...		infantium-cambiar-educacion	2	f	f	f	2012-10-09 06:11:19+00	2012-12-17 05:58:26.891714+00	\N	\N	f		entry_detail.html	Infantium: Dreaming of Changing Education through technology 	Infantium: el sueo de cambiar la educacin mediante la tecnologa	<p>Infantium has been co-founded by 3 friends (2 living in Barcelona and 1 in Madrid) who share passion for children, education, technology, innovation and entrepreneurship. And we all share the same passion: individualized learning</p>\r\n<p>From the very beginning, when the idea came up, our mission was to develop a different product from the already existing ones in the educational app marketplace (mostly, a mix of fun, engaging and educational content &ndash;curricular or not). But more than just building an app to automate and support existing games (that is, not adding or substracting using pen and pencil, but an iPad app), we were <strong>interested in creating a powerful technologic tool to transform learning and education in its roots</strong>; not just the way we learn, but also how your <strong>learning can be dramatically maximized by the use of Artificial Intelligence.</strong></p>\r\n<p><strong>Each individual is unique, and learns at a different pace</strong>, so the traditional education system -requiring all children to do the same at the same time &ndash;needs an urgent transformation. Unfortunately, although many schools are wired, technology is not effectively used: there are computers, iPads, digital blackboards plugged into internet, but there is no leverage of technology to transform learning.<strong> The result: a conventional system where textbook still determining what, when and in which order to learn.</strong></p>\r\n<p>One of the most fascinating advances in recent years is the <strong>use of adaptive learning technology</strong>. These platforms adapt to each student&rsquo;s needs, providing individualized learning.</p>\r\n<p>But while the focus is mainly on K-12 and general university studies, early learners are still forgotten. T<strong>he first 6 years of a child&rsquo;s life are crucial for cognitive</strong> development,<strong> future behavior and intelligence.</strong> If critical periods' in brain development are not utilized, opportunities are lost, never to be regained. Of course, opportunities to grow continue, but it is not the same. As Osborne Abbey &ndash;vice president of education for Nobel Learning Communities &ndash;said, by offering children as young as six months an educational &amp; nurturing environment, parents are allowing their children every chance to develop by design, rather than chance, skills necessary for success.</p>\r\n<p><strong>Infantium is born with that dream: redesigning educational methods to tap the full benefits that technology (and Artificial Intelligence) has to offer exploiting individual skills</strong>; <strong>maximizing cognitive development during the first years;</strong> and designing an individualized learning method adjusting to particular needs, strengths and weaknesses of every child, through different &ldquo;learning paths&rdquo;. Of course, technology alone does not create the perfect learning, and of course it does not substitute parenting: interaction parent-teacher is essential. <strong>But when it comes to games, does it make sense two kids playing the same game that has unidirectional resolution? What for?</strong></p>\r\n<p>For now, we have already finished the beta version of the first app of the platform (with 3 games). So before we see the light &ndash;very soon, <strong>with the official Windows 8 release, on October 26<sup>th</sup></strong> , we wanted to start this blog. Our first product &ndash;the Adventures of Rufi &ndash;is the first beta version of a new adaptive learning platform that aims to challenge, educate but above all, personalize the way every child learns during the critical first years of their lives.</p>\r\n<p>So before launching the adventures of Rufi, we are inspired to start a blog to showcase some of the many exciting things that are happening in the world of technology, children, education and developmental psychology for babies and young children. We also want to be a useful guide for parents. We&rsquo;ll explain how to work at home with the little ones the topics we work on the app to get the best result.</p>\r\n<p>Our partners make it possible: <strong>Autonomous University of Barcelona</strong> (Evolutionary Educational Psychology Department), <strong>the city council of Lleida, and in particular the Local Institute of Education</strong> (specially the director, Alba Bosch) and the nurseries, day care centers and kindergartens they manage and where we have implemented and tested the activities (this blog will be a windows for all the educators participants in the project) and the <strong>Antoni Cambrod&iacute; Foundation- Institute of Evolutionary Psychology</strong>,<strong> and the support of Microsoft from the very beginning</strong>.</p>\r\n<p>We would like to thank Carles Grau, (Director of Public Sector in Microsoft Iberica) for his unconditional support and help from the very beginning. His vision and advice about children and technology where fundamental for our work. And also want to thank Carlos Blanco, because since the moment we won Seedrocket, he has incubated and protected us! And of course all our investors: Sergio, Oscar, David, Jesus, Alfredo.. Many thanks! &nbsp;</p>\r\n<p>We hope you enjoy our blog! Let&rsquo;s go!</p>	<p>Infantium es una startup fundada por tres amigos (2 en Barcelona y uno en Madrid) que comparten pasi&oacute;n por los ni&ntilde;os, la educaci&oacute;n, la tecnolog&iacute;a, y el emprendimiento. Y que comparten un sue&ntilde;o: educaci&oacute;n personalizada para cada ni&ntilde;o.</p>\r\n<p>Desde el primer momento en que surgi&oacute; la idea, el objetivo era hacer un producto totalmente diferente, que no se pareciera en nada a la mayor&iacute;a de aplicaciones educativas que hab&iacute;amos visto en el mercado: una mezcla entre entretenimiento y contenido m&aacute;s o menos educativo (curricular o no). Pero m&aacute;s que ofrecer un juego, o &ldquo;automatizar&rdquo; (es decir, en vez de sumar en papel, sumar en una app; o en vez de un rompecabezas de cart&oacute;n, uno en tablet), lo que nos interesaba era<strong>&nbsp;la enorme capacidad que tiene la tecnolog&iacute;a para trasformar la educaci&oacute;n, desde sus ra&iacute;ces.</strong>&nbsp;No s&oacute;lo la forma en que aprendemos, sino como la inteligencia artificial puede potenciar al m&aacute;ximo el propio aprendizaje.&nbsp;<strong>Cada persona es un mundo, un ser que aprende de forma distinta y a ritmos diferentes,</strong>&nbsp;por lo que el concepto de educaci&oacute;n tradicional &ndash;la misma para todos &ndash;no tiene ning&uacute;n tipo de sentido y tiene que cambiar. &nbsp;Por desgracia, la mayor&iacute;a de colegios -en todos los niveles -tienen infraestructuras de IT insuficientes, no hay ninguna estrategia de implantaci&oacute;n (es decir, ordenadores para cada ni&ntilde;o por el hecho de tenerlos no representa un avance significativo, salvo que lo que antes se hac&iacute;a a mano ahora se hace digital) y lo peor, la resistencia al cambio por miedo de muchos: en definitiva,&nbsp;<strong>el cl&aacute;sico modelo del libro de texto que determina qu&eacute;, c&oacute;mo y en qu&eacute; orden aprender.&nbsp;</strong></p>\r\n<p>Uno de los avances m&aacute;s fascinantes en los &uacute;ltimos a&ntilde;os es que ciertas&nbsp;<strong>plataformas educativas adaptativas</strong>&nbsp;se ajusten a las necesidades del estudiante, y tras evaluar su rendimiento, cree lecciones customizadas. En USA algunas de las empresas m&aacute;s innovadoras de elearning se basan en este concepto para, por ejemplo, mejorar en matem&aacute;ticas (<a href="http://www.dreambox.com/">Dreambox</a>&nbsp;o&nbsp;<a href="http://www.reasoningmind.org/">Reasoning Minds</a>), o permitir a estudiantes universitarios que progresen de forma adecuada, pero constante, seg&uacute;n su propio ritmo.</p>\r\n<p>Y mientras todos ponen el foco en secundaria y universitarios, los m&aacute;s peque&ntilde;os quedan olvidados.&nbsp;<strong>Los primeros a&ntilde;os de vida (0-6 a&ntilde;os), son una etapa cr&iacute;tica para el desarrollo cognitivo</strong>, cuando se desarrolla el pensamiento simb&oacute;lico, el matem&aacute;tico, el lenguaje, que ser&aacute;n fundamentales no s&oacute;lo para tener una base que ayude al &eacute;xito en el colegio, sino para desenvolverse como seres humanos, y adquirir habilidades necesarias en un mundo complejo. Todo lo que no se gane en esa etapa no se recupera jam&aacute;s.</p>\r\n<p>As&iacute; que de ah&iacute; nace Infantium.&nbsp;<strong>Nuestro sue&ntilde;o? Aprovechar las posibilidades que otorga la tecnolog&iacute;a para explotar al m&aacute;ximo las capacidades individuales, potenciar al m&aacute;ximo el desarrollo cognitivo en los primeros a&ntilde;os</strong>, y crear un m&eacute;todo de aprendizaje que se ajuste a las necesidades, fortalezas y debilidades de cada ni&ntilde;o de forma individual y personalizada. &nbsp;En ning&uacute;n caso la tecnolog&iacute;a es la panacea, y desde luego no substituye la interacci&oacute;n con los padres o profesores. Pero permite extraer informaci&oacute;n precisa mediante un complejo an&aacute;lisis de datos y algoritmos que permiten definir rutas concretas para optimizar los recursos intelectuales de la mejor forma para cada uno. Algo que si no, no ser&iacute;a posible. &iquest;Tiene sentido que dos ni&ntilde;os distintos usen un mismo juego, que se puede resolver de forma unidireccional? &iquest;Para qu&eacute;?</p>\r\n<p>Os iremos contando! De momento tenemos casi preparada la primera beta de la primera app que formar&aacute; parte de la plataforma. As&iacute; que antes de nuestro lanzamiento, que ser&aacute; muy en breve (26 de octubre, fecha oficial de lanzamiento de Windows 8) quer&iacute;amos empezar este blog donde hablaremos no s&oacute;lo de las cosas que ocurren en el mundo de la tecnolog&iacute;a educativa, sino que esperamos que sirva de gu&iacute;a de uso para los padres que lo prueben: cada actividad con su s&iacute;mil para trabajar en casa junto al peque.</p>\r\n<p>Para esto, tenemos el apoyo de grand&iacute;simos partners:&nbsp;<strong>la UAB</strong>&nbsp;(Y su departamento de Psicolog&iacute;a Evolutiva y de la Educaci&oacute;n, cuya investigaci&oacute;n empezar&aacute; muy pronto),&nbsp;<strong>al Ayuntamiento de Lleida</strong>, y en concreto al Instituto Municipal de Educaci&oacute;n (Y muy especialmente a su directora, Alba Bosch, toda una visionaria sobre tech y los m&aacute;s peque&ntilde;os) as&iacute; como todas las guarder&iacute;as que participan en el proyecto (esta ser&aacute; una ventana para todas ellas y las profes de infantil) y la F<strong>undaci&oacute;n &ndash;Instituto de Psicopedagog&iacute;a Antoni Cambrod&iacute;</strong>, y sobre todo a Gemma Ribera, que en breve se iniciar&aacute; aqu&iacute; tambi&eacute;n! Y por supuesto el&nbsp;<strong>apoyo de Microsoft</strong>&nbsp;desde el principio.</p>\r\n<p>Todo esto, por supuesto, no ser&iacute;a posible sin la ayuda de Carles Grau (director de Sector P&uacute;blico). Sin &eacute;l este proyecto se hubiera quedado en el tintero. Fue el quien nos dio todo su apoyo y visi&oacute;n. Y a Microsoft por creer en los emprendedores. Y tambi&eacute;n a Carlos Blanco en especial, que nos ha adoptado en el grupo ITnet desde que salimos en&nbsp; Seedrocket y todo su apoyo es incalculable (y el de todos su fant&aacute;stico equipo). Y no olvidarnos de nuestros inversores: Oscar, Sergio, David, Jes&uacute;s, Alfredo! Mil Gracias :)&nbsp;</p>\r\n<p>Esperamos que disfrut&eacute;is nuestro blog! Empezamos!</p>	...	...
5	kids, scribblings and development	uploads/zinnia/dibujos.jpg	<p>Picasso said: &ldquo;It took me four years to&nbsp;<em><strong>paint like Raphael</strong></em>, but a lifetime to&nbsp;<em><strong>paint like</strong></em>&nbsp;a&nbsp;<em><strong>child</strong></em>.&rdquo;&nbsp;</p>\r\n<p>Sometimes adults have the wrong hobby of teaching kids to &ldquo;learn&rdquo; to draw by imposing models, suggesting colors, or shapes. Great mistake. <strong>Even before a child can speak, they can draw pictures</strong>. It is part of their process of understanding what&rsquo;s around them, how they see the world. It is not necessarily an attempt to reflect reality, but rather an attempt to communicate their understanding of it. This is no surprise because playing, trial and error, is a child&rsquo;s primary method of learning. So every time adults try to &ldquo;correct&rdquo; the spontaneity of the drawing, based on their own perception of the reality, or when they talk with stereotypes about what is right and not, <strong>what they do is interfere in the symbolic world of children, and one of their most important means of communication.</strong></p>\r\n<p>Drawings are a fantastic way <strong>to know what the child wants to tell us, as well as many aspects of the personality</strong>, fears, and emotions. So the best approach to child&rsquo;s art is &ldquo;let loose with a crayon&rdquo;.&nbsp;<strong>Scribbling reflects a child&rsquo;s physical and mental process.</strong> When toddlers first make a mark, they experience a great moment without realizing that it is the first step of a long journey of self-discovery</p>\r\n<p>There are plenty of studies on this subject, but perhaps the most comprehensive was that of <strong>Rhoda Kellogg, a psychologist and kindergarten teacher</strong> who, between 1948 and 1966, collected and analyzed more than one million children's drawings from children ages 24-40 months focusing on scribbling and the early &ldquo;ages and stages&rdquo; of child development. Half of these pictures were the Rhoda Kellogg Child Art Collection. His best known book, "Analyzing Children Art", was published in 1970. Before Kellogg, scribbles were considered nonsense.</p>\r\n<p><strong>The first stage is the exploratory scribble, that is, the child&rsquo;s first experience with a crayon is to explore it with his or her eyes, mouth, and hands.</strong>&nbsp; This exploration usually results in practicing what he or she knows how to do, throwing, banging, putting objects away, grabbing, and mouthing. The beginning scribbler is just beginning to get acquainted with the drawing tool and is interested in its properties rather than what it can do.</p>\r\n<p>The random marks on the paper are usually a result of adult encouragement and the innate desire to imitate. Marks are often light colored in nature and are the result of banging the drawing tool on paper, dragging, or sweeping. And Child&rsquo;s attention may be elsewhere as he or she is drawing.</p>\r\n<p><strong>What&nbsp; You&nbsp; Can&nbsp; Do</strong></p>\r\n<p>To encourage a child at this stage, the adult can <strong>show the child how to make marks with the drawing tool on a separate piece of paper</strong>. Place a thick pad of newspaper or a placemat under the drawing to ease a smooth application of the crayon on paper. Provide one drawing utensil at a time to help the child focus his or her attention on the process of scribbling instead of the profusion of colors.</p>\r\n<p><strong>Disordered&nbsp; Scribbling</strong></p>\r\n<p>Rhoda Kellogg recorded 20 basic types of doodles (picture)</p>\r\n<p>The scribbles are lines that go back and forth or up and down and <strong>are created by using the shoulder rather than the hand or arm movement</strong>. That is, at this stage of development, the child has <strong>no intention of representing real world objects</strong>, and creations do not have a symbolic meaning. The stage is called "out of control or random" because the <strong>child has not visual control.&nbsp;</strong></p>\r\n<hr class="clear" />\r\n<p><img src="http://4.bp.blogspot.com/_g54-xrTTt0s/SU1PBEk821I/AAAAAAAAA6Y/FZCfTurvEes/s320/g-b%C3%A1sicos.jpg" alt="basic doodles " width="270" height="320" /></p>\r\n<p><img src="http://1.bp.blogspot.com/_g54-xrTTt0s/SU1OlK6BbYI/AAAAAAAAA6Q/4ZJVZ8b3Fb4/s320/p-disposici%C3%B3n+3.jpg" alt="disordered scribbling" width="241" height="320" /></p>\r\n<p>&nbsp;<img style="vertical-align: text-bottom;" src="http://2.bp.blogspot.com/_g54-xrTTt0s/SU1N1UmdO_I/AAAAAAAAA6A/VIjSFTFHBYQ/s320/patron+de+disposici%C3%B3n+1.jpg" alt="random scribbling" width="236" height="320" /></p>\r\n<hr class="clear" />\r\n<p>Structures are a very important psychological and motor developmental symptom of the child. He discovers these forms spontaneously, such as r<strong>ectangle, the square, the oval, the triangle, the Greek cross and the cross of St. Andrew</strong>. These shapes indicate &nbsp;the action lines of the memory and they are called&nbsp;<strong>diagrams</strong></p>\r\n<hr class="clear" />\r\n<p><img src="http://3.bp.blogspot.com/_g54-xrTTt0s/SU1MfHtjraI/AAAAAAAAA5Q/OrHMh65fgFM/s320/diagramas+3.jpg" alt="diagrams of children" width="201" height="320" /></p>\r\n<p><img src="http://3.bp.blogspot.com/_g54-xrTTt0s/SU1MmNMLRrI/AAAAAAAAA5Y/-Wr05pWdlX4/s320/diagramas+4.jpg" alt="diagrams (children's art)" width="206" height="320" /></p>\r\n<p><img src="http://1.bp.blogspot.com/_g54-xrTTt0s/SU1MVLN5skI/AAAAAAAAA5I/b5_U0_6niwc/s320/diagramas+2.jpg" alt="diagrams children" width="320" height="238" /></p>\r\n<hr class="clear" />\r\n<p>A second pattern of structures <strong>are combinations</strong>, when the child unifies &nbsp;two diagrams.</p>\r\n<hr class="clear" />\r\n<p><img src="http://4.bp.blogspot.com/_g54-xrTTt0s/SU1LoOQ4a0I/AAAAAAAAA44/62-vnKMHFWE/s320/combinmaci%C3%B3n+1.jpg" alt="combinaciones dibujos" width="213" height="320" /></p>\r\n<p><img src="http://4.bp.blogspot.com/_g54-xrTTt0s/SU1LeUF3V5I/AAAAAAAAA4w/_0MZcV_KX9c/s320/comb+3.jpg" alt="combinaciones dibujos 2" width="320" height="166" /></p>\r\n<hr class="clear" />\r\n<p>The third type of structures are the&nbsp;<strong>aggregates</strong>. Here the child begins to define <strong>his own style differing from others,</strong> thanks to the large number of diagrams that has been memorizing and repeating. Aggregates are groups of three diagrams with nearly infinite combinations.</p>\r\n<hr class="clear" />\r\n<p><img src="http://1.bp.blogspot.com/_g54-xrTTt0s/SUz_lzC7auI/AAAAAAAAA4U/LRt7ONYmIEU/s320/garabatos+011.jpg" alt="agregados ni&ntilde;os dibujos" width="320" height="205" /></p>\r\n<p><img src="http://2.bp.blogspot.com/_g54-xrTTt0s/SUz_fpFFABI/AAAAAAAAA4M/_0HG-paZ0Is/s320/garabatos+010.jpg" alt="agregados ni&ntilde;os dibujo infantil" width="320" height="251" /></p>\r\n<p><img src="http://1.bp.blogspot.com/_g54-xrTTt0s/SUz_XyK_JGI/AAAAAAAAA4E/GN8mtQJBwUU/s320/agre+1.jpg" alt="agregados de dibujos infantiles" width="320" height="310" /></p>\r\n<hr class="clear" />\r\n<p><strong>Tip:&nbsp;What&nbsp; You&nbsp; Can&nbsp; Do?</strong></p>\r\n<p>Instead of asking, &ldquo;What is it?&rsquo;&rsquo; or saying, &ldquo;It&rsquo;s great!&rdquo; <strong>try to describe what the child is doing</strong>, &ldquo;I see you were using the side of the crayon to make that wide line&rdquo;. Another way of commenting is to talk about what there is to see on the paper, &ldquo;You covered the whole paper with blue lines!&rdquo; or &ldquo;I see loops (as you make a loop in the air) in your drawing&rdquo;.&nbsp;</p>\r\n<p>&nbsp;Another type of patterns are called <strong>configurations. </strong>For these drawings, the child uses more defined muscle control and shows a greater understanding of symmetry and order in the world around him. The child takes the shapes he has learned and combines them. Configurations include mandalas, suns and radials</p>\r\n<p>&nbsp;<strong>&ldquo;Mandalas&rdquo; </strong>is the Sanskrit word for &ldquo;magic circle&rdquo;.&nbsp; It is one of the most sacred forms in the world.&nbsp; All religions have mandalas. &nbsp;&nbsp;The Greek cross is a type of mandala.&nbsp; Mandalas can be circles or squares with intersecting lines often diving them into quarters or eighths. <strong>Concentric circles are also mandalas.</strong></p>\r\n<hr class="clear" />\r\n<p><img src="http://3.bp.blogspot.com/_g54-xrTTt0s/SUz-4n8KKBI/AAAAAAAAA30/9XWhQOE-f_E/s320/mand+6.jpg" alt="mandala. Children's art" width="316" height="320" /></p>\r\n<p><img src="http://1.bp.blogspot.com/_g54-xrTTt0s/SUz-egO4osI/AAAAAAAAA3M/zUq2bDosInk/s320/mand4.jpg" alt="children's art Mandala" width="199" height="320" /></p>\r\n<p><strong>Suns and radials are formed as well.</strong>&nbsp; Such a circle with radiating lines is a natural scribble for all children.&nbsp; It is derived from earlier images in a child&rsquo;s scribbling.The adult perceives it as a sun but for the child it is first a design that is perfectly balanced with order.&nbsp; In fact, there are similarities between the soles studied by art historians, and those children drawings. Suns usually show up after a child turns three.&nbsp; A radial formation has lines radiating from a specific point.&nbsp; It is the basis for making arms and legs on people.</p>\r\n<hr class="clear" />\r\n<p><img src="http://4.bp.blogspot.com/_g54-xrTTt0s/SUz9MSc4lcI/AAAAAAAAA2k/uTqoOkvi8Ew/s320/soles+006.jpg" alt="suns. Drawings " width="282" height="320" /></p>\r\n<p><img src="http://1.bp.blogspot.com/_g54-xrTTt0s/SUz9vqnMvlI/AAAAAAAAA28/b5V8c9gnibQ/s320/soles+011.jpg" alt="suns. Children's art" width="202" height="320" /></p>\r\n<p><img src="http://2.bp.blogspot.com/_g54-xrTTt0s/SUz8yON_tpI/AAAAAAAAA2M/EmqzYiDcXes/s320/soles+003.jpg" alt="soles. Arte infantil" width="297" height="320" /></p>\r\n<p><img src="http://4.bp.blogspot.com/_g54-xrTTt0s/SUz9CzJuEUI/AAAAAAAAA2c/8Lbkcmw_CH8/s320/soles+005.jpg" alt="soles dibujo infantil " width="261" height="320" /></p>\r\n<p><img src="http://3.bp.blogspot.com/_g54-xrTTt0s/SUz7LQRXOMI/AAAAAAAAA1k/5yiOq_7a0n4/s320/radiales+008.jpg" alt="radiales. Dibujo infantil" width="217" height="320" /></p>\r\n<p><img src="http://4.bp.blogspot.com/_g54-xrTTt0s/SUz6waWslNI/AAAAAAAAA1M/e699eRLe3o4/s320/radiales+003.jpg" alt="radiales en dibujos" width="201" height="320" /></p>\r\n<p><img src="http://4.bp.blogspot.com/_g54-xrTTt0s/SUz7AhPHlcI/AAAAAAAAA1c/kC-ye91N40I/s320/radiales+007.jpg" alt="radiales" width="231" height="320" /></p>\r\n<hr class="clear" />\r\n<p>When the child explores mandalas, suns, and radials in depth, it becomes the basis for making people and early animals.</p>\r\n<p>To point out what you see you might say, &ldquo;I see so many different kinds of circles on your paper&rdquo; or &ldquo;I see all your lines come from here.&rdquo; Remember to encourage without directing the child&rsquo;s drawing, naming or helping.</p>\r\n<p><strong>Naming Stage</strong></p>\r\n<p>There&rsquo;s a significant moment, <strong>when the child starts the connection between graphic and verbal communication and it sometimes shows up after the child turns 4</strong>. Some children will begin to name their scribbles.&nbsp; These children seem to want to connect the form they perceive on paper with what they know - a long line becomes a train or a road - a circle, a sun.</p>\r\n<p>Socially, children at this stage want to establish a link with others through drawing. The child might want to give the drawing as a gift to a loved one.&nbsp;Susan Striker writes in her book, Young at Art, &ldquo;This use of lines and shapes as symbols for other things is the bridge leading to symbol recognition and formation used in reading and writing.&nbsp; It stands to reason that the more experience a child has in dealing with producing art, the easier learning to read and write will be later on.&rdquo;</p>\r\n<p>Viktor Lowenfeld writes in Creative and Mental Growth, &ldquo;This naming of scribbling is of the highest significance, for it is an indication that the child&rsquo;s thinking has changed.&nbsp; Before this stage he was satisfied with the motions themselves<strong>, but now he has connected his motions to the world around him.&nbsp; He has changed from a kinesthetic thinking in terms of motions to an imaginative thinking in terms of pictures.&rdquo;</strong></p>\r\n<p><strong>So what can you do?</strong></p>\r\n<p>It is important <strong>not to label the child&rsquo;s scribbles</strong> at this stage because what is a train one day can become a road another day.&nbsp; This mental connection of naming is a child&rsquo;s early attempts at linking symbols to meaning.&nbsp; Instead, you can help stimulate the child&rsquo;s imaginative thinking by asking some questions about the subject he or she just named, &ldquo;This is Mommy&rdquo; can be responded to with &ldquo;Is yourMommy tall?&rdquo;&nbsp; &ldquo;Does she have long hair?&rdquo;&nbsp; &ldquo;Does she feel soft when you hug her?&rdquo; &ldquo;Does your Mommy make you yummy things to eat?&rdquo;&nbsp; The purpose is not to have the child improve his or her drawing but rather approach a subject using all of his or her senses.</p>\r\n<p><strong>It is also important to let the child decide when the scribbling is finished</strong> even though the adult might want to whisk it away in an attempt to &ldquo;save the masterpiece before it gets ruined&rdquo;. In these instances, the child will not understand why his or her scribbling was interrupted.</p>\r\n<p><strong>Representational&nbsp; Stage/ pre-schematic</strong></p>\r\n<p>A third important stage starts at age 4 and it starts when the child attemps to <strong>represent real things &nbsp;in the world</strong> ( &ldquo;<em>synthetic incapacity</em>&rdquo; or &ldquo;<em>failed realism</em>&ldquo;).The third major phase starts after four years, and was the beginning of figuration, with a pre-schematic stage. The focus tends to be on humans, plants/trees and houses/buildings, but the child draws basic people consisting of a round form, inner shapes that become the eyes and two lines radiating from the circle, which become arms.</p>\r\n<p>He makes general representations.&nbsp; A child doesn&rsquo;t draw his or her dog, but just a &ldquo;dog&rdquo; , and as the stage&nbsp; progresses, details will start appearing in the people.</p>\r\n<p><strong>What You Can&nbsp; Do</strong></p>\r\n<p>Susan Striker in her book, Young at Art states that, &ldquo;When trying to think of helpful comments to make, remember that by simply describing the activity or picture, you are being very helpful because you are providing the child with an awareness of the causes and effects of his or her actions, and you are stimulating language development by adding to the child&rsquo;s vocabulary.&rdquo;&nbsp; In her book she lists seven areas that the teacher or parent can consider when making comments.</p>\r\n<p>They are:</p>\r\n<p>1) How the <strong>child&rsquo;s actions affect the picture</strong></p>\r\n<p>2) How <strong>color is used</strong></p>\r\n<p>3) The <strong>type of line</strong> that is used</p>\r\n<p>4) How the work <strong>differs from previous work</strong></p>\r\n<p>5) The way a tool is being used</p>\r\n<p>6) Pressure of the hand on the tool</p>\r\n<p>7) How the child feels when workingLiteracy&nbsp; Link</p>\r\n<p><strong>Representational drawing is the foundation for storytelling</strong>.&nbsp; Start by listening to the children&rsquo;s stories as they draw and asking them if they would like you to write down their stories. Once children have established the pattern of drawing and storytelling, you can begin to scaffold their writing by leaving a few words out of the dictation and encouraging the child to write them in.&nbsp; From there, the child should be encouraged to do his or her own writing of the story.</p>\r\n<p>&nbsp;</p>\r\n<p>So now... enjoy your child's scribbles! :)&nbsp;</p>\r\n<p>&nbsp;</p>\r\n<p>&nbsp;</p>\r\n<p>&nbsp;</p>	...	dibujo infantil, garabato, arte, inteligencia espacial, spatial intelligence, scribbling, child development, art, drawing	kids-scribblings-and-development	2	f	t	f	2012-12-17 05:59:14+00	2012-12-17 06:57:45.565419+00	\N	\N	f		entry_detail.html	kids, scribblings and development	Los garabatos infantiles y desarrollo	<p>Picasso said: &ldquo;It took me four years to&nbsp;<em><strong>paint like Raphael</strong></em>, but a lifetime to&nbsp;<em><strong>paint like</strong></em>&nbsp;a&nbsp;<em><strong>child</strong></em>.&rdquo;&nbsp;</p>\r\n<p>Sometimes adults have the wrong hobby of teaching kids to &ldquo;learn&rdquo; to draw by imposing models, suggesting colors, or shapes. Great mistake. <strong>Even before a child can speak, they can draw pictures</strong>. It is part of their process of understanding what&rsquo;s around them, how they see the world. It is not necessarily an attempt to reflect reality, but rather an attempt to communicate their understanding of it. This is no surprise because playing, trial and error, is a child&rsquo;s primary method of learning. So every time adults try to &ldquo;correct&rdquo; the spontaneity of the drawing, based on their own perception of the reality, or when they talk with stereotypes about what is right and not, <strong>what they do is interfere in the symbolic world of children, and one of their most important means of communication.</strong></p>\r\n<p>Drawings are a fantastic way <strong>to know what the child wants to tell us, as well as many aspects of the personality</strong>, fears, and emotions. So the best approach to child&rsquo;s art is &ldquo;let loose with a crayon&rdquo;.&nbsp;<strong>Scribbling reflects a child&rsquo;s physical and mental process.</strong> When toddlers first make a mark, they experience a great moment without realizing that it is the first step of a long journey of self-discovery</p>\r\n<p>There are plenty of studies on this subject, but perhaps the most comprehensive was that of <strong>Rhoda Kellogg, a psychologist and kindergarten teacher</strong> who, between 1948 and 1966, collected and analyzed more than one million children's drawings from children ages 24-40 months focusing on scribbling and the early &ldquo;ages and stages&rdquo; of child development. Half of these pictures were the Rhoda Kellogg Child Art Collection. His best known book, "Analyzing Children Art", was published in 1970. Before Kellogg, scribbles were considered nonsense.</p>\r\n<p><strong>The first stage is the exploratory scribble, that is, the child&rsquo;s first experience with a crayon is to explore it with his or her eyes, mouth, and hands.</strong>&nbsp; This exploration usually results in practicing what he or she knows how to do, throwing, banging, putting objects away, grabbing, and mouthing. The beginning scribbler is just beginning to get acquainted with the drawing tool and is interested in its properties rather than what it can do.</p>\r\n<p>The random marks on the paper are usually a result of adult encouragement and the innate desire to imitate. Marks are often light colored in nature and are the result of banging the drawing tool on paper, dragging, or sweeping. And Child&rsquo;s attention may be elsewhere as he or she is drawing.</p>\r\n<p><strong>What&nbsp; You&nbsp; Can&nbsp; Do</strong></p>\r\n<p>To encourage a child at this stage, the adult can <strong>show the child how to make marks with the drawing tool on a separate piece of paper</strong>. Place a thick pad of newspaper or a placemat under the drawing to ease a smooth application of the crayon on paper. Provide one drawing utensil at a time to help the child focus his or her attention on the process of scribbling instead of the profusion of colors.</p>\r\n<p><strong>Disordered&nbsp; Scribbling</strong></p>\r\n<p>Rhoda Kellogg recorded 20 basic types of doodles (picture)</p>\r\n<p>The scribbles are lines that go back and forth or up and down and <strong>are created by using the shoulder rather than the hand or arm movement</strong>. That is, at this stage of development, the child has <strong>no intention of representing real world objects</strong>, and creations do not have a symbolic meaning. The stage is called "out of control or random" because the <strong>child has not visual control.&nbsp;</strong></p>\r\n<hr class="clear" />\r\n<p><img src="http://4.bp.blogspot.com/_g54-xrTTt0s/SU1PBEk821I/AAAAAAAAA6Y/FZCfTurvEes/s320/g-b%C3%A1sicos.jpg" alt="basic doodles " width="270" height="320" /></p>\r\n<p><img src="http://1.bp.blogspot.com/_g54-xrTTt0s/SU1OlK6BbYI/AAAAAAAAA6Q/4ZJVZ8b3Fb4/s320/p-disposici%C3%B3n+3.jpg" alt="disordered scribbling" width="241" height="320" /></p>\r\n<p>&nbsp;<img style="vertical-align: text-bottom;" src="http://2.bp.blogspot.com/_g54-xrTTt0s/SU1N1UmdO_I/AAAAAAAAA6A/VIjSFTFHBYQ/s320/patron+de+disposici%C3%B3n+1.jpg" alt="random scribbling" width="236" height="320" /></p>\r\n<hr class="clear" />\r\n<p>Structures are a very important psychological and motor developmental symptom of the child. He discovers these forms spontaneously, such as r<strong>ectangle, the square, the oval, the triangle, the Greek cross and the cross of St. Andrew</strong>. These shapes indicate &nbsp;the action lines of the memory and they are called&nbsp;<strong>diagrams</strong></p>\r\n<hr class="clear" />\r\n<p><img src="http://3.bp.blogspot.com/_g54-xrTTt0s/SU1MfHtjraI/AAAAAAAAA5Q/OrHMh65fgFM/s320/diagramas+3.jpg" alt="diagrams of children" width="201" height="320" /></p>\r\n<p><img src="http://3.bp.blogspot.com/_g54-xrTTt0s/SU1MmNMLRrI/AAAAAAAAA5Y/-Wr05pWdlX4/s320/diagramas+4.jpg" alt="diagrams (children's art)" width="206" height="320" /></p>\r\n<p><img src="http://1.bp.blogspot.com/_g54-xrTTt0s/SU1MVLN5skI/AAAAAAAAA5I/b5_U0_6niwc/s320/diagramas+2.jpg" alt="diagrams children" width="320" height="238" /></p>\r\n<hr class="clear" />\r\n<p>A second pattern of structures <strong>are combinations</strong>, when the child unifies &nbsp;two diagrams.</p>\r\n<hr class="clear" />\r\n<p><img src="http://4.bp.blogspot.com/_g54-xrTTt0s/SU1LoOQ4a0I/AAAAAAAAA44/62-vnKMHFWE/s320/combinmaci%C3%B3n+1.jpg" alt="combinaciones dibujos" width="213" height="320" /></p>\r\n<p><img src="http://4.bp.blogspot.com/_g54-xrTTt0s/SU1LeUF3V5I/AAAAAAAAA4w/_0MZcV_KX9c/s320/comb+3.jpg" alt="combinaciones dibujos 2" width="320" height="166" /></p>\r\n<hr class="clear" />\r\n<p>The third type of structures are the&nbsp;<strong>aggregates</strong>. Here the child begins to define <strong>his own style differing from others,</strong> thanks to the large number of diagrams that has been memorizing and repeating. Aggregates are groups of three diagrams with nearly infinite combinations.</p>\r\n<hr class="clear" />\r\n<p><img src="http://1.bp.blogspot.com/_g54-xrTTt0s/SUz_lzC7auI/AAAAAAAAA4U/LRt7ONYmIEU/s320/garabatos+011.jpg" alt="agregados ni&ntilde;os dibujos" width="320" height="205" /></p>\r\n<p><img src="http://2.bp.blogspot.com/_g54-xrTTt0s/SUz_fpFFABI/AAAAAAAAA4M/_0HG-paZ0Is/s320/garabatos+010.jpg" alt="agregados ni&ntilde;os dibujo infantil" width="320" height="251" /></p>\r\n<p><img src="http://1.bp.blogspot.com/_g54-xrTTt0s/SUz_XyK_JGI/AAAAAAAAA4E/GN8mtQJBwUU/s320/agre+1.jpg" alt="agregados de dibujos infantiles" width="320" height="310" /></p>\r\n<hr class="clear" />\r\n<p><strong>Tip:&nbsp;What&nbsp; You&nbsp; Can&nbsp; Do?</strong></p>\r\n<p>Instead of asking, &ldquo;What is it?&rsquo;&rsquo; or saying, &ldquo;It&rsquo;s great!&rdquo; <strong>try to describe what the child is doing</strong>, &ldquo;I see you were using the side of the crayon to make that wide line&rdquo;. Another way of commenting is to talk about what there is to see on the paper, &ldquo;You covered the whole paper with blue lines!&rdquo; or &ldquo;I see loops (as you make a loop in the air) in your drawing&rdquo;.&nbsp;</p>\r\n<p>&nbsp;Another type of patterns are called <strong>configurations. </strong>For these drawings, the child uses more defined muscle control and shows a greater understanding of symmetry and order in the world around him. The child takes the shapes he has learned and combines them. Configurations include mandalas, suns and radials</p>\r\n<p>&nbsp;<strong>&ldquo;Mandalas&rdquo; </strong>is the Sanskrit word for &ldquo;magic circle&rdquo;.&nbsp; It is one of the most sacred forms in the world.&nbsp; All religions have mandalas. &nbsp;&nbsp;The Greek cross is a type of mandala.&nbsp; Mandalas can be circles or squares with intersecting lines often diving them into quarters or eighths. <strong>Concentric circles are also mandalas.</strong></p>\r\n<hr class="clear" />\r\n<p><img src="http://3.bp.blogspot.com/_g54-xrTTt0s/SUz-4n8KKBI/AAAAAAAAA30/9XWhQOE-f_E/s320/mand+6.jpg" alt="mandala. Children's art" width="316" height="320" /></p>\r\n<p><img src="http://1.bp.blogspot.com/_g54-xrTTt0s/SUz-egO4osI/AAAAAAAAA3M/zUq2bDosInk/s320/mand4.jpg" alt="children's art Mandala" width="199" height="320" /></p>\r\n<p><strong>Suns and radials are formed as well.</strong>&nbsp; Such a circle with radiating lines is a natural scribble for all children.&nbsp; It is derived from earlier images in a child&rsquo;s scribbling.The adult perceives it as a sun but for the child it is first a design that is perfectly balanced with order.&nbsp; In fact, there are similarities between the soles studied by art historians, and those children drawings. Suns usually show up after a child turns three.&nbsp; A radial formation has lines radiating from a specific point.&nbsp; It is the basis for making arms and legs on people.</p>\r\n<hr class="clear" />\r\n<p><img src="http://4.bp.blogspot.com/_g54-xrTTt0s/SUz9MSc4lcI/AAAAAAAAA2k/uTqoOkvi8Ew/s320/soles+006.jpg" alt="suns. Drawings " width="282" height="320" /></p>\r\n<p><img src="http://1.bp.blogspot.com/_g54-xrTTt0s/SUz9vqnMvlI/AAAAAAAAA28/b5V8c9gnibQ/s320/soles+011.jpg" alt="suns. Children's art" width="202" height="320" /></p>\r\n<p><img src="http://2.bp.blogspot.com/_g54-xrTTt0s/SUz8yON_tpI/AAAAAAAAA2M/EmqzYiDcXes/s320/soles+003.jpg" alt="soles. Arte infantil" width="297" height="320" /></p>\r\n<p><img src="http://4.bp.blogspot.com/_g54-xrTTt0s/SUz9CzJuEUI/AAAAAAAAA2c/8Lbkcmw_CH8/s320/soles+005.jpg" alt="soles dibujo infantil " width="261" height="320" /></p>\r\n<p><img src="http://3.bp.blogspot.com/_g54-xrTTt0s/SUz7LQRXOMI/AAAAAAAAA1k/5yiOq_7a0n4/s320/radiales+008.jpg" alt="radiales. Dibujo infantil" width="217" height="320" /></p>\r\n<p><img src="http://4.bp.blogspot.com/_g54-xrTTt0s/SUz6waWslNI/AAAAAAAAA1M/e699eRLe3o4/s320/radiales+003.jpg" alt="radiales en dibujos" width="201" height="320" /></p>\r\n<p><img src="http://4.bp.blogspot.com/_g54-xrTTt0s/SUz7AhPHlcI/AAAAAAAAA1c/kC-ye91N40I/s320/radiales+007.jpg" alt="radiales" width="231" height="320" /></p>\r\n<hr class="clear" />\r\n<p>When the child explores mandalas, suns, and radials in depth, it becomes the basis for making people and early animals.</p>\r\n<p>To point out what you see you might say, &ldquo;I see so many different kinds of circles on your paper&rdquo; or &ldquo;I see all your lines come from here.&rdquo; Remember to encourage without directing the child&rsquo;s drawing, naming or helping.</p>\r\n<p><strong>Naming Stage</strong></p>\r\n<p>There&rsquo;s a significant moment, <strong>when the child starts the connection between graphic and verbal communication and it sometimes shows up after the child turns 4</strong>. Some children will begin to name their scribbles.&nbsp; These children seem to want to connect the form they perceive on paper with what they know - a long line becomes a train or a road - a circle, a sun.</p>\r\n<p>Socially, children at this stage want to establish a link with others through drawing. The child might want to give the drawing as a gift to a loved one.&nbsp;Susan Striker writes in her book, Young at Art, &ldquo;This use of lines and shapes as symbols for other things is the bridge leading to symbol recognition and formation used in reading and writing.&nbsp; It stands to reason that the more experience a child has in dealing with producing art, the easier learning to read and write will be later on.&rdquo;</p>\r\n<p>Viktor Lowenfeld writes in Creative and Mental Growth, &ldquo;This naming of scribbling is of the highest significance, for it is an indication that the child&rsquo;s thinking has changed.&nbsp; Before this stage he was satisfied with the motions themselves<strong>, but now he has connected his motions to the world around him.&nbsp; He has changed from a kinesthetic thinking in terms of motions to an imaginative thinking in terms of pictures.&rdquo;</strong></p>\r\n<p><strong>So what can you do?</strong></p>\r\n<p>It is important <strong>not to label the child&rsquo;s scribbles</strong> at this stage because what is a train one day can become a road another day.&nbsp; This mental connection of naming is a child&rsquo;s early attempts at linking symbols to meaning.&nbsp; Instead, you can help stimulate the child&rsquo;s imaginative thinking by asking some questions about the subject he or she just named, &ldquo;This is Mommy&rdquo; can be responded to with &ldquo;Is yourMommy tall?&rdquo;&nbsp; &ldquo;Does she have long hair?&rdquo;&nbsp; &ldquo;Does she feel soft when you hug her?&rdquo; &ldquo;Does your Mommy make you yummy things to eat?&rdquo;&nbsp; The purpose is not to have the child improve his or her drawing but rather approach a subject using all of his or her senses.</p>\r\n<p><strong>It is also important to let the child decide when the scribbling is finished</strong> even though the adult might want to whisk it away in an attempt to &ldquo;save the masterpiece before it gets ruined&rdquo;. In these instances, the child will not understand why his or her scribbling was interrupted.</p>\r\n<p><strong>Representational&nbsp; Stage/ pre-schematic</strong></p>\r\n<p>A third important stage starts at age 4 and it starts when the child attemps to <strong>represent real things &nbsp;in the world</strong> ( &ldquo;<em>synthetic incapacity</em>&rdquo; or &ldquo;<em>failed realism</em>&ldquo;).The third major phase starts after four years, and was the beginning of figuration, with a pre-schematic stage. The focus tends to be on humans, plants/trees and houses/buildings, but the child draws basic people consisting of a round form, inner shapes that become the eyes and two lines radiating from the circle, which become arms.</p>\r\n<p>He makes general representations.&nbsp; A child doesn&rsquo;t draw his or her dog, but just a &ldquo;dog&rdquo; , and as the stage&nbsp; progresses, details will start appearing in the people.</p>\r\n<p><strong>What You Can&nbsp; Do</strong></p>\r\n<p>Susan Striker in her book, Young at Art states that, &ldquo;When trying to think of helpful comments to make, remember that by simply describing the activity or picture, you are being very helpful because you are providing the child with an awareness of the causes and effects of his or her actions, and you are stimulating language development by adding to the child&rsquo;s vocabulary.&rdquo;&nbsp; In her book she lists seven areas that the teacher or parent can consider when making comments.</p>\r\n<p>They are:</p>\r\n<p>1) How the <strong>child&rsquo;s actions affect the picture</strong></p>\r\n<p>2) How <strong>color is used</strong></p>\r\n<p>3) The <strong>type of line</strong> that is used</p>\r\n<p>4) How the work <strong>differs from previous work</strong></p>\r\n<p>5) The way a tool is being used</p>\r\n<p>6) Pressure of the hand on the tool</p>\r\n<p>7) How the child feels when workingLiteracy&nbsp; Link</p>\r\n<p><strong>Representational drawing is the foundation for storytelling</strong>.&nbsp; Start by listening to the children&rsquo;s stories as they draw and asking them if they would like you to write down their stories. Once children have established the pattern of drawing and storytelling, you can begin to scaffold their writing by leaving a few words out of the dictation and encouraging the child to write them in.&nbsp; From there, the child should be encouraged to do his or her own writing of the story.</p>\r\n<p>&nbsp;</p>\r\n<p>So now... enjoy your child's scribbles! :)&nbsp;</p>\r\n<p>&nbsp;</p>\r\n<p>&nbsp;</p>\r\n<p>&nbsp;</p>	<p>Una de las frases m&aacute;s c&eacute;lebres del maestro Picasso fue: <strong>"Desde ni&ntilde;o pintaba como Rafael, pero me llev&oacute; toda una vida aprender a dibujar como un ni&ntilde;o". </strong></p>\r\n<p>A veces los adultos tienen la err&oacute;nea man&iacute;a de &ldquo;querer ense&ntilde;ar&rdquo; a dibujar a los ni&ntilde;os, imponiendo modelos, corrigiendo trazos, colores, formas, cuando lo m&aacute;s adecuado ser&iacute;a motivarles a realizar sus propias creaciones, animar el juego pl&aacute;stico creativo, y entender que hay detr&aacute;s del resultado final. <strong>Los dibujos no dejan de ser un reflejo interior de c&oacute;mo cada ni&ntilde;o percibe el mundo que le rodea,</strong> por lo que cuando los adultos &ndash;profesores o padres &ndash;intentar &ldquo;corregir&rdquo; la naturalidad del dibujo, bas&aacute;ndose en la propia captaci&oacute;n visual de la realidad, o de estereotipos sobre qu&eacute; es correcto y que no, lo que hacen es interferir en el mundo simb&oacute;lico&nbsp; y en su forma de comunicarse.&nbsp;</p>\r\n<p>De ah&iacute; esta entrada. Con ella queremos que os acerqu&eacute;is al dibujo de los m&aacute;s peque&ntilde;os para intentar acercaros a&uacute;n m&aacute;s a los m&aacute;s peques.&nbsp;<strong>El dibujo puede ser una fant&aacute;stica forma de saber qu&eacute; nos quiere decir el ni&ntilde;o</strong>, as&iacute; como de numerosos aspectos de su personalidad, miedos, sus emociones, todo aquello que est&aacute; en su subconsciente y que emerge del trazo y del color.&nbsp;&nbsp; De hecho el dibujo tiene una <strong>estrecha conexi&oacute;n con el desarrollo del lenguaje y de la escritura</strong>, y pasa por diversas etapas que vale la pena conocer para entender en parte, como se est&aacute; desarrollando el ni&ntilde;o, y en parte, para comunicarse mejor con &eacute;l. &nbsp;Por lo tanto, no hay dibujo bien o mal hecho. Como dijo tambi&eacute;n el maestro <strong>Joan Mir&oacute;:</strong>&nbsp; &ldquo;pienso que al final de mi vida, habr&eacute; reencontrado todos los valores de mi ni&ntilde;ez&rdquo;.</p>\r\n<p>Hay infinidad de trabajos sobre este tema, aunque quiz&aacute; el m&aacute;s exhaustivo de todos fuera el de <strong>Rhoda Kellogg</strong>, una psic&oacute;loga y maestra de educaci&oacute;n infantil norteamericana que durante 20 a&ntilde;os estudi&oacute; m&aacute;s de un mill&oacute;n de dibujos infantiles de ni&ntilde;os entre 2 y 8 a&ntilde;os. La mitad de estos dibujos formaron la <em>Rhoda Kellogg Child Art Collection</em>. Su libro m&aacute;s conocido, <strong>"Analyzing Children Art",</strong> se public&oacute; en 1970 y en el a&ntilde;o 1979 en Espa&ntilde;a como E<em>l an&aacute;lisis de la expresi&oacute;n pl&aacute;stica del preescolar</em> (Cincel, agotado).&nbsp;Quiz&aacute; una de las apreciaciones m&aacute;s bonitas de Rhoda Kellog fue esta: q<strong>ue hay una serie de estructuras en las primeras etapas de dibujo del ni&ntilde;o comunes a todas las culturas y lugares,</strong> de lo que se derive que existe algo innato en las primeras creaciones gr&aacute;ficas de las personas, inherentes a todo ser humano durante su desarrollo, desde el momento del nacimiento. &nbsp;</p>\r\n<p><strong>La primera etapa es la del garabato sin control</strong></p>\r\n<p>Rhoda Kellog registr&oacute; <strong>20 tipos de garabatos b&aacute;sicos que hacen los ni&ntilde;os</strong> cuando empiezan a dibujar. Es una etapa en la que los trazos responden b&aacute;sicamente a las caracter&iacute;sticas y las descargas del brazo. Esas descargas motrices (la mismas que cuando manipulan cualquier otro objeto) son una salida a sus necesidades expresivas. Es decir, en esta fase del desarrollo, (empieza aproximadamente al 1.5 a&ntilde;os), <strong>el ni&ntilde;o no tiene intenci&oacute;n de representar objetos del mundo real</strong>, sino que es una consecuencia del movimiento del brazo que sale del hombro y no requiere un control visual. De hecho, el nombre de &ldquo;sin control&rdquo; es porque se caracteriza porque el <strong>ni&ntilde;o mira hacia otro lado cuando garabatea.&nbsp;</strong></p>\r\n<p><img src="http://4.bp.blogspot.com/_g54-xrTTt0s/SU1PBEk821I/AAAAAAAAA6Y/FZCfTurvEes/s320/g-b%C3%A1sicos.jpg" alt="garabatos b&aacute;sicos " width="270" height="320" /></p>\r\n<p>Sin embargo, aunque en este momento no hay control visual, existen pruebas de que el ni&ntilde;o tiene consciencia del per&iacute;metro del papel, por eso dibuja en el papel en blanco. Es cuando empiezan los trazos circulares (y el movimiento y su direcci&oacute;n determinar&aacute; la escritura posterior) y los bucles, l&iacute;neas curvas que surgen de forma espont&aacute;nea, y de hecho a partir de aqu&iacute; se puede estimular al ni&ntilde;o con ejercicios gr&aacute;fico-motores para que afiancen y refuercen el &ldquo;descubrimiento&rdquo; de este tipo de l&iacute;nea.</p>\r\n<hr class="clear" />\r\n<p><img style="float: left;" src="http://1.bp.blogspot.com/_g54-xrTTt0s/SU1OlK6BbYI/AAAAAAAAA6Q/4ZJVZ8b3Fb4/s320/p-disposici%C3%B3n+3.jpg" alt="garabatos sin control" width="241" height="320" /></p>\r\n<p><img style="vertical-align: bottom;" src="http://2.bp.blogspot.com/_g54-xrTTt0s/SU1N1UmdO_I/AAAAAAAAA6A/VIjSFTFHBYQ/s320/patron+de+disposici%C3%B3n+1.jpg" alt="garabatos desordenados ni&ntilde;os " width="236" height="320" /></p>\r\n<hr class="clear" />\r\n<p><strong>Y que puedes hacer tu?&nbsp;</strong>Para animar a un ni&ntilde;o en esta etapa, pod&eacute;is mostrar como hac&eacute;is marcas en el papel con l&aacute;pices y animarle a garabatear. Pod&eacute;is colocar un peri&oacute;dico o un mantel debajo del papel para favorecer que el l&aacute;piz se deslice con facilidad.</p>\r\n<p><strong>Garabato controlado</strong></p>\r\n<p>Despu&eacute;s de unos meses, <strong>entre los 2.5 y 3.5 a&ntilde;os</strong>, el ni&ntilde;o descubre la relaci&oacute;n entre sus movimientos y los garabatos. Es un cambio de actitud que puede verse en la atenci&oacute;n que el ni&ntilde;o presta a sus movimientos, y de hecho, para llegar a esa etapa tiene que ser capaz de &ldquo;frenar&rdquo; de manera voluntaria sus trazos. Se llama controlado porque empieza la coordinaci&oacute;n ojo-mano. Adem&aacute;s, puede frenar gracias a un nuevo &ldquo;descubrimiento&rdquo; manual: es capaz de flexionar el dedo pulgar!!!. Cuando esto ocurre empiezan a darse diferentes <strong>estructuras en los dibujos.</strong> Las estructuras son un momento muy importante en el desarrollo psicol&oacute;gico y motriz y hay varios tipos. Una de estas estructuras son los &ldquo;<strong>diagramas&rdquo;</strong>- formas geom&eacute;tricas como <strong>el rect&aacute;ngulo, cuadrado, el &oacute;valo, el tri&aacute;ngulo, la cruz griega y la cruz de san Andr&eacute;s y una &uacute;ltima que es irregular.</strong> Y cuando empiezan a aparecer, indican el <strong>desarrollo controlado de las l&iacute;neas y la acci&oacute;n de la memoria</strong></p>\r\n<hr class="clear" />\r\n<p><img src="http://1.bp.blogspot.com/_g54-xrTTt0s/SU1MVLN5skI/AAAAAAAAA5I/b5_U0_6niwc/s320/diagramas+2.jpg" alt="diagramas de dibujos infantiles" width="320" height="238" /></p>\r\n<p><img src="http://3.bp.blogspot.com/_g54-xrTTt0s/SU1MmNMLRrI/AAAAAAAAA5Y/-Wr05pWdlX4/s320/diagramas+4.jpg" alt="diagramas" width="206" height="320" /></p>\r\n<p><img src="http://3.bp.blogspot.com/_g54-xrTTt0s/SU1MfHtjraI/AAAAAAAAA5Q/OrHMh65fgFM/s320/diagramas+3.jpg" alt="diagramas" width="201" height="320" /></p>\r\n<hr class="clear" />\r\n<p><strong>Otro tipo de estructura que puede diferenciarse son las combinaciones es decir </strong>la uni&oacute;n de dos diagramas.&nbsp;</p>\r\n<hr class="clear" />\r\n<p><img src="http://4.bp.blogspot.com/_g54-xrTTt0s/SU1LoOQ4a0I/AAAAAAAAA44/62-vnKMHFWE/s320/combinmaci%C3%B3n+1.jpg" alt="combinaciones dibujos" width="213" height="320" /></p>\r\n<p><img src="http://4.bp.blogspot.com/_g54-xrTTt0s/SU1LeUF3V5I/AAAAAAAAA4w/_0MZcV_KX9c/s320/comb+3.jpg" alt="combinaciones dibujos 2" width="320" height="166" /></p>\r\n<hr class="clear" />\r\n<p><strong>Otro tercer tipo de estructuras son los agregados</strong>. Aqu&iacute; el ni&ntilde;o empieza a definir su propio estilo diferenci&aacute;ndose de los dem&aacute;s, gracias al gran n&uacute;mero de diagramas que ha ido memorizando. Los agregados son grupos de tres diagramas con casi infinitas combinaciones.&nbsp;</p>\r\n<hr class="clear" />\r\n<p><img src="http://1.bp.blogspot.com/_g54-xrTTt0s/SUz_lzC7auI/AAAAAAAAA4U/LRt7ONYmIEU/s320/garabatos+011.jpg" alt="agregados ni&ntilde;os dibujos" width="320" height="205" /></p>\r\n<p><img src="http://2.bp.blogspot.com/_g54-xrTTt0s/SUz_fpFFABI/AAAAAAAAA4M/_0HG-paZ0Is/s320/garabatos+010.jpg" alt="agregados ni&ntilde;os dibujo infantil" width="320" height="251" /></p>\r\n<p><img src="http://1.bp.blogspot.com/_g54-xrTTt0s/SUz_XyK_JGI/AAAAAAAAA4E/GN8mtQJBwUU/s320/agre+1.jpg" alt="agregados de dibujos infantiles" width="320" height="310" /></p>\r\n<hr class="clear" />\r\n<p>Otro tipo de agrupaci&oacute;n de trazos son las&nbsp;<strong>configuraciones:&nbsp;</strong>donde encontramos mandalas, soles y radiales.</p>\r\n<p>Un primer tipo de configuraci&oacute;n son los llamados&nbsp; <strong>mandalas: </strong>un tipo de combinaci&oacute;n en que un &oacute;valo o un cuadrado se divide en cuadrantes por una cruz griega o latina. En s&aacute;nscrito significa "c&iacute;rculo m&aacute;gico" y existe en todas las culturas.&nbsp;</p>\r\n<hr class="clear" />\r\n<p><img src="http://3.bp.blogspot.com/_g54-xrTTt0s/SUz-4n8KKBI/AAAAAAAAA30/9XWhQOE-f_E/s320/mand+6.jpg" alt="mandalas. Dibujos" width="316" height="320" /></p>\r\n<p><img src="http://1.bp.blogspot.com/_g54-xrTTt0s/SUz-egO4osI/AAAAAAAAA3M/zUq2bDosInk/s320/mand4.jpg" alt="Mandala. Arte infantil" width="199" height="320" /></p>\r\n<p><strong>Un segundo tipo de configuraci&oacute;n son Los soles. </strong>Aunque los soles son una estructura simple, es raro verlo hasta los tres a&ntilde;os. Adem&aacute;s, y aunque los padres o profes puedan ver estas formas como soles, en realidad el ni&ntilde;o todav&iacute;a no tiene consciencia de que lo que dibuja se parece a un sol. De hecho, existen semejanzas entre los soles estudiados por historiadores del arte de culturas prehist&oacute;ricas, y los que dibujan los ni&ntilde;os.</p>\r\n<hr class="clear" />\r\n<p><img src="http://4.bp.blogspot.com/_g54-xrTTt0s/SUz9MSc4lcI/AAAAAAAAA2k/uTqoOkvi8Ew/s320/soles+006.jpg" alt="soles ni&ntilde;os dibujo" width="282" height="320" /></p>\r\n<p><img src="http://1.bp.blogspot.com/_g54-xrTTt0s/SUz9vqnMvlI/AAAAAAAAA28/b5V8c9gnibQ/s320/soles+011.jpg" alt="soles dibujo" width="202" height="320" /></p>\r\n<p><img src="http://2.bp.blogspot.com/_g54-xrTTt0s/SUz8yON_tpI/AAAAAAAAA2M/EmqzYiDcXes/s320/soles+003.jpg" alt="soles. Arte infantil" width="297" height="320" /></p>\r\n<p><img src="http://4.bp.blogspot.com/_g54-xrTTt0s/SUz9CzJuEUI/AAAAAAAAA2c/8Lbkcmw_CH8/s320/soles+005.jpg" alt="soles dibujo infantil " width="261" height="320" /></p>\r\n<hr class="clear" />\r\n<p><strong>El tercer tipo de configuraci&oacute;n son Los radiales. </strong>Estas son conjunto de l&iacute;neas que nacen de un punto de donde van brotando l&iacute;neas en sentido radial. Son la base de las piernas y los brazos &nbsp;en los dibujos m&aacute;s figurativos.</p>\r\n<hr class="clear" />\r\n<p><img src="http://3.bp.blogspot.com/_g54-xrTTt0s/SUz7LQRXOMI/AAAAAAAAA1k/5yiOq_7a0n4/s320/radiales+008.jpg" alt="radiales. Dibujo infantil" width="217" height="320" /></p>\r\n<p><img src="http://4.bp.blogspot.com/_g54-xrTTt0s/SUz6waWslNI/AAAAAAAAA1M/e699eRLe3o4/s320/radiales+003.jpg" alt="radiales en dibujos" width="201" height="320" /></p>\r\n<p><img src="http://4.bp.blogspot.com/_g54-xrTTt0s/SUz7AhPHlcI/AAAAAAAAA1c/kC-ye91N40I/s320/radiales+007.jpg" alt="radiales" width="231" height="320" /></p>\r\n<hr class="clear" />\r\n<p><strong>Que puedes hacer tu?</strong></p>\r\n<p>En &nbsp;vez de preguntarle "&iquest;Qu&eacute; es?'' O decirle" &iexcl;Que bonito! "Tratar de describir lo que el ni&ntilde;o est&aacute; haciendo, "veo que estas usando el lado del l&aacute;piz para hacer una l&iacute;nea ancha! Intenta tambi&eacute;n comentar lo que hay dibujado: "has llenado el papel de l&iacute;neas azules!" o "Veo que has hecho bucles. Veo que hay diferentes tipos de c&iacute;rculos, y animarle a que describa en t&eacute;rminos matem&aacute;ticos (grandes, peque&ntilde;os, etc.)</p>\r\n<p>&nbsp;</p>\r\n<p><strong>La segunda gran etapa en el dibujo es el de</strong> <strong>los garabatos con nombres</strong>, que se produce a partir de los 3.5/4 a&ntilde;os.</p>\r\n<p>Se trata de un momento muy significativo, ya que es cuando empieza la uni&oacute;n entre la expresi&oacute;n gr&aacute;fica y la verbal. Es decir, el ni&ntilde;o empieza a pensar de forma visual, las im&aacute;genes empiezan a formar parte de la memoria, y por lo tanto empiezan a asociar sus dibujos a nombres concretos como una casa, un barco, un sol, el colegio. <strong>Y lo m&aacute;s importante, es que hay que respetar al m&aacute;ximo ese momento en el que el ni&ntilde;o empieza a dar nombre a sus creaciones, ya que existe una intenci&oacute;n y no es un simple placer motor. De ah&iacute; nace la destreza, una mayor combinaci&oacute;n de trazos, etc.</strong></p>\r\n<p>Para que os hag&aacute;is una idea, Susan Striker escribe en su libro, &ldquo;Young states of art&rdquo;: "Este uso de l&iacute;neas y formas, s&iacute;mbolos de otras cosas, es el puente que conduce al reconocimiento y formaci&oacute;n de s&iacute;mbolos utilizada en la lectura y la escritura. Es l&oacute;gico pensar que cuanto m&aacute;s experimente un ni&ntilde;o con su propio arte, m&aacute;s f&aacute;cil ser&aacute; leer y escribir en el futuro"</p>\r\n<p>Viktor Lowenfeld dec&iacute;a que esta es una de las etapas de mayor importancia, ya que la forma de pensar del ni&ntilde;o ha cambiado. Antes se mostraba satisfecho con los movimientos, pero ahora conecta estos movimientos con el mundo que le rodea. Ha pasado de un pensamiento kinest&eacute;sico en t&eacute;rminos de movimientos a un imaginativo en t&eacute;rminos de im&aacute;genes. "</p>\r\n<p><strong>Que puedes hacer? </strong></p>\r\n<p><strong>Es importante no etiquetar los garabatos, porque lo que un d&iacute;a puede ser una casa, el d&iacute;a siguiente puede ser un barco.</strong> &nbsp;Esta conexi&oacute;n mental de nombrar forma parte de los primeros infantiles de vincular s&iacute;mbolos con significado. Lo que pod&eacute;is hacer es estimular la imaginaci&oacute;n del ni&ntilde;o, haci&eacute;ndole preguntas sobre lo que haya nombrado. Por ejemplo, si dice: "Esta es mam&aacute;" puedes responder "&iquest;Mam&aacute; es alta? "" &iquest;tiene el pelo largo? "" &nbsp;"&iquest;mama te quiere mucho?</p>\r\n<p>Se trata de abordar un tema. Tambi&eacute;n <strong>es importante dejar que el ni&ntilde;o decida cuando los garabatos han terminado</strong>, porque aunque los adultos pueden querer &ldquo;salvar&rdquo; el dibujo antes de que el ni&ntilde;o siga pint&aacute;ndolo, o para hacer una foto, o lo que sea, &eacute;l no entender&aacute; porque se ha interrumpido el dibujo.&nbsp;</p>\r\n<p><strong>La tercera gran etapa se inicia a partir de los cuatro a&ntilde;os,&nbsp; y ser&iacute;a el inicio de la figuraci&oacute;n, con una etapa pre-esquematica</strong>. Es cuando se produce un cambio radical. Desaparecen los garabatos sin valor representativo, y empiezan a ser verdaderos dibujos que imitan de forma primaria elementos de la realidad. Los tres elementos de esta etapa son la figura humana, el color (que elige seg&uacute;n su gusto, casualidad o psicolog&iacute;a) y el espacio (el ni&ntilde;o lo organiza seg&uacute;n su propia percepci&oacute;n, con temas muy dibujados como el sol, la casa, los animales, las plantas y&nbsp; medios de transporte)</p>\r\n<p><strong>Que puedes hacer aqu&iacute;?</strong></p>\r\n<p>Susan Striker en su libro, &ldquo;Young art states&rdquo; dice que, cuando se trata de pensar en que comentarios pueden ser beneficiosos para el ni&ntilde;o hay que recordar que el simple hecho de describir la actividad o la imagen, es muy beneficioso, porque le proporciona al ni&ntilde;o un conocimiento de las causas y los efectos de sus acciones, adem&aacute;s de estimular el desarrollo del lenguaje a&ntilde;adiendo palabras al vocabulario del ni&ntilde;o. Las siete &aacute;reas donde los padres o los maestros pod&eacute;is centrar vuestros comentarios son:</p>\r\n<p>&nbsp;&iquest;C&oacute;mo est&aacute;n afectando al dibujo sus acciones?</p>\r\n<p>2 &iquest;C&oacute;mo se usa el color?</p>\r\n<p>3 El tipo de l&iacute;nea que se usa (gruesa, delgada, etc.)</p>\r\n<p>4 &iquest;en que se diferencia a otros dibujos anteriores?</p>\r\n<p>5) Como usa los l&aacute;pices, o herramientas de pintar?</p>\r\n<p>6) La presi&oacute;n de la mano</p>\r\n<p>7) &iquest;C&oacute;mo se siente el ni&ntilde;o</p>\r\n<p>El dibujo de representaci&oacute;n es la base para contar historias. Comenzad por escuchar las historias de los ni&ntilde;os, y preguntarles si les gustar&iacute;a crear sus propias historias.&nbsp;</p>\r\n<p><img src="http://4.bp.blogspot.com/_g54-xrTTt0s/SVUxjapLc8I/AAAAAAAAA7w/MRivtPefGeE/s320/el+espacio+002.jpg" alt="dibujos etapa pre-esquem&aacute;tica, figurativa" width="320" height="239" /></p>	...	...
6	usando iPads con alumnos con Necesidades Educativas Especiales	uploads/zinnia/fotoperfilRosaAparicio.jpg	<p>Hola, soy Rosa Aparicio, profesora de primaria y creadora del blog <a href="http://ipadsautismo.blogspot.com.es/">&ldquo;iPads y Autismo&rdquo;</a>. Conoc&iacute; la plataforma Infantium y su proyecto me sorprendi&oacute;, me pareci&oacute; muy interesante y necesario, ya que propon&iacute;an un <strong>aprendizaje adaptativo</strong>, es decir, individualizar el aprendizaje en funci&oacute;n de las caracter&iacute;sticas concretas de cada ni&ntilde;o y eso era precisamente lo que buscaba, <strong>recursos que se adaptaran a mis alumnos en vez de adaptarlos a ellos a los recursos</strong>. Es por eso que agradezco al equipo de Infantium la oportunidad que me ha brindado para poder contar mi experiencia educativa en su p&aacute;gina.</p>\r\n<p>Desde hace un tiempo estoy muy implicada en la <strong>inclusi&oacute;n de alumnos con necesidades educativas espec&iacute;ficas (NEE) en las aulas ordinarias</strong>. Soy de la opini&oacute;n de que cada alumno tiene <strong>una &uacute;nica oportunidad educativa</strong> <strong>y nuestra responsabilidad es ofrecerle la mejor posible</strong>, es decir, aquella que m&aacute;s le ayude a desarrollar sus capacidades, sus habilidades y su personalidad. En el caso de alumnos con dificultades de aprendizaje o con discapacidades el reto es a&uacute;n mayor.</p>\r\n<p>En los &uacute;ltimos a&ntilde;os hemos ido <strong>integrando las TIC en el d&iacute;a a d&iacute;a de los alumnos, utilizando diferentes recursos</strong> para introducir, reforzar o evaluar los aprendizajes y los resultados han sido muy positivos. Estas tecnolog&iacute;as nos han permitido respetar tanto el ritmo como las capacidades de nuestros alumnos, <strong>pero tambi&eacute;n hemos observado que hay algunos alumnos que a&uacute;n necesitan recursos m&aacute;s espec&iacute;ficos para dar respuesta a sus necesidades educativas.</strong> &Eacute;ste es el caso de los alumnos con NEE, quienes encuentran en algunas herramientas TIC grandes dificultades tanto de comprensi&oacute;n de las tareas a realizar como del funcionamiento del propio recurso.</p>\r\n<p>Hace poco m&aacute;s de un a&ntilde;o <strong>descubr&iacute; las posibilidades educativas de los dispositivos m&oacute;viles y m&aacute;s en concreto las de las tablets</strong>. Enseguida vi que pod&iacute;an ser la respuesta para estos alumnos, que se&nbsp; nos ofrec&iacute;a la oportunidad para poder trabajar con otro enfoque, a un nivel m&aacute;s espec&iacute;fico, incidiendo en habilidades concretas de cada alumno y ofreci&eacute;ndoles un recurso que les <strong>permitiera avanzar y mejorar.</strong></p>\r\n<p>Las tablets tienen caracter&iacute;sticas que las hacen ideales para nuestro prop&oacute;sito:</p>\r\n<ul class="cms-ul well well-large">\r\n<li><span class="badge badge-info">1</span> Son percibidas como un <strong>entorno de trabajo intuitivo, motivador y f&aacute;cil de utilizar.</strong></li>\r\n<li><span class="badge badge-info">2</span> <strong>No se necesitan conocimientos previos</strong> ni por parte del formador ni del alumno.</li>\r\n<li><span class="badge badge-info">3</span> Existen <strong>aplicaciones dise&ntilde;adas para trabajar habilidades espec&iacute;ficas</strong> como la comunicaci&oacute;n no verbal, la anticipaci&oacute;n, la secuenciaci&oacute;n o las habilidades sociales, entre otras.</li>\r\n<li><span class="badge badge-info">4</span> Permiten la <strong>continuidad y el refuerzo de las terapias</strong> en la escuela y en casa.</li>\r\n<li><span class="badge badge-info">5</span><strong> Son portables,</strong> por lo que el usuario puede llevarlos consigo a cualquier lugar.</li>\r\n<li><span class="badge badge-info">6</span> Son una herramienta que favorece la <strong>inclusi&oacute;n escolar</strong> y, por tanto, <strong>social</strong> de los ni&ntilde;os.</li>\r\n</ul>\r\n<p>&nbsp;</p>\r\n<p>Este curso hemos empezado en <strong>nuestra escuela &ldquo;apprendiendo con Tula!&rdquo;.</strong> El proyecto ha sido dise&ntilde;ado para <strong>trabajar con aplicaciones de iPad (apps) y alumnos con NEE en el aula ordinaria.</strong> Actualmente trabajamos <strong>cuatro profesoras con 27 alumnos</strong> que presentan diferentes dificultades de aprendizaje, entre ellos ni&ntilde;os con Trastorno del Espectro Autista (TEA), S&iacute;ndrome de Down y Dislexia. Hemos seleccionado apps concretas para trabajar aspectos espec&iacute;ficos y hemos adaptado otras m&aacute;s generales para desarrollar contenidos concretos. <strong>Es pronto para sacar conclusiones,</strong> de momento la pr&aacute;ctica nos demuestra que los alumnos se muestran m&aacute;s motivados que con otros recursos TIC y que<strong> el nivel de atenci&oacute;n y concentraci&oacute;n en las tareas ha aumentado.</strong></p>\r\n<p>&nbsp;</p>\r\n<p><img src="http://4.bp.blogspot.com/-ljAAfeSuX_E/UKtzpYDp1tI/AAAAAAAAB0c/ap4QeO5llks/s1138/testing2bis2.jpg" alt="banner ipads autismo" width="1138" height="400" /></p>\r\n<p>Estoy convencida de que, procur&aacute;ndoles herramientas que les faciliten el acceso a los contenidos, la comunicaci&oacute;n con su entorno y el desarrollo de sus habilidades sociales, <strong>les estamos ofreciendo estrategias y recursos para conseguir una mayor inclusi&oacute;n social, un nivel superior de autonom&iacute;a y una mejor calidad de vida</strong>. Es por eso que desde aqu&iacute; os animamos a probar estos dispositivos y conocer de primera mano todas las posibilidades que nos ofrecen.</p>\r\n<p>&nbsp;</p>\r\n<p>Rosa Aparicio</p>\r\n<p><a href="http://ipadsautismo.blogspot.com.es/">ipadsautismo.blogspot.com.es</a></p>\r\n<p><a href="https://twitter.com/iPadsyAutismo">@iPadsyAutismo</a></p>\r\n<p>&nbsp;</p>\r\n<h5>Rosa Aparicio es profesora de primaria y coordinadora TIC de la escuela El Carmel en Barcelona. Se ha especializado en la integraci&oacute;n de alumnos con necesidades educativas especiales en el aula ordinaria y m&aacute;s concretamente de alumnos con TEA (Trastornos del Espectro Autista), realizando adaptaciones curriculares y del entorno escolar, coordinando a los profesionales que trabajan con ellos, formando al claustro de la escuela y trabajando con las familias de estos alumnos.</h5>	...	TEA, autismo, autism, ASD, child development, Pluma Invitada, cognitive development, development, desarrollo cognitivo, SEN, guest writer, inclusive classroom, inclusin escolaropment	using-ipads-sen-students	2	t	t	t	2012-12-30 16:46:03+00	2012-12-30 17:31:20.519037+00	\N	\N	f		entry_detail.html	Using iPads with SEN students	usando iPads con alumnos con Necesidades Educativas Especiales	<p>Hi, I&rsquo;m Rosa Aparicio, primary&nbsp;school&nbsp;teacher and founder of the blog <a href="http://ipadsautismo.blogspot.com.es/">&ldquo;iPad and autism"</a>. When I got to know Infantium&rsquo;s platform, I was surprised by the project, as I found it very necessary and interesting. They propose adaptive learning, that is, the individualization of learning according to particular needs of each child, and it was just what I was looking for: <strong>resources that are able to adjust to my pupils, and not the other way around.</strong> So I want to thank the infantium team for the opportunity that have given me to explain my educative experience in their site.</p>\r\n<p>It&rsquo;s been some time since I&rsquo;ve been involved in the <strong>full inclusion of students with special educational needs (SEN) into the ordinary classroom.</strong> I firmly believe that <strong>each student has a unique educational opportunity and our responsibility is to provide them with the best one,</strong> that is, that one that will help them to better develop their capacities, abilities and personality. When it comes to students with learning needs, the challenge is even greater.</p>\r\n<p>For years now, we have been <strong>integrating ICT into daily classroom activities, using a range of resources</strong> with the purpose of introducing, supporting or evaluating learning, and the results have been very positive. However, although these technologies have allowed us to respect student&rsquo;s own pace and capacities, we&rsquo;ve also realized that <strong>some students need even more specific tools to meet their individual learning needs</strong>. This is the case of <strong>pupils with SEN</strong>, who may have a hard time using some ICT tools, both in understanding what they must do, and how the resource itself works.</p>\r\n<p>It's been more than a year since I discovered the educational potential of mobile devices, tablets in particular. I immediately realized that they could be the solution for these pupils, <strong>unlocking the opportunity of working with a new focus&nbsp; -to a more specific level &ndash;fostering the individual abilities of each pupil</strong>, and offering them a resource that supports to help every pupil progress and improvement.</p>\r\n<p>&nbsp;</p>\r\n<p>Tablets have some <strong>characteristics</strong> that make them ideal for this purpose:</p>\r\n<ul class="cms-ul well well-large">\r\n<li><span class="badge badge-info">1</span> They are perceived as an <strong>intuitive, motivating and user-friendly working environment</strong></li>\r\n<li><span class="badge badge-info">2</span> <strong>Not previous experience required</strong>, neither teachers themselves nor students</li>\r\n<li><span class="badge badge-info">3</span> There are <strong>plenty of apps out there</strong> designed to work on specific aptitudes such as non-verbal communication, anticipation, sequencing, or social abilities, amongst others.</li>\r\n<li><span class="badge badge-info">4</span> Tablet-based learning allows <strong>continuity and reinforcement of therapies</strong> at home/school</li>\r\n<li><span class="badge badge-info">5</span> It&rsquo;s a mobile learning device and people<strong> can carry it with them with anytime, anywhere access</strong>.</li>\r\n<li><span class="badge badge-info">6</span> It&rsquo;s a tool that helps I<strong>nclusion in mainstream schools</strong>, and therefore, social inclusion of kids</li>\r\n</ul>\r\n<p>&nbsp;</p>\r\n<p>This year, our school has started the <strong>&ldquo;learning with Tula!&rdquo; project.</strong>&nbsp; Its aim is to provide a&nbsp;<em><strong>framework</strong></em>&nbsp;<strong>on the&nbsp;<em>iPad</em> for use with SEN pupils</strong> in the ordinary classroom. We are<strong> 4 teachers working with 27 students with different learning difficulties</strong>, such as <strong>Autism Spectrum Disorders (ASD), Down syndrome and Dyslexia</strong>. We have picked up selected apps to work on specific aspects, and we have adapted more generic apps to develop concrete contents. <strong>It&rsquo;s still too soon to jump to conclusions</strong>, but the evidence has showed us that the pupils are more motivated than using other ICT resources, and also t<strong>heir concentration and attention level has increased.</strong></p>\r\n<p><img src="http://4.bp.blogspot.com/-ljAAfeSuX_E/UKtzpYDp1tI/AAAAAAAAB0c/ap4QeO5llks/s1138/testing2bis2.jpg" alt="" width="1138" height="400" /></p>\r\n<p>I&rsquo;m convinced that, providing them with tools that can help them to access contents, communication with their environment and development of their social abilities, we are <strong>bringing them strategies and resources to have a better and effective social inclusion, a higher level of autonomy and a better quality of life.</strong> That&rsquo;s why we encourage you to use these devices and find out firsthand all the possibilities they offer.</p>\r\n<p>&nbsp;</p>\r\n<p><strong>Rosa Aparicio</strong></p>\r\n<p><a href="http://ipadsautismo.blogspot.com.es/">ipadsautismo.blogspot.com.es</a></p>\r\n<p><a href="https://twitter.com/iPadsyAutismo">@iPadsyAutismo</a></p>\r\n<p>&nbsp;</p>\r\n<h5>Rosa Aparicio is a primary school teacher, and ICT coordinator at El Carmel elementary school in Barcelona. He's a specialist of inclusion of SEN pupils in the ordinary classrrom, specially pupils with ASD (Autistic Spectrum Disorder), by adjusting curriculum and school environment, coordinating the professionals working with the students, training the faculty members, and working with familiees of these students.&nbsp;</h5>	<p>Hola, soy Rosa Aparicio, profesora de primaria y creadora del blog <a href="http://ipadsautismo.blogspot.com.es/">&ldquo;iPads y Autismo&rdquo;</a>. Conoc&iacute; la plataforma Infantium y su proyecto me sorprendi&oacute;, me pareci&oacute; muy interesante y necesario, ya que propon&iacute;an un <strong>aprendizaje adaptativo</strong>, es decir, individualizar el aprendizaje en funci&oacute;n de las caracter&iacute;sticas concretas de cada ni&ntilde;o y eso era precisamente lo que buscaba, <strong>recursos que se adaptaran a mis alumnos en vez de adaptarlos a ellos a los recursos</strong>. Es por eso que agradezco al equipo de Infantium la oportunidad que me ha brindado para poder contar mi experiencia educativa en su p&aacute;gina.</p>\r\n<p>Desde hace un tiempo estoy muy implicada en la <strong>inclusi&oacute;n de alumnos con necesidades educativas espec&iacute;ficas (NEE) en las aulas ordinarias</strong>. Soy de la opini&oacute;n de que cada alumno tiene <strong>una &uacute;nica oportunidad educativa</strong> <strong>y nuestra responsabilidad es ofrecerle la mejor posible</strong>, es decir, aquella que m&aacute;s le ayude a desarrollar sus capacidades, sus habilidades y su personalidad. En el caso de alumnos con dificultades de aprendizaje o con discapacidades el reto es a&uacute;n mayor.</p>\r\n<p>En los &uacute;ltimos a&ntilde;os hemos ido <strong>integrando las TIC en el d&iacute;a a d&iacute;a de los alumnos, utilizando diferentes recursos</strong> para introducir, reforzar o evaluar los aprendizajes y los resultados han sido muy positivos. Estas tecnolog&iacute;as nos han permitido respetar tanto el ritmo como las capacidades de nuestros alumnos, <strong>pero tambi&eacute;n hemos observado que hay algunos alumnos que a&uacute;n necesitan recursos m&aacute;s espec&iacute;ficos para dar respuesta a sus necesidades educativas.</strong> &Eacute;ste es el caso de los alumnos con NEE, quienes encuentran en algunas herramientas TIC grandes dificultades tanto de comprensi&oacute;n de las tareas a realizar como del funcionamiento del propio recurso.</p>\r\n<p>Hace poco m&aacute;s de un a&ntilde;o <strong>descubr&iacute; las posibilidades educativas de los dispositivos m&oacute;viles y m&aacute;s en concreto las de las tablets</strong>. Enseguida vi que pod&iacute;an ser la respuesta para estos alumnos, que se&nbsp; nos ofrec&iacute;a la oportunidad para poder trabajar con otro enfoque, a un nivel m&aacute;s espec&iacute;fico, incidiendo en habilidades concretas de cada alumno y ofreci&eacute;ndoles un recurso que les <strong>permitiera avanzar y mejorar.</strong></p>\r\n<p>Las tablets tienen caracter&iacute;sticas que las hacen ideales para nuestro prop&oacute;sito:</p>\r\n<ul class="cms-ul well well-large">\r\n<li><span class="badge badge-info">1</span> Son percibidas como un <strong>entorno de trabajo intuitivo, motivador y f&aacute;cil de utilizar.</strong></li>\r\n<li><span class="badge badge-info">2</span> <strong>No se necesitan conocimientos previos</strong> ni por parte del formador ni del alumno.</li>\r\n<li><span class="badge badge-info">3</span> Existen <strong>aplicaciones dise&ntilde;adas para trabajar habilidades espec&iacute;ficas</strong> como la comunicaci&oacute;n no verbal, la anticipaci&oacute;n, la secuenciaci&oacute;n o las habilidades sociales, entre otras.</li>\r\n<li><span class="badge badge-info">4</span> Permiten la <strong>continuidad y el refuerzo de las terapias</strong> en la escuela y en casa.</li>\r\n<li><span class="badge badge-info">5</span><strong> Son portables,</strong> por lo que el usuario puede llevarlos consigo a cualquier lugar.</li>\r\n<li><span class="badge badge-info">6</span> Son una herramienta que favorece la <strong>inclusi&oacute;n escolar</strong> y, por tanto, <strong>social</strong> de los ni&ntilde;os.</li>\r\n</ul>\r\n<p>&nbsp;</p>\r\n<p>Este curso hemos empezado en <strong>nuestra escuela &ldquo;apprendiendo con Tula!&rdquo;.</strong> El proyecto ha sido dise&ntilde;ado para <strong>trabajar con aplicaciones de iPad (apps) y alumnos con NEE en el aula ordinaria.</strong> Actualmente trabajamos <strong>cuatro profesoras con 27 alumnos</strong> que presentan diferentes dificultades de aprendizaje, entre ellos ni&ntilde;os con Trastorno del Espectro Autista (TEA), S&iacute;ndrome de Down y Dislexia. Hemos seleccionado apps concretas para trabajar aspectos espec&iacute;ficos y hemos adaptado otras m&aacute;s generales para desarrollar contenidos concretos. <strong>Es pronto para sacar conclusiones,</strong> de momento la pr&aacute;ctica nos demuestra que los alumnos se muestran m&aacute;s motivados que con otros recursos TIC y que<strong> el nivel de atenci&oacute;n y concentraci&oacute;n en las tareas ha aumentado.</strong></p>\r\n<p>&nbsp;</p>\r\n<p><img src="http://4.bp.blogspot.com/-ljAAfeSuX_E/UKtzpYDp1tI/AAAAAAAAB0c/ap4QeO5llks/s1138/testing2bis2.jpg" alt="banner ipads autismo" width="1138" height="400" /></p>\r\n<p>Estoy convencida de que, procur&aacute;ndoles herramientas que les faciliten el acceso a los contenidos, la comunicaci&oacute;n con su entorno y el desarrollo de sus habilidades sociales, <strong>les estamos ofreciendo estrategias y recursos para conseguir una mayor inclusi&oacute;n social, un nivel superior de autonom&iacute;a y una mejor calidad de vida</strong>. Es por eso que desde aqu&iacute; os animamos a probar estos dispositivos y conocer de primera mano todas las posibilidades que nos ofrecen.</p>\r\n<p>&nbsp;</p>\r\n<p>Rosa Aparicio</p>\r\n<p><a href="http://ipadsautismo.blogspot.com.es/">ipadsautismo.blogspot.com.es</a></p>\r\n<p><a href="https://twitter.com/iPadsyAutismo">@iPadsyAutismo</a></p>\r\n<p>&nbsp;</p>\r\n<h5>Rosa Aparicio es profesora de primaria y coordinadora TIC de la escuela El Carmel en Barcelona. Se ha especializado en la integraci&oacute;n de alumnos con necesidades educativas especiales en el aula ordinaria y m&aacute;s concretamente de alumnos con TEA (Trastornos del Espectro Autista), realizando adaptaciones curriculares y del entorno escolar, coordinando a los profesionales que trabajan con ellos, formando al claustro de la escuela y trabajando con las familias de estos alumnos.</h5>	Hi, Im Rosa Aparicio, primary school teacher and founder of the blog iPad and autism". When I got to know Infantiums platform, I was surprised by the project, as I found it very necessary and interesting. They propose adaptive learning, that is, the individualization of learning according to particular needs of each child, and it was just what I was looking for: resources that are able to adjust to my pupils, and not the other way around. So I want to thank the infantium team for the opportunity that have given me to explain my educative experience in their site.	...
3	20 razones por las cuales el arte es bueno para los nios	uploads/zinnia/Van-Gogh-Miro-Warhol.jpg	<p>A medida que se acerca el lanzamiento de nuestra app-beta <strong>&ldquo;Rufi y las pinturas m&aacute;gicas&rdquo;</strong> nos gustar&iacute;a compartir aqu&iacute; el manifiesto de &ldquo;20 razones por las cuales el arte es bueno para los ni&ntilde;os&rdquo;, del museo de arte para ni&ntilde;os <a href="http://mocha.org/">MOCHA</a> (Oakland, California, USA)</p>\r\n<p>En esta Aventura, adem&aacute;s de trabajar la<strong> inteligencia especial&nbsp; y la representaci&oacute;n mental</strong> (de la que hablaremos m&aacute;s adelante) los m&aacute;s peque&ntilde;os podr&aacute;n tener uno de sus primeros acercamientos al arte de tres uno de los artistas que mejor conecta con el ideario infantil (Mir&oacute;), o cuyo abuso de las formas o uso del color agrada especialmente a los m&aacute;s peque&ntilde;os ( Warhol y Van Gogh)</p>\r\n<p>El <strong>arte es esencial en la etapa de educaci&oacute;n infantil</strong>. Como el propio MOCHA indica, muchas investigaciones revelan que el arte es el <strong>primer lenguaje de los ni&ntilde;os, y un estadio preliminar para el desarrollo del lenguaje, la lectura y la escritura.</strong> El aprendizaje de las artes, adem&aacute;s, se ha demostrado tener un gran impacto en el desarrollo f&iacute;sico, emocional y social de los ni&ntilde;os de 0-5 a&ntilde;os. De ah&iacute; la importancia de estimular su pr&aacute;ctica desde fases tan tempranas como los 18 meses.</p>\r\n<p><a href="http://www.biografiasyvidas.com/biografia/f/frobel.htm">Friedrich Froebel</a>, el padre del kindergarten (jard&iacute;n de infancia), cre&iacute;a que los ni&ntilde;os deb&iacute;an involucrarse tanto en la realizaci&oacute;n de su propio arte, como en disfrutar del arte de los dem&aacute;s. Para Froebel, las actividades art&iacute;sticas eran muy importantes no porque permitieran a los profesores detector habilidades inusuales, sino porque permit&iacute;an el desarrollo completo del ni&ntilde;o&rdquo; (Froebel, 1828). Un siglo m&aacute;s tarde, sus creencias siguen siendo hilo conductor del uso del arte en la infancia. &nbsp;</p>\r\n<p>Aparte de ense&ntilde;arles sobre colores, formas, texturas, sonidos y los conceptos de causa y efecto, el arte favorece la representaci&oacute;n de sus experiencias, la descarga de emociones y el desarrollo de las habilidades motoras finas y de coordinaci&oacute;n viso-motriz.&nbsp;</p>\r\n<p><strong>&iexcl;As&iacute; que seguid al tanto! Profesores de arte y expertos en desarrollo os ense&ntilde;ar&aacute;n (tanto a padres como educadores) como involucrar a los m&aacute;s peques en actividades art&iacute;sticas, a la vez que desarrollan tanto habilidades motoras como cognitivas. Y os podr&aacute;n servir de refuerzo a todo el trabajo previo en "Rufi y las pinturas m&aacute;gicas".</strong><strong></strong></p>\r\n<p>&nbsp;&iexcl;Aqu&iacute; os dejamos las 20 razones! (traducci&oacute;n de Norbertha Torres):</p>\r\n<ul class="cms-ul well well-large">\r\n<li><span class="badge badge-info">1</span> El arte <strong>estimula ambos lados</strong> del cerebro.</li>\r\n<li><span class="badge badge-info">2</span> El 33% de los ni&ntilde;os <strong>son aprendices visuales.</strong></li>\r\n<li><span class="badge badge-info">3</span> Hay estudios que demuestran que los ni&ntilde;os que hacen arte <strong>leen mejor y sacan mejores notas </strong>en matem&aacute;ticas y ciencias.</li>\r\n<li><span class="badge badge-info">4</span> Los ni&ntilde;os aprenden <strong>usando sus sentidos</strong> y el arte es ideal en este proceso.</li>\r\n<li><span class="badge badge-info">5</span> Los ni&ntilde;os necesitan un <strong>lugar en la escuela para expresarse.</strong></li>\r\n<li><span class="badge badge-info">6</span> El arte promueve la <strong>autoestima.</strong></li>\r\n<li><span class="badge badge-info">7</span> El arte estimula a los ni&ntilde;os a prestar <strong>m&aacute;s atenci&oacute;n al espacio f&iacute;sico </strong>que los rodea.</li>\r\n<li><span class="badge badge-info">8</span> El arte desarrolla la <strong>coordinaci&oacute;n entre los ojos y las manos</strong>.</li>\r\n<li><span class="badge badge-info">9</span> El arte estimula <strong>el desarrollo perceptivo</strong>.</li>\r\n<li><span class="badge badge-info">10</span> El arte <strong>ense&ntilde;a a pensar dejando finales abiertos</strong>. Representa una cultura de preguntas m&aacute;s que una cultura de respuestas.</li>\r\n<li><span class="badge badge-info">11</span> El arte ense&ntilde;a que puede haber <strong>m&aacute;s de una soluci&oacute;n para un problema.</strong></li>\r\n<li><span class="badge badge-info">12</span> El arte ense&ntilde;a a los ni&ntilde;os a <strong>pensar creativamente para resolver problemas</strong>.</li>\r\n<li><span class="badge badge-info">13</span> Los ni&ntilde;os pueden compartir y reflexionar acerca de sus trabajos de arte y <strong>aprender algo de s&iacute; mismos y el mundo</strong> en el que viven.</li>\r\n<li><span class="badge badge-info">14</span> Cuando el arte est&aacute; integrado a otras materias del programa escolar los ni&ntilde;os se <strong>comprometen m&aacute;s</strong> en el proceso de aprendizaje.</li>\r\n<li><span class="badge badge-info">15</span> En el proceso de hacer arte el ni&ntilde;o est&aacute; <strong>expuesto a diferentes posibilidades</strong>, al descubrimiento, y a la libertad, de esta manera se evita caer en el control y predictibilidad de la educaci&oacute;n convencional encontrada en los Estados Unidos de hoy en d&iacute;a.</li>\r\n<li><span class="badge badge-info">16</span> El <strong>arte nutre el alma humana</strong>. Se siente bien haci&eacute;ndolo.</li>\r\n<li><span class="badge badge-info">17</span> El arte trae <strong>los recursos culturales</strong> de la comunidad dentro de la clase.</li>\r\n<li><span class="badge badge-info">18</span> El <strong>arte involucra a padres y tutores</strong> en la escuela invit&aacute;ndolos a participar como voluntarios en diversas actividades.</li>\r\n<li><span class="badge badge-info">19</span> El arte <strong>proporciona un medio</strong>, un piso en com&uacute;n, para atravesar estereotipos raciales, barreras y prejuicios.</li>\r\n<li><span class="badge badge-info">20</span> El arte <strong>es valioso por s&iacute; mismo.</strong></li>\r\n</ul>	...	art, spatial intelligence, cognitive development, 	20-reasons-art-good-kids-childrens-museum-art	2	f	t	f	2012-11-03 19:49:43+00	2012-12-14 16:28:09.459333+00	\N	\N	f		entry_detail.html	20 Reasons art is good for kids, Childrens Museum of art	20 razones por las cuales el arte es bueno para los nios	<p>As the release of <strong>&ldquo;Rufi and the magic paintings&rdquo;</strong> is closer, we wanted to share &ldquo;20 reasons art is good for kids&rdquo; from <a href="http://mocha.org/">MOCHA</a>, the Chidren&rsquo;s Museum of art (Oakland, CA).</p>\r\n<p>In this adventure, while working spatial intelligence and mental representation patterns, the younger learners can have an approach to the art of the three of the painters that better connect with the imaginary of kids: Andy Warhol, Vincent van Gogh and Joan Mir&oacute;.</p>\r\n<p>Art in childhood education is essential. As MOCHA says: &nbsp;Research has shown that art serves as a child&rsquo;s first language, laying the groundwork for speaking, reading and writing. Arts learning has also been shown to impact children&rsquo;s physical, social and emotional development to children ages 0-5.</p>\r\n<p><a href="http://www.friedrichfroebel.com/">Friedrich Froebel</a>, the father of kindergarten, believed that young children should be involved <strong>in both making their own art and enjoying the art of others.</strong> To Froebel, art activities were important, not because they allowed teachers to <strong>recognize children with unusual abilities</strong>, but because they encouraged each child's "full and all-sided development" (Froebel, 1826). More than a century later, he&rsquo;s totally right.</p>\r\n<p><strong>So, stay tuned. Art teachers and development experts will show you here how to foster the development of</strong> children's aesthetic sense and how to engage children in creative experiences while promoting motor and cognitive development!<strong></strong></p>\r\n<p>Now enjoy the 20 reasons!</p>\r\n<ul class="cms-ul well well-large">\r\n<li><span class="badge badge-info">1</span> Art stimulates <strong>both sides of the brain</strong></li>\r\n<li><span class="badge badge-info">2</span> 33% of children are <strong>visual learners</strong></li>\r\n<li><span class="badge badge-info">3</span>Studies show that children who do art <strong>read better and do better in math &amp; science</strong></li>\r\n<li><span class="badge badge-info">4</span> Children need to <strong>learn through their senses</strong> and art is an excellent way of doing this</li>\r\n<li><span class="badge badge-info">5</span> Children must have a place in school <strong>to express themselves</strong></li>\r\n<li><span class="badge badge-info">6</span> Art <strong>enhances self-esteem</strong></li>\r\n<li><span class="badge badge-info">7</span> Art enhances awareness of the <strong>physical environment</strong></li>\r\n<li><span class="badge badge-info">8</span> Art develops <strong>hand-eye coordination</strong></li>\r\n<li><span class="badge badge-info">9</span> Art enhances <strong>perceptual development</strong></li>\r\n<li><span class="badge badge-info">10</span> Art teachers open-ended thinking.&nbsp; It presents a <strong>culture of questions</strong> rather than a culture of answers</li>\r\n<li><span class="badge badge-info">11</span> Art teaches children that there can be <strong>more than one solution to the same problem</strong></li>\r\n<li><span class="badge badge-info">12</span> Art teaches children how to engage in <strong>creative problem solving</strong></li>\r\n<li><span class="badge badge-info">13</span> Children can share and reflect on their art to <strong>learn about themselves, each other, and the world</strong> in which they live</li>\r\n<li><span class="badge badge-info">14</span> When art is integrated with other curriculum areas children become <strong>more engaged in the learning process</strong></li>\r\n<li><span class="badge badge-info">15</span> In the process of art making a child is presented with <strong>possibility, discovery, and freedom </strong>thereby disrupting the control and predictability of conventional education found in the US today</li>\r\n<li><span class="badge badge-info">16</span> Art <strong>nurtures the human soul</strong> (It feels good doing it, too!)</li>\r\n<li><span class="badge badge-info">17</span> Art brings the community&rsquo;s <strong>cultural resources</strong> into the classroom</li>\r\n<li><span class="badge badge-info">18</span> Art <strong>involves parents and guardians</strong> in school governance and volunteer activities</li>\r\n<li><span class="badge badge-info">19</span> Art provides <strong>a means, a common ground</strong>, to reach across racial stereotypes, barriers, and prejudices</li>\r\n<li><span class="badge badge-info">20</span> Art is valuable for <strong>its own sake!</strong></li>\r\n</ul>	<p>A medida que se acerca el lanzamiento de nuestra app-beta <strong>&ldquo;Rufi y las pinturas m&aacute;gicas&rdquo;</strong> nos gustar&iacute;a compartir aqu&iacute; el manifiesto de &ldquo;20 razones por las cuales el arte es bueno para los ni&ntilde;os&rdquo;, del museo de arte para ni&ntilde;os <a href="http://mocha.org/">MOCHA</a> (Oakland, California, USA)</p>\r\n<p>En esta Aventura, adem&aacute;s de trabajar la<strong> inteligencia especial&nbsp; y la representaci&oacute;n mental</strong> (de la que hablaremos m&aacute;s adelante) los m&aacute;s peque&ntilde;os podr&aacute;n tener uno de sus primeros acercamientos al arte de tres uno de los artistas que mejor conecta con el ideario infantil (Mir&oacute;), o cuyo abuso de las formas o uso del color agrada especialmente a los m&aacute;s peque&ntilde;os ( Warhol y Van Gogh)</p>\r\n<p>El <strong>arte es esencial en la etapa de educaci&oacute;n infantil</strong>. Como el propio MOCHA indica, muchas investigaciones revelan que el arte es el <strong>primer lenguaje de los ni&ntilde;os, y un estadio preliminar para el desarrollo del lenguaje, la lectura y la escritura.</strong> El aprendizaje de las artes, adem&aacute;s, se ha demostrado tener un gran impacto en el desarrollo f&iacute;sico, emocional y social de los ni&ntilde;os de 0-5 a&ntilde;os. De ah&iacute; la importancia de estimular su pr&aacute;ctica desde fases tan tempranas como los 18 meses.</p>\r\n<p><a href="http://www.biografiasyvidas.com/biografia/f/frobel.htm">Friedrich Froebel</a>, el padre del kindergarten (jard&iacute;n de infancia), cre&iacute;a que los ni&ntilde;os deb&iacute;an involucrarse tanto en la realizaci&oacute;n de su propio arte, como en disfrutar del arte de los dem&aacute;s. Para Froebel, las actividades art&iacute;sticas eran muy importantes no porque permitieran a los profesores detector habilidades inusuales, sino porque permit&iacute;an el desarrollo completo del ni&ntilde;o&rdquo; (Froebel, 1828). Un siglo m&aacute;s tarde, sus creencias siguen siendo hilo conductor del uso del arte en la infancia. &nbsp;</p>\r\n<p>Aparte de ense&ntilde;arles sobre colores, formas, texturas, sonidos y los conceptos de causa y efecto, el arte favorece la representaci&oacute;n de sus experiencias, la descarga de emociones y el desarrollo de las habilidades motoras finas y de coordinaci&oacute;n viso-motriz.&nbsp;</p>\r\n<p><strong>&iexcl;As&iacute; que seguid al tanto! Profesores de arte y expertos en desarrollo os ense&ntilde;ar&aacute;n (tanto a padres como educadores) como involucrar a los m&aacute;s peques en actividades art&iacute;sticas, a la vez que desarrollan tanto habilidades motoras como cognitivas. Y os podr&aacute;n servir de refuerzo a todo el trabajo previo en "Rufi y las pinturas m&aacute;gicas".</strong><strong></strong></p>\r\n<p>&nbsp;&iexcl;Aqu&iacute; os dejamos las 20 razones! (traducci&oacute;n de Norbertha Torres):</p>\r\n<ul class="cms-ul well well-large">\r\n<li><span class="badge badge-info">1</span> El arte <strong>estimula ambos lados</strong> del cerebro.</li>\r\n<li><span class="badge badge-info">2</span> El 33% de los ni&ntilde;os <strong>son aprendices visuales.</strong></li>\r\n<li><span class="badge badge-info">3</span> Hay estudios que demuestran que los ni&ntilde;os que hacen arte <strong>leen mejor y sacan mejores notas </strong>en matem&aacute;ticas y ciencias.</li>\r\n<li><span class="badge badge-info">4</span> Los ni&ntilde;os aprenden <strong>usando sus sentidos</strong> y el arte es ideal en este proceso.</li>\r\n<li><span class="badge badge-info">5</span> Los ni&ntilde;os necesitan un <strong>lugar en la escuela para expresarse.</strong></li>\r\n<li><span class="badge badge-info">6</span> El arte promueve la <strong>autoestima.</strong></li>\r\n<li><span class="badge badge-info">7</span> El arte estimula a los ni&ntilde;os a prestar <strong>m&aacute;s atenci&oacute;n al espacio f&iacute;sico </strong>que los rodea.</li>\r\n<li><span class="badge badge-info">8</span> El arte desarrolla la <strong>coordinaci&oacute;n entre los ojos y las manos</strong>.</li>\r\n<li><span class="badge badge-info">9</span> El arte estimula <strong>el desarrollo perceptivo</strong>.</li>\r\n<li><span class="badge badge-info">10</span> El arte <strong>ense&ntilde;a a pensar dejando finales abiertos</strong>. Representa una cultura de preguntas m&aacute;s que una cultura de respuestas.</li>\r\n<li><span class="badge badge-info">11</span> El arte ense&ntilde;a que puede haber <strong>m&aacute;s de una soluci&oacute;n para un problema.</strong></li>\r\n<li><span class="badge badge-info">12</span> El arte ense&ntilde;a a los ni&ntilde;os a <strong>pensar creativamente para resolver problemas</strong>.</li>\r\n<li><span class="badge badge-info">13</span> Los ni&ntilde;os pueden compartir y reflexionar acerca de sus trabajos de arte y <strong>aprender algo de s&iacute; mismos y el mundo</strong> en el que viven.</li>\r\n<li><span class="badge badge-info">14</span> Cuando el arte est&aacute; integrado a otras materias del programa escolar los ni&ntilde;os se <strong>comprometen m&aacute;s</strong> en el proceso de aprendizaje.</li>\r\n<li><span class="badge badge-info">15</span> En el proceso de hacer arte el ni&ntilde;o est&aacute; <strong>expuesto a diferentes posibilidades</strong>, al descubrimiento, y a la libertad, de esta manera se evita caer en el control y predictibilidad de la educaci&oacute;n convencional encontrada en los Estados Unidos de hoy en d&iacute;a.</li>\r\n<li><span class="badge badge-info">16</span> El <strong>arte nutre el alma humana</strong>. Se siente bien haci&eacute;ndolo.</li>\r\n<li><span class="badge badge-info">17</span> El arte trae <strong>los recursos culturales</strong> de la comunidad dentro de la clase.</li>\r\n<li><span class="badge badge-info">18</span> El <strong>arte involucra a padres y tutores</strong> en la escuela invit&aacute;ndolos a participar como voluntarios en diversas actividades.</li>\r\n<li><span class="badge badge-info">19</span> El arte <strong>proporciona un medio</strong>, un piso en com&uacute;n, para atravesar estereotipos raciales, barreras y prejuicios.</li>\r\n<li><span class="badge badge-info">20</span> El arte <strong>es valioso por s&iacute; mismo.</strong></li>\r\n</ul>	...	...
2	Nios Wireless Generation	uploads/zinnia/sara_tarres.png	<p class="Body1"><em>Hola amigos de Infantium, soy Sara Tarr</em><em>&eacute;</em><em>s, psic</em><em>&oacute;</em><em>loga infantil y madre de dos peque</em><em>&ntilde;</em><em>os, uno de 4 a</em><em>&ntilde;</em><em>os y otro de 16 meses. Algunos de vosotros me conocer</em><em>&eacute;</em><em>is por mi blog <a class="blue" href="http://www.mamapsicologainfantil.com">Mi mam&aacute; es psic&oacute;loga infantil</a>, otros por mis colaboraciones en <a class="blue" href="http://babyradio.es/">babyradio</a>, y otros muchos hoy es la primera vez que escuch</em><em>&aacute;</em><em>is mi nombre. </em></p>\r\n<p class="Body1">Cuando el equipo de Infantium me propuso la idea de participar en su blog como pluma invitada, no lo dud&eacute; ni un instante, puesto que me pareci&oacute; un proyecto muy interesante e innovador. Conocedora de la importancia y relevancia de las nuevas tecnolog&iacute;as de la informaci&oacute;n y comunicaci&oacute;n (TIC) en el proceso de aprendizaje de nuestros hijos me declaro una firme defensora y partidaria de su buen uso desde edades bien tempranas.</p>\r\n<p class="Body1">Pocos son los que dudan, hoy por hoy, del reconocido potencial de las TIC para apoyar la educaci&oacute;n, el conocimiento, el entretenimiento y, el desarrollo y formaci&oacute;n de los ni&ntilde;os. Todos, padres, madres, educadores, maestros, profesores deber&iacute;amos ser responsables de fomentar su buen uso en la educaci&oacute;n infantil como una herramienta de aprendizaje y de obtenci&oacute;n de conocimientos.</p>\r\n<p class="Body1">Nuestros hijos nacidos en plena era digital dominan las nuevas&nbsp; tecnolog&iacute;as casi mejor que nosotros. En la gran mayor&iacute;a de hogares hay como m&iacute;nimo un ordenador, una tablet pc&nbsp; o un smartphone. En mi caso, hay de todo, y cuando vi a mi hijo mayor, cuando aun no ten&iacute;a ni 2 a&ntilde;os, desbloqueando mi ipad para buscar una de sus apps favoritas ... lo tuve a&uacute;n m&aacute;s claro.</p>\r\n<p class="Body1">Como madre de dos peque&ntilde;os, uno de 4 a&ntilde;os y otros de16 meses como dec&iacute;a en mi presentaci&oacute;n, utilizo con mis hijos todo el potencial que se ha abierto con la llegada de las tablets pc y los smart phones y por supuesto el pc de toda la vida. Libros interactivos, bits de inteligencia o flashcards, puzzles, blocs de dibujo y pintura, pianos , ... Todo lo que considero que puedo utilizar como apoyo a su aprendizajes es bienvenido en casa.</p>\r\n<p class="Body1">A modo de ejemplo, cuando utilizo alguna de las muchas aplicaciones de bits de inteligencia o flashcards que tengo descargadas en mi tablet pc, s&eacute; positivamente que mi hijo se divierte mientras incrementa su vocabulario. Este tipo de aplicaciones educativas, basadas en la teor&iacute;a de estimulaci&oacute;n temprana del pedagogo Glenn Doman, permiten estimular el lenguaje de los m&aacute;s peque&ntilde;os aumentando su vocabulario.</p>\r\n<p class="Body1">Esto es solo el inicio, imaginar todo el potencial, todo lo que est&aacute; por venir, y la multitud de posibilidades de aprendizaje que las nuevas tecnolog&iacute;as nos brindan. Obviamente, utilizadas como una herramienta m&aacute;s sin dejar de lado otros m&eacute;todos tradicionales. La&nbsp; experimentaci&oacute;n, la manipulaci&oacute;n de objetos, el aprendizaje por descubrimiento, ... son fundamentales para que nuestros ni&ntilde;os desarrollen plenamente sus capacidades y habilidades intelectuales, ling&uuml;&iacute;sticas, de atenci&oacute;n, memoria, l&oacute;gica, de percepci&oacute;n espacial, ... No las desaprovechemos!!! Apostar por ellas y fomentar su buen uso es apostar por el futuro de nuestros hijos.</p>\r\n<p class="Body1"><img class="rounded" style="margin-left: auto; margin-right: auto; display: block;" src="http://cdn.walyou.com/wp-content/uploads//2011/08/Vinci-Tablet-1.jpg" alt="Kid Tablet and Parents" width="550" height="368" /></p>\r\n<p class="Body1">&nbsp;</p>\r\n<p>&nbsp;</p>\r\n<p class="Body1">&nbsp;</p>\r\n<p class="Body1">&nbsp;</p>\r\n<p class="Body1">&nbsp;</p>\r\n<p class="Body1">&nbsp;</p>\r\n<p class="Body1">&nbsp;</p>\r\n<p class="Body1">&nbsp;</p>\r\n<p class="Body1">Sara Tarr&eacute;s Corominas</p>\r\n<p class="Body1"><a href="http://www.mamapsicologainfantil.com/">www.mamapsicologainfantil.com</a></p>	...	Sara Tarrs, Psicologa Infantil, Pluma Invitada	children-wireless-generation	2	t	t	f	2012-10-26 12:12:47+00	2012-12-14 16:28:18.601112+00	\N	\N	f		entry_detail.html	Children: Wireless generation	Nios Wireless Generation	<p class="Body1">Hello Infantium friends, I'm Sara Tarr&eacute;s, a child psychologist and a mom of two little ones: a 4 year old boy and a 16 months boy. Some of you may already know me from the blogging <a class="blue" href="http://www.mamapsicologainfantil.com/">My mother is a child psychologist</a>, others from my collaborations with <a class="blue" href="http://babyradio.es/">babyradio</a>, and some of you get to know me for the first time.</p>\r\n<p class="Body1">When the Infantium team proposed the idea of participating in their blog as a guest author, I did not hesitate a moment, as I found that it was a very interesting and innovative project. Understanding the importance and relevance that information and communication technologies (ICT) play supporting the learning process of our children, I declare myself as a strong advocate and supporter of making good use of them since early years.</p>\r\n<p class="Body1">Few are those who doubt, today, the recognized potential of ICT as catalysts for early childhood education, knowledge and entertainment, fostering the development and training of children. Everyone &ndash;parents, educators, teachers, professors &ndash;should promote responsible and appropriate use of technology in early years education as a driver for learning and gaining knowledge.</p>\r\n<p class="Body1">Our children were born digital, &ldquo;digital natives&rdquo;&mdash;immersed in digital technology from birth&mdash;<strong>,&nbsp; </strong>and almost are better at this than we are. In addition, a majority of households own at least one device: a computer, a tablet PC or a smartphone. In my case, we have them all, and the first time I saw my oldest son &ndash;when he was barely 2 years old &ndash;unlocking my iPad to find one of his favorite apps ... It was perfectly evident.</p>\r\n<p class="Body1">As I said in my presentation, I&rsquo;m the mother of two kids, -one 4 year old boy and 16 months &ndash;and I use with them all the great educational potential that the advent of tablet-based PCs and smartphones started to offer. Interactive books, bits of intelligence or flashcards, puzzles, painting and drawing pads, pianos&hellip; every single tool I think is helping to boost their learning at home is welcomed.</p>\r\n<p class="Body1">Just an example: when using any of the many <em>bits of intelligence</em> applications or <em>flashcards </em>I have downloaded on my tablet, I do know that while my child has lots of fun he&rsquo;s also increasing his vocabulary. This kind of educational applications &ndash;based on the <em>theory of early learning educator Glenn Doman</em> &ndash; <em><strong>allow infants</strong></em>&nbsp;to develop the&nbsp;<em><strong>capacity for language and to build their vocabulary.</strong></em></p>\r\n<p class="Body1">But this is just the beginning. <strong>What will happen and which new technologies and new features </strong><em><strong>will</strong></em><strong>&nbsp;</strong><strong>be available to us? We just&nbsp;</strong><em><strong>can</strong></em><strong>'t&nbsp;</strong><em><strong>imagine</strong></em><strong>&nbsp;</strong><strong>it</strong>. Still, imagine the multitude of learning opportunities that new technologies will bring. &nbsp;Of course if used as a tool, let&rsquo;s not neglect other traditional methods. Experimentation, object manipulation, discovery learning ... are critical for our children to fully develop their motor skills and intellectual abilities, language, attention, memory, logic, spatial awareness... Let&rsquo;s take advantage of them! Betting on technology and encouraging its adequate use is investing on the future of our kids.</p>\r\n<p class="Body1"><img class="rounded" style="margin-left: auto; margin-right: auto; display: block;" src="http://cdn.walyou.com/wp-content/uploads//2011/08/Vinci-Tablet-1.jpg" alt="Kid Tablet and Parents" width="550" height="368" /></p>\r\n<p class="Body1">&nbsp;</p>\r\n<p>&nbsp;</p>\r\n<p class="Body1">&nbsp;</p>\r\n<p class="Body1">&nbsp;</p>\r\n<p class="Body1">&nbsp;</p>\r\n<p class="Body1">&nbsp;</p>\r\n<p class="Body1">&nbsp;</p>\r\n<p class="Body1">&nbsp;</p>\r\n<p class="Body1">Sara Tarr&eacute;s Corominas</p>\r\n<p class="Body1">www.mamapsicologainfantil.com</p>	<p class="Body1"><em>Hola amigos de Infantium, soy Sara Tarr</em><em>&eacute;</em><em>s, psic</em><em>&oacute;</em><em>loga infantil y madre de dos peque</em><em>&ntilde;</em><em>os, uno de 4 a</em><em>&ntilde;</em><em>os y otro de 16 meses. Algunos de vosotros me conocer</em><em>&eacute;</em><em>is por mi blog <a class="blue" href="http://www.mamapsicologainfantil.com">Mi mam&aacute; es psic&oacute;loga infantil</a>, otros por mis colaboraciones en <a class="blue" href="http://babyradio.es/">babyradio</a>, y otros muchos hoy es la primera vez que escuch</em><em>&aacute;</em><em>is mi nombre. </em></p>\r\n<p class="Body1">Cuando el equipo de Infantium me propuso la idea de participar en su blog como pluma invitada, no lo dud&eacute; ni un instante, puesto que me pareci&oacute; un proyecto muy interesante e innovador. Conocedora de la importancia y relevancia de las nuevas tecnolog&iacute;as de la informaci&oacute;n y comunicaci&oacute;n (TIC) en el proceso de aprendizaje de nuestros hijos me declaro una firme defensora y partidaria de su buen uso desde edades bien tempranas.</p>\r\n<p class="Body1">Pocos son los que dudan, hoy por hoy, del reconocido potencial de las TIC para apoyar la educaci&oacute;n, el conocimiento, el entretenimiento y, el desarrollo y formaci&oacute;n de los ni&ntilde;os. Todos, padres, madres, educadores, maestros, profesores deber&iacute;amos ser responsables de fomentar su buen uso en la educaci&oacute;n infantil como una herramienta de aprendizaje y de obtenci&oacute;n de conocimientos.</p>\r\n<p class="Body1">Nuestros hijos nacidos en plena era digital dominan las nuevas&nbsp; tecnolog&iacute;as casi mejor que nosotros. En la gran mayor&iacute;a de hogares hay como m&iacute;nimo un ordenador, una tablet pc&nbsp; o un smartphone. En mi caso, hay de todo, y cuando vi a mi hijo mayor, cuando aun no ten&iacute;a ni 2 a&ntilde;os, desbloqueando mi ipad para buscar una de sus apps favoritas ... lo tuve a&uacute;n m&aacute;s claro.</p>\r\n<p class="Body1">Como madre de dos peque&ntilde;os, uno de 4 a&ntilde;os y otros de16 meses como dec&iacute;a en mi presentaci&oacute;n, utilizo con mis hijos todo el potencial que se ha abierto con la llegada de las tablets pc y los smart phones y por supuesto el pc de toda la vida. Libros interactivos, bits de inteligencia o flashcards, puzzles, blocs de dibujo y pintura, pianos , ... Todo lo que considero que puedo utilizar como apoyo a su aprendizajes es bienvenido en casa.</p>\r\n<p class="Body1">A modo de ejemplo, cuando utilizo alguna de las muchas aplicaciones de bits de inteligencia o flashcards que tengo descargadas en mi tablet pc, s&eacute; positivamente que mi hijo se divierte mientras incrementa su vocabulario. Este tipo de aplicaciones educativas, basadas en la teor&iacute;a de estimulaci&oacute;n temprana del pedagogo Glenn Doman, permiten estimular el lenguaje de los m&aacute;s peque&ntilde;os aumentando su vocabulario.</p>\r\n<p class="Body1">Esto es solo el inicio, imaginar todo el potencial, todo lo que est&aacute; por venir, y la multitud de posibilidades de aprendizaje que las nuevas tecnolog&iacute;as nos brindan. Obviamente, utilizadas como una herramienta m&aacute;s sin dejar de lado otros m&eacute;todos tradicionales. La&nbsp; experimentaci&oacute;n, la manipulaci&oacute;n de objetos, el aprendizaje por descubrimiento, ... son fundamentales para que nuestros ni&ntilde;os desarrollen plenamente sus capacidades y habilidades intelectuales, ling&uuml;&iacute;sticas, de atenci&oacute;n, memoria, l&oacute;gica, de percepci&oacute;n espacial, ... No las desaprovechemos!!! Apostar por ellas y fomentar su buen uso es apostar por el futuro de nuestros hijos.</p>\r\n<p class="Body1"><img class="rounded" style="margin-left: auto; margin-right: auto; display: block;" src="http://cdn.walyou.com/wp-content/uploads//2011/08/Vinci-Tablet-1.jpg" alt="Kid Tablet and Parents" width="550" height="368" /></p>\r\n<p class="Body1">&nbsp;</p>\r\n<p>&nbsp;</p>\r\n<p class="Body1">&nbsp;</p>\r\n<p class="Body1">&nbsp;</p>\r\n<p class="Body1">&nbsp;</p>\r\n<p class="Body1">&nbsp;</p>\r\n<p class="Body1">&nbsp;</p>\r\n<p class="Body1">&nbsp;</p>\r\n<p class="Body1">Sara Tarr&eacute;s Corominas</p>\r\n<p class="Body1"><a href="http://www.mamapsicologainfantil.com/">www.mamapsicologainfantil.com</a></p>	...	...
4	Infantium en el evento de presentacin de Windows 8 en Barcelona	uploads/zinnia/presentacion_Windows8.jpg	<p>Aunque un poco tarde, quer&iacute;amos explicaros que&nbsp;Infantium tuvo el honor de ser uno de los asistentes (y ponentes!) en la presentaci&oacute;n de <strong><a href="http://windows.microsoft.com/es-ES/windows/home">Windows8</a></strong> y <strong>Windows Phone 8</strong>&nbsp;en catal&aacute;n que se celebr&oacute; este pasado jueves 8 de noviembre en el <a href="http://www.mediapro.es/esp/sedes_detalle.php?id=1">Auditorio Imagina de Mediapro</a>.</p>\r\n<p>El evento cont&oacute; con la participaci&oacute;n de <strong><a href="http://www.microsoft.com/spain/prensa/biografias/carlos-grau-lara.aspx">Carles Grau</a>,</strong>&nbsp;<strong>Director General de Microsoft en Catalu&ntilde;a, </strong><a href="http://www.linkedin.com/in/carlesflamerich">&nbsp;Carles Flamerich</a>, <strong>Director General de Telecomunicaciones y Sociedad de la Informaci&oacute;n de la Generalitat de Catalu&ntilde;a</strong>, <a href="http://www.bdigital.org/es/informacion/Paginas/DetallesNotaPrensa.aspx?xid=15">Carles Fradera</a>,<strong> Director General de Barcelona Digital Centro Tecnol&ograve;gico</strong>, <a href="http://www.linkedin.com/in/xavierllobera">Xavier Llobera</a>, <strong>Director del <a href="http://www.micproductivity.com/en">Microsoft Innovation Center &ndash; Productivity (MIC Productivity)</a></strong>, <a href="https://mce_host/es/admin/zinnia/entry/add/@tlworker">Jorge C&oacute;rdova</a>, Director de Canal, <a href="http://www.intel.com/">Intel Corporation Iberia</a>, Jose Ignacio Fernandez Moreira, Responsable Consultores Tecnol&oacute;gicos de Grandes Cuentas y <a href="http://www.linkedin.com/in/albertesplugas">Albert Esplugas</a>, Director de Estrat&egrave;gia y Desarrollo de Negocio de Microsoft</p>\r\n<p>Durante el evento se present&oacute; <strong>Windows 8. Para los que todav&iacute;a no lo teng&aacute;is, </strong>sabed que&nbsp;incorpora una nueva y mejorada interfaz de usuario, much&iacute;simas opciones de personalizaci&oacute;n y conexi&oacute;n, y una gran cantidad de aplicaciones. Windows 8 ha tenido m&aacute;s de cuatro millones de ventas en los primeros tres d&iacute;as, y ya est&aacute; disponible en m&aacute;s de mil modelos de tabletas, port&aacute;tiles, convertibles, ultrapot&aacute;tiles o PCs para Windows 8 (como Sony, Lenovo, HP, etc). Adem&aacute;s de la esperad&iacute;sima Surface!</p>\r\n<p>Tambi&eacute;n se present&oacute; <strong>Windows Phone 8</strong>, entre cuyas caracter&iacute;sticas destacar&iacute;a ersonalizaci&oacute;n completa de la pantalla de inicio, acceso a toda la informaci&oacute;n y contenido en tiempo real a trav&eacute;s de las&nbsp;<strong>Live Tiles</strong>, posibilidad de crear espacios privados para compartir contenidos con grupos cerrados (las salas) o el rinc&oacute;n infantil, un entorno adaptado a lo m&ntilde;as peque&ntilde;os para que no puedan interactuar con el resto de informaci&oacute;n del tel&eacute;fono.</p>\r\n<p>En la presentaci&oacute;n, adem&aacute;s, se presentaron algunas de las mejores aplicaciones hechas en Catalu&ntilde;a. Tuvimos la suerte de presentar junto a<a href="http://www.tv3.cat/3alacarta/"><strong> TV3</strong>&nbsp;(televisi&oacute;n a la carta)</a>, <a href="http://www.sage.com/">Sage</a> (con su efactura) y otros emprendedores como<a href="/es/admin/zinnia/entry/add/bismart.es/"> Bismart</a> (biGov). Xavier Llobera tambi&eacute;n present&oacute; otras de las apps para windows8 OKIPOS+ de OKI, MyCo de <a href="http://www.raona.com/">Raona</a>, <a href="http://www.seidor.es">Seidor</a> y su App Seidor doseApp, <a href="/es/admin/zinnia/entry/add/en.softonic.com/">Softonic</a> o <a href="http://www.anuntis.com/">Anuntis</a>.</p>\r\n<p>Para todo el equipo de Infantium fue todo un honor, adem&aacute;s de una maravillosa experiencia, poder no s&oacute;lo asistir, sino presentar en directo nuestro proyecto. Desde que surgi&oacute; la idea, hace aproximadamente un a&ntilde;o, uno de nuestros principales apoyos ha sido Microsoft Ib&eacute;rica. No s&oacute;lo a trav&eacute;s de su programa global para empendedores &nbsp;Bizspark y su extensi&oacute;n para startups de alto crecimiento Bizspark Plus (tenemos suerte de ser uno de los limitados miembros que acceden al programa), sino como se ha volcado todo el equipo (<a href="https://mce_host/es/admin/zinnia/entry/add/@elis3ta">Elisa Garc&iacute;a</a>, <a href="https://mce_host/es/admin/zinnia/entry/add/@LidiaPitzalis">Lidia</a>, Camilo, Luis, etc.) y como han contribuido a hacer realidad la idea, a implementar nuestro proyecto piloto, a favorecer nuestro crecimiento, y a darnos todas las herramientas necesarias para su ejecuci&oacute;n. Sobre todo agradecer a Carlos todo lo que ha significado para nosotros.&nbsp; Como siempre nos gusta decir, uno de los motivos por los que estamos aqu&iacute; es Carles Grau, sin &eacute;l probablemente no habr&iacute;amos llegado hasta aqu&iacute;. Su apoyo incondicional cuando todav&iacute;a &eacute;ramos un powerpoint, su cercan&iacute;a, y sus consejos, han sido fundamentales. As&iacute; que desde aqu&iacute; de nuevo, gracias Carlos!</p>	...	windows 8, presentacin, Microsoft, Barcelona, apps	infantium-microsofts-windows-8-launch-presentation-barcelona	2	f	t	f	2012-11-18 04:51:06+00	2012-12-14 16:27:56.710719+00	\N	\N	f		entry_detail.html	Infantium at the Microsoft's Windows 8 launch presentation in Barcelona 	Infantium en el evento de presentacin de Windows 8 en Barcelona	<p>Although a bit late, we wanted to share that the Infantium Team was honored to be one of the attendees (and speakers!) to the presentation event of <a href="http://windows.microsoft.com/en-US/windows-8/meet"><strong>Windows8</strong></a> and <strong>Windows Phone 8</strong> in Catalan, held the past Thursday, November 8th, at the <a href="http://www.mediapro.es/esp/sedes_detalle.php?id=1">Mediapro Auditorium <em>Imagina</em>.</a></p>\r\n<p>The event was conducted by Carles Grau, Microsoft in Catalonia and Public Sector Director, Carles Flamerich, General Director of Telecommunications and Information Society of the Generalitat of Catalonia, Carles Fradera, General Director of Barcelona Digital Technology Center, Xavier Llobera<strong>,</strong> Director of the <a href="http://www.micproductivity.com/en">Microsoft Innovation Center - Productivity (MIC Productivity)</a>, <a href="https://mce_host/es/admin/zinnia/entry/add/@tlworker">Jorge Cordova</a>, <span>Reseller Channel Director Spain &amp; Portugal of</span>&nbsp;<a href="http://www.intel.com/">Intel Corporation Iberia</a>, Jose Ignacio Fernandez, Head of Key Accounts and Technology Consultants, and Albert Esplugas, Director of Strategy and Business Development at Microsoft</p>\r\n<p>For those who haven't upgraded to Windows 8, just highlight that it incorporates a new and improved user interface, lots of customization options and connection, and a lot of great applications (the most popular ones, for instance). Windows 8 has had more than four million sales during the first three days, and it is now available in over a thousand models of tablets, notebooks, convertibles, or PCs (like Sony, Lenovo, HP,). And of course, the surface.</p>\r\n<p>During the event Windows Phone 8 was also introduced. With lots of customization features, we&rsquo;d like to highlight the home screen personalization, access to all information and content in real time through the Live Tiles, ability to create private spaces for sharing content with closed groups (rooms ) or the <strong>Children's Corner (or Kid's Corner). This allows the user to customize a set of apps, games and media which they want their children to access. Kids can access this by swiping to the left on the lockscreen.</strong></p>\r\n<p>The presentation also unveiled some of the best apps &ldquo;made in Catalonia&rdquo;. We were fortunate to present the infantium project together with TV3 (VOD), Sage (with e-bill) and other entrepreneurs as Bismart (biGov). Llobera Xavier also presented other than Android for Windows8 OKI OKIPOS +, MYCO of Raona, Seidor and App Seidor doseApp, or Anuntis and <a href="/es/admin/zinnia/entry/add/en.softonic.com/">Softonic</a>.</p>\r\n<p>For the whole team it was a great experience and a big honour to be there. From the first moment that the idea came up about a year ago, one of our main supporters has been Microsoft Ib&eacute;rica. Not only through its global program for entrepreneurs <a href="http://www.microsoft.com/bizspark/">Bizspark</a>, and its extension for high-growth startups Bizspark Plus, but by means of the whole Microsoft team (Elisa Garcia, Lidia, Camilo, Luis, Xavier Llobera, etc.). They have been critical contributing to realize the idea, to implement our pilot project, to facilitate our growth, and give us all the tools needed for execution. But we especially want to thank Carles. As we always like to say, if it wasn't for Carles Grau, we probably would not be here now. His unconditional support when we were just an idea, proximity, and his advice have been critical during the way.</p>\r\n<p>So again, Thanks Carles! :)</p>\r\n<p>&nbsp;</p>	<p>Aunque un poco tarde, quer&iacute;amos explicaros que&nbsp;Infantium tuvo el honor de ser uno de los asistentes (y ponentes!) en la presentaci&oacute;n de <strong><a href="http://windows.microsoft.com/es-ES/windows/home">Windows8</a></strong> y <strong>Windows Phone 8</strong>&nbsp;en catal&aacute;n que se celebr&oacute; este pasado jueves 8 de noviembre en el <a href="http://www.mediapro.es/esp/sedes_detalle.php?id=1">Auditorio Imagina de Mediapro</a>.</p>\r\n<p>El evento cont&oacute; con la participaci&oacute;n de <strong><a href="http://www.microsoft.com/spain/prensa/biografias/carlos-grau-lara.aspx">Carles Grau</a>,</strong>&nbsp;<strong>Director General de Microsoft en Catalu&ntilde;a, </strong><a href="http://www.linkedin.com/in/carlesflamerich">&nbsp;Carles Flamerich</a>, <strong>Director General de Telecomunicaciones y Sociedad de la Informaci&oacute;n de la Generalitat de Catalu&ntilde;a</strong>, <a href="http://www.bdigital.org/es/informacion/Paginas/DetallesNotaPrensa.aspx?xid=15">Carles Fradera</a>,<strong> Director General de Barcelona Digital Centro Tecnol&ograve;gico</strong>, <a href="http://www.linkedin.com/in/xavierllobera">Xavier Llobera</a>, <strong>Director del <a href="http://www.micproductivity.com/en">Microsoft Innovation Center &ndash; Productivity (MIC Productivity)</a></strong>, <a href="https://mce_host/es/admin/zinnia/entry/add/@tlworker">Jorge C&oacute;rdova</a>, Director de Canal, <a href="http://www.intel.com/">Intel Corporation Iberia</a>, Jose Ignacio Fernandez Moreira, Responsable Consultores Tecnol&oacute;gicos de Grandes Cuentas y <a href="http://www.linkedin.com/in/albertesplugas">Albert Esplugas</a>, Director de Estrat&egrave;gia y Desarrollo de Negocio de Microsoft</p>\r\n<p>Durante el evento se present&oacute; <strong>Windows 8. Para los que todav&iacute;a no lo teng&aacute;is, </strong>sabed que&nbsp;incorpora una nueva y mejorada interfaz de usuario, much&iacute;simas opciones de personalizaci&oacute;n y conexi&oacute;n, y una gran cantidad de aplicaciones. Windows 8 ha tenido m&aacute;s de cuatro millones de ventas en los primeros tres d&iacute;as, y ya est&aacute; disponible en m&aacute;s de mil modelos de tabletas, port&aacute;tiles, convertibles, ultrapot&aacute;tiles o PCs para Windows 8 (como Sony, Lenovo, HP, etc). Adem&aacute;s de la esperad&iacute;sima Surface!</p>\r\n<p>Tambi&eacute;n se present&oacute; <strong>Windows Phone 8</strong>, entre cuyas caracter&iacute;sticas destacar&iacute;a ersonalizaci&oacute;n completa de la pantalla de inicio, acceso a toda la informaci&oacute;n y contenido en tiempo real a trav&eacute;s de las&nbsp;<strong>Live Tiles</strong>, posibilidad de crear espacios privados para compartir contenidos con grupos cerrados (las salas) o el rinc&oacute;n infantil, un entorno adaptado a lo m&ntilde;as peque&ntilde;os para que no puedan interactuar con el resto de informaci&oacute;n del tel&eacute;fono.</p>\r\n<p>En la presentaci&oacute;n, adem&aacute;s, se presentaron algunas de las mejores aplicaciones hechas en Catalu&ntilde;a. Tuvimos la suerte de presentar junto a<a href="http://www.tv3.cat/3alacarta/"><strong> TV3</strong>&nbsp;(televisi&oacute;n a la carta)</a>, <a href="http://www.sage.com/">Sage</a> (con su efactura) y otros emprendedores como<a href="/es/admin/zinnia/entry/add/bismart.es/"> Bismart</a> (biGov). Xavier Llobera tambi&eacute;n present&oacute; otras de las apps para windows8 OKIPOS+ de OKI, MyCo de <a href="http://www.raona.com/">Raona</a>, <a href="http://www.seidor.es">Seidor</a> y su App Seidor doseApp, <a href="/es/admin/zinnia/entry/add/en.softonic.com/">Softonic</a> o <a href="http://www.anuntis.com/">Anuntis</a>.</p>\r\n<p>Para todo el equipo de Infantium fue todo un honor, adem&aacute;s de una maravillosa experiencia, poder no s&oacute;lo asistir, sino presentar en directo nuestro proyecto. Desde que surgi&oacute; la idea, hace aproximadamente un a&ntilde;o, uno de nuestros principales apoyos ha sido Microsoft Ib&eacute;rica. No s&oacute;lo a trav&eacute;s de su programa global para empendedores &nbsp;Bizspark y su extensi&oacute;n para startups de alto crecimiento Bizspark Plus (tenemos suerte de ser uno de los limitados miembros que acceden al programa), sino como se ha volcado todo el equipo (<a href="https://mce_host/es/admin/zinnia/entry/add/@elis3ta">Elisa Garc&iacute;a</a>, <a href="https://mce_host/es/admin/zinnia/entry/add/@LidiaPitzalis">Lidia</a>, Camilo, Luis, etc.) y como han contribuido a hacer realidad la idea, a implementar nuestro proyecto piloto, a favorecer nuestro crecimiento, y a darnos todas las herramientas necesarias para su ejecuci&oacute;n. Sobre todo agradecer a Carlos todo lo que ha significado para nosotros.&nbsp; Como siempre nos gusta decir, uno de los motivos por los que estamos aqu&iacute; es Carles Grau, sin &eacute;l probablemente no habr&iacute;amos llegado hasta aqu&iacute;. Su apoyo incondicional cuando todav&iacute;a &eacute;ramos un powerpoint, su cercan&iacute;a, y sus consejos, han sido fundamentales. As&iacute; que desde aqu&iacute; de nuevo, gracias Carlos!</p>	\N	...
\.


--
-- Data for Name: zinnia_entry_authors; Type: TABLE DATA; Schema: public; Owner: -
--

COPY zinnia_entry_authors (id, entry_id, user_id) FROM stdin;
70	4	4
71	3	4
72	2	6
74	1	4
78	5	1
90	6	7
\.


--
-- Data for Name: zinnia_entry_categories; Type: TABLE DATA; Schema: public; Owner: -
--

COPY zinnia_entry_categories (id, entry_id, category_id) FROM stdin;
38	4	3
39	3	2
40	2	1
44	5	2
56	6	1
\.


--
-- Data for Name: zinnia_entry_related; Type: TABLE DATA; Schema: public; Owner: -
--

COPY zinnia_entry_related (id, from_entry_id, to_entry_id) FROM stdin;
19	1	4
20	4	1
27	5	3
28	3	5
51	6	1
52	6	2
53	1	6
54	2	6
\.


--
-- Data for Name: zinnia_entry_sites; Type: TABLE DATA; Schema: public; Owner: -
--

COPY zinnia_entry_sites (id, entry_id, site_id) FROM stdin;
70	4	1
71	3	1
72	2	1
74	1	1
78	5	1
90	6	1
\.


--
-- Name: auth_group_name_key; Type: CONSTRAINT; Schema: public; Owner: -; Tablespace: 
--

ALTER TABLE ONLY auth_group
    ADD CONSTRAINT auth_group_name_key UNIQUE (name);


--
-- Name: auth_group_permissions_group_id_permission_id_key; Type: CONSTRAINT; Schema: public; Owner: -; Tablespace: 
--

ALTER TABLE ONLY auth_group_permissions
    ADD CONSTRAINT auth_group_permissions_group_id_permission_id_key UNIQUE (group_id, permission_id);


--
-- Name: auth_group_permissions_pkey; Type: CONSTRAINT; Schema: public; Owner: -; Tablespace: 
--

ALTER TABLE ONLY auth_group_permissions
    ADD CONSTRAINT auth_group_permissions_pkey PRIMARY KEY (id);


--
-- Name: auth_group_pkey; Type: CONSTRAINT; Schema: public; Owner: -; Tablespace: 
--

ALTER TABLE ONLY auth_group
    ADD CONSTRAINT auth_group_pkey PRIMARY KEY (id);


--
-- Name: auth_permission_content_type_id_codename_key; Type: CONSTRAINT; Schema: public; Owner: -; Tablespace: 
--

ALTER TABLE ONLY auth_permission
    ADD CONSTRAINT auth_permission_content_type_id_codename_key UNIQUE (content_type_id, codename);


--
-- Name: auth_permission_pkey; Type: CONSTRAINT; Schema: public; Owner: -; Tablespace: 
--

ALTER TABLE ONLY auth_permission
    ADD CONSTRAINT auth_permission_pkey PRIMARY KEY (id);


--
-- Name: auth_user_groups_pkey; Type: CONSTRAINT; Schema: public; Owner: -; Tablespace: 
--

ALTER TABLE ONLY auth_user_groups
    ADD CONSTRAINT auth_user_groups_pkey PRIMARY KEY (id);


--
-- Name: auth_user_groups_user_id_group_id_key; Type: CONSTRAINT; Schema: public; Owner: -; Tablespace: 
--

ALTER TABLE ONLY auth_user_groups
    ADD CONSTRAINT auth_user_groups_user_id_group_id_key UNIQUE (user_id, group_id);


--
-- Name: auth_user_pkey; Type: CONSTRAINT; Schema: public; Owner: -; Tablespace: 
--

ALTER TABLE ONLY auth_user
    ADD CONSTRAINT auth_user_pkey PRIMARY KEY (id);


--
-- Name: auth_user_user_permissions_pkey; Type: CONSTRAINT; Schema: public; Owner: -; Tablespace: 
--

ALTER TABLE ONLY auth_user_user_permissions
    ADD CONSTRAINT auth_user_user_permissions_pkey PRIMARY KEY (id);


--
-- Name: auth_user_user_permissions_user_id_permission_id_key; Type: CONSTRAINT; Schema: public; Owner: -; Tablespace: 
--

ALTER TABLE ONLY auth_user_user_permissions
    ADD CONSTRAINT auth_user_user_permissions_user_id_permission_id_key UNIQUE (user_id, permission_id);


--
-- Name: auth_user_username_key; Type: CONSTRAINT; Schema: public; Owner: -; Tablespace: 
--

ALTER TABLE ONLY auth_user
    ADD CONSTRAINT auth_user_username_key UNIQUE (username);


--
-- Name: cms_cmsplugin_pkey; Type: CONSTRAINT; Schema: public; Owner: -; Tablespace: 
--

ALTER TABLE ONLY cms_cmsplugin
    ADD CONSTRAINT cms_cmsplugin_pkey PRIMARY KEY (id);


--
-- Name: cms_globalpagepermission_pkey; Type: CONSTRAINT; Schema: public; Owner: -; Tablespace: 
--

ALTER TABLE ONLY cms_globalpagepermission
    ADD CONSTRAINT cms_globalpagepermission_pkey PRIMARY KEY (id);


--
-- Name: cms_globalpagepermission_site_globalpagepermission_id_site__key; Type: CONSTRAINT; Schema: public; Owner: -; Tablespace: 
--

ALTER TABLE ONLY cms_globalpagepermission_sites
    ADD CONSTRAINT cms_globalpagepermission_site_globalpagepermission_id_site__key UNIQUE (globalpagepermission_id, site_id);


--
-- Name: cms_globalpagepermission_sites_pkey; Type: CONSTRAINT; Schema: public; Owner: -; Tablespace: 
--

ALTER TABLE ONLY cms_globalpagepermission_sites
    ADD CONSTRAINT cms_globalpagepermission_sites_pkey PRIMARY KEY (id);


--
-- Name: cms_page_pkey; Type: CONSTRAINT; Schema: public; Owner: -; Tablespace: 
--

ALTER TABLE ONLY cms_page
    ADD CONSTRAINT cms_page_pkey PRIMARY KEY (id);


--
-- Name: cms_page_placeholders_page_id_placeholder_id_key; Type: CONSTRAINT; Schema: public; Owner: -; Tablespace: 
--

ALTER TABLE ONLY cms_page_placeholders
    ADD CONSTRAINT cms_page_placeholders_page_id_placeholder_id_key UNIQUE (page_id, placeholder_id);


--
-- Name: cms_page_placeholders_pkey; Type: CONSTRAINT; Schema: public; Owner: -; Tablespace: 
--

ALTER TABLE ONLY cms_page_placeholders
    ADD CONSTRAINT cms_page_placeholders_pkey PRIMARY KEY (id);


--
-- Name: cms_page_publisher_public_id_key; Type: CONSTRAINT; Schema: public; Owner: -; Tablespace: 
--

ALTER TABLE ONLY cms_page
    ADD CONSTRAINT cms_page_publisher_public_id_key UNIQUE (publisher_public_id);


--
-- Name: cms_pagemoderator_pkey; Type: CONSTRAINT; Schema: public; Owner: -; Tablespace: 
--

ALTER TABLE ONLY cms_pagemoderator
    ADD CONSTRAINT cms_pagemoderator_pkey PRIMARY KEY (id);


--
-- Name: cms_pagemoderatorstate_pkey; Type: CONSTRAINT; Schema: public; Owner: -; Tablespace: 
--

ALTER TABLE ONLY cms_pagemoderatorstate
    ADD CONSTRAINT cms_pagemoderatorstate_pkey PRIMARY KEY (id);


--
-- Name: cms_pagepermission_pkey; Type: CONSTRAINT; Schema: public; Owner: -; Tablespace: 
--

ALTER TABLE ONLY cms_pagepermission
    ADD CONSTRAINT cms_pagepermission_pkey PRIMARY KEY (id);


--
-- Name: cms_pageuser_pkey; Type: CONSTRAINT; Schema: public; Owner: -; Tablespace: 
--

ALTER TABLE ONLY cms_pageuser
    ADD CONSTRAINT cms_pageuser_pkey PRIMARY KEY (user_ptr_id);


--
-- Name: cms_pageusergroup_pkey; Type: CONSTRAINT; Schema: public; Owner: -; Tablespace: 
--

ALTER TABLE ONLY cms_pageusergroup
    ADD CONSTRAINT cms_pageusergroup_pkey PRIMARY KEY (group_ptr_id);


--
-- Name: cms_placeholder_pkey; Type: CONSTRAINT; Schema: public; Owner: -; Tablespace: 
--

ALTER TABLE ONLY cms_placeholder
    ADD CONSTRAINT cms_placeholder_pkey PRIMARY KEY (id);


--
-- Name: cms_title_language_page_id_key; Type: CONSTRAINT; Schema: public; Owner: -; Tablespace: 
--

ALTER TABLE ONLY cms_title
    ADD CONSTRAINT cms_title_language_page_id_key UNIQUE (language, page_id);


--
-- Name: cms_title_pkey; Type: CONSTRAINT; Schema: public; Owner: -; Tablespace: 
--

ALTER TABLE ONLY cms_title
    ADD CONSTRAINT cms_title_pkey PRIMARY KEY (id);


--
-- Name: cmsplugin_calendarentriesplugin_pkey; Type: CONSTRAINT; Schema: public; Owner: -; Tablespace: 
--

ALTER TABLE ONLY cmsplugin_calendarentriesplugin
    ADD CONSTRAINT cmsplugin_calendarentriesplugin_pkey PRIMARY KEY (cmsplugin_ptr_id);


--
-- Name: cmsplugin_file_pkey; Type: CONSTRAINT; Schema: public; Owner: -; Tablespace: 
--

ALTER TABLE ONLY cmsplugin_file
    ADD CONSTRAINT cmsplugin_file_pkey PRIMARY KEY (cmsplugin_ptr_id);


--
-- Name: cmsplugin_latestentriesplugin_pkey; Type: CONSTRAINT; Schema: public; Owner: -; Tablespace: 
--

ALTER TABLE ONLY cmsplugin_latestentriesplugin
    ADD CONSTRAINT cmsplugin_latestentriesplugin_pkey PRIMARY KEY (cmsplugin_ptr_id);


--
-- Name: cmsplugin_link_pkey; Type: CONSTRAINT; Schema: public; Owner: -; Tablespace: 
--

ALTER TABLE ONLY cmsplugin_link
    ADD CONSTRAINT cmsplugin_link_pkey PRIMARY KEY (cmsplugin_ptr_id);


--
-- Name: cmsplugin_picture_pkey; Type: CONSTRAINT; Schema: public; Owner: -; Tablespace: 
--

ALTER TABLE ONLY cmsplugin_picture
    ADD CONSTRAINT cmsplugin_picture_pkey PRIMARY KEY (cmsplugin_ptr_id);


--
-- Name: cmsplugin_queryentriesplugin_pkey; Type: CONSTRAINT; Schema: public; Owner: -; Tablespace: 
--

ALTER TABLE ONLY cmsplugin_queryentriesplugin
    ADD CONSTRAINT cmsplugin_queryentriesplugin_pkey PRIMARY KEY (cmsplugin_ptr_id);


--
-- Name: cmsplugin_randomentriesplugin_pkey; Type: CONSTRAINT; Schema: public; Owner: -; Tablespace: 
--

ALTER TABLE ONLY cmsplugin_randomentriesplugin
    ADD CONSTRAINT cmsplugin_randomentriesplugin_pkey PRIMARY KEY (cmsplugin_ptr_id);


--
-- Name: cmsplugin_selectedentriesplugin_pkey; Type: CONSTRAINT; Schema: public; Owner: -; Tablespace: 
--

ALTER TABLE ONLY cmsplugin_selectedentriesplugin
    ADD CONSTRAINT cmsplugin_selectedentriesplugin_pkey PRIMARY KEY (cmsplugin_ptr_id);


--
-- Name: cmsplugin_text_pkey; Type: CONSTRAINT; Schema: public; Owner: -; Tablespace: 
--

ALTER TABLE ONLY cmsplugin_text
    ADD CONSTRAINT cmsplugin_text_pkey PRIMARY KEY (cmsplugin_ptr_id);


--
-- Name: cmsplugin_twitterrecententries_pkey; Type: CONSTRAINT; Schema: public; Owner: -; Tablespace: 
--

ALTER TABLE ONLY cmsplugin_twitterrecententries
    ADD CONSTRAINT cmsplugin_twitterrecententries_pkey PRIMARY KEY (cmsplugin_ptr_id);


--
-- Name: cmsplugin_twittersearch_pkey; Type: CONSTRAINT; Schema: public; Owner: -; Tablespace: 
--

ALTER TABLE ONLY cmsplugin_twittersearch
    ADD CONSTRAINT cmsplugin_twittersearch_pkey PRIMARY KEY (cmsplugin_ptr_id);


--
-- Name: cmsplugin_video_pkey; Type: CONSTRAINT; Schema: public; Owner: -; Tablespace: 
--

ALTER TABLE ONLY cmsplugin_video
    ADD CONSTRAINT cmsplugin_video_pkey PRIMARY KEY (cmsplugin_ptr_id);


--
-- Name: cmsplugin_zinnia_latestentrie_latestentriesplugin_id_catego_key; Type: CONSTRAINT; Schema: public; Owner: -; Tablespace: 
--

ALTER TABLE ONLY cmsplugin_zinnia_latestentriesplugin_categories
    ADD CONSTRAINT cmsplugin_zinnia_latestentrie_latestentriesplugin_id_catego_key UNIQUE (latestentriesplugin_id, category_id);


--
-- Name: cmsplugin_zinnia_latestentrie_latestentriesplugin_id_tag_id_key; Type: CONSTRAINT; Schema: public; Owner: -; Tablespace: 
--

ALTER TABLE ONLY cmsplugin_zinnia_latestentriesplugin_tags
    ADD CONSTRAINT cmsplugin_zinnia_latestentrie_latestentriesplugin_id_tag_id_key UNIQUE (latestentriesplugin_id, tag_id);


--
-- Name: cmsplugin_zinnia_latestentrie_latestentriesplugin_id_user_i_key; Type: CONSTRAINT; Schema: public; Owner: -; Tablespace: 
--

ALTER TABLE ONLY cmsplugin_zinnia_latestentriesplugin_authors
    ADD CONSTRAINT cmsplugin_zinnia_latestentrie_latestentriesplugin_id_user_i_key UNIQUE (latestentriesplugin_id, user_id);


--
-- Name: cmsplugin_zinnia_latestentriesplugin_authors_pkey; Type: CONSTRAINT; Schema: public; Owner: -; Tablespace: 
--

ALTER TABLE ONLY cmsplugin_zinnia_latestentriesplugin_authors
    ADD CONSTRAINT cmsplugin_zinnia_latestentriesplugin_authors_pkey PRIMARY KEY (id);


--
-- Name: cmsplugin_zinnia_latestentriesplugin_categories_pkey; Type: CONSTRAINT; Schema: public; Owner: -; Tablespace: 
--

ALTER TABLE ONLY cmsplugin_zinnia_latestentriesplugin_categories
    ADD CONSTRAINT cmsplugin_zinnia_latestentriesplugin_categories_pkey PRIMARY KEY (id);


--
-- Name: cmsplugin_zinnia_latestentriesplugin_tags_pkey; Type: CONSTRAINT; Schema: public; Owner: -; Tablespace: 
--

ALTER TABLE ONLY cmsplugin_zinnia_latestentriesplugin_tags
    ADD CONSTRAINT cmsplugin_zinnia_latestentriesplugin_tags_pkey PRIMARY KEY (id);


--
-- Name: cmsplugin_zinnia_selectedentr_selectedentriesplugin_id_entr_key; Type: CONSTRAINT; Schema: public; Owner: -; Tablespace: 
--

ALTER TABLE ONLY cmsplugin_zinnia_selectedentriesplugin_entries
    ADD CONSTRAINT cmsplugin_zinnia_selectedentr_selectedentriesplugin_id_entr_key UNIQUE (selectedentriesplugin_id, entry_id);


--
-- Name: cmsplugin_zinnia_selectedentriesplugin_entries_pkey; Type: CONSTRAINT; Schema: public; Owner: -; Tablespace: 
--

ALTER TABLE ONLY cmsplugin_zinnia_selectedentriesplugin_entries
    ADD CONSTRAINT cmsplugin_zinnia_selectedentriesplugin_entries_pkey PRIMARY KEY (id);


--
-- Name: db_chart_chart_uuid_key; Type: CONSTRAINT; Schema: public; Owner: -; Tablespace: 
--

ALTER TABLE ONLY db_chart
    ADD CONSTRAINT db_chart_chart_uuid_key UNIQUE (chart_uuid);


--
-- Name: db_chart_indicators_chart_id_indicator_id_key; Type: CONSTRAINT; Schema: public; Owner: -; Tablespace: 
--

ALTER TABLE ONLY db_chart_indicators
    ADD CONSTRAINT db_chart_indicators_chart_id_indicator_id_key UNIQUE (chart_id, indicator_id);


--
-- Name: db_chart_indicators_pkey; Type: CONSTRAINT; Schema: public; Owner: -; Tablespace: 
--

ALTER TABLE ONLY db_chart_indicators
    ADD CONSTRAINT db_chart_indicators_pkey PRIMARY KEY (id);


--
-- Name: db_chart_pkey; Type: CONSTRAINT; Schema: public; Owner: -; Tablespace: 
--

ALTER TABLE ONLY db_chart
    ADD CONSTRAINT db_chart_pkey PRIMARY KEY (id);


--
-- Name: db_cluster_cluster_uuid_key; Type: CONSTRAINT; Schema: public; Owner: -; Tablespace: 
--

ALTER TABLE ONLY db_cluster
    ADD CONSTRAINT db_cluster_cluster_uuid_key UNIQUE (cluster_uuid);


--
-- Name: db_cluster_domain_areas_cluster_id_1de6207aef6c4d32_uniq; Type: CONSTRAINT; Schema: public; Owner: -; Tablespace: 
--

ALTER TABLE ONLY db_cluster_domain_areas
    ADD CONSTRAINT db_cluster_domain_areas_cluster_id_1de6207aef6c4d32_uniq UNIQUE (cluster_id, domainarea_id);


--
-- Name: db_cluster_domain_areas_pkey; Type: CONSTRAINT; Schema: public; Owner: -; Tablespace: 
--

ALTER TABLE ONLY db_cluster_domain_areas
    ADD CONSTRAINT db_cluster_domain_areas_pkey PRIMARY KEY (id);


--
-- Name: db_cluster_pkey; Type: CONSTRAINT; Schema: public; Owner: -; Tablespace: 
--

ALTER TABLE ONLY db_cluster
    ADD CONSTRAINT db_cluster_pkey PRIMARY KEY (id);


--
-- Name: db_cognitivearea_cognitivearea_uuid_key; Type: CONSTRAINT; Schema: public; Owner: -; Tablespace: 
--

ALTER TABLE ONLY db_cognitivearea
    ADD CONSTRAINT db_cognitivearea_cognitivearea_uuid_key UNIQUE (cognitivearea_uuid);


--
-- Name: db_cognitivearea_multiple_int_cognitivearea_id_multipleinte_key; Type: CONSTRAINT; Schema: public; Owner: -; Tablespace: 
--

ALTER TABLE ONLY db_cognitivearea_multiple_intelligences
    ADD CONSTRAINT db_cognitivearea_multiple_int_cognitivearea_id_multipleinte_key UNIQUE (cognitivearea_id, multipleintelligence_id);


--
-- Name: db_cognitivearea_multiple_intelligences_pkey; Type: CONSTRAINT; Schema: public; Owner: -; Tablespace: 
--

ALTER TABLE ONLY db_cognitivearea_multiple_intelligences
    ADD CONSTRAINT db_cognitivearea_multiple_intelligences_pkey PRIMARY KEY (id);


--
-- Name: db_cognitivearea_pkey; Type: CONSTRAINT; Schema: public; Owner: -; Tablespace: 
--

ALTER TABLE ONLY db_cognitivearea
    ADD CONSTRAINT db_cognitivearea_pkey PRIMARY KEY (id);


--
-- Name: db_domainarea_cognitive_are_domainarea_id_63ff5ffa6279555e_uniq; Type: CONSTRAINT; Schema: public; Owner: -; Tablespace: 
--

ALTER TABLE ONLY db_domainarea_cognitive_areas
    ADD CONSTRAINT db_domainarea_cognitive_are_domainarea_id_63ff5ffa6279555e_uniq UNIQUE (domainarea_id, cognitivearea_id);


--
-- Name: db_domainarea_cognitive_areas_pkey; Type: CONSTRAINT; Schema: public; Owner: -; Tablespace: 
--

ALTER TABLE ONLY db_domainarea_cognitive_areas
    ADD CONSTRAINT db_domainarea_cognitive_areas_pkey PRIMARY KEY (id);


--
-- Name: db_domainarea_domainarea_uuid_key; Type: CONSTRAINT; Schema: public; Owner: -; Tablespace: 
--

ALTER TABLE ONLY db_domainarea
    ADD CONSTRAINT db_domainarea_domainarea_uuid_key UNIQUE (domainarea_uuid);


--
-- Name: db_domainarea_pkey; Type: CONSTRAINT; Schema: public; Owner: -; Tablespace: 
--

ALTER TABLE ONLY db_domainarea
    ADD CONSTRAINT db_domainarea_pkey PRIMARY KEY (id);


--
-- Name: db_game_game_uuid_key; Type: CONSTRAINT; Schema: public; Owner: -; Tablespace: 
--

ALTER TABLE ONLY db_game
    ADD CONSTRAINT db_game_game_uuid_key UNIQUE (game_uuid);


--
-- Name: db_game_pkey; Type: CONSTRAINT; Schema: public; Owner: -; Tablespace: 
--

ALTER TABLE ONLY db_game
    ADD CONSTRAINT db_game_pkey PRIMARY KEY (id);


--
-- Name: db_gameplay_gameplay_uuid_key; Type: CONSTRAINT; Schema: public; Owner: -; Tablespace: 
--

ALTER TABLE ONLY db_gameplay
    ADD CONSTRAINT db_gameplay_gameplay_uuid_key UNIQUE (gameplay_uuid);


--
-- Name: db_gameplay_pkey; Type: CONSTRAINT; Schema: public; Owner: -; Tablespace: 
--

ALTER TABLE ONLY db_gameplay
    ADD CONSTRAINT db_gameplay_pkey PRIMARY KEY (id);


--
-- Name: db_gameroute_gameroute_uuid_key; Type: CONSTRAINT; Schema: public; Owner: -; Tablespace: 
--

ALTER TABLE ONLY db_gameroute
    ADD CONSTRAINT db_gameroute_gameroute_uuid_key UNIQUE (gameroute_uuid);


--
-- Name: db_gameroute_pkey; Type: CONSTRAINT; Schema: public; Owner: -; Tablespace: 
--

ALTER TABLE ONLY db_gameroute
    ADD CONSTRAINT db_gameroute_pkey PRIMARY KEY (id);


--
-- Name: db_gamescoring_pkey; Type: CONSTRAINT; Schema: public; Owner: -; Tablespace: 
--

ALTER TABLE ONLY db_gamescoring
    ADD CONSTRAINT db_gamescoring_pkey PRIMARY KEY (id);


--
-- Name: db_indicator_clusters_indicator_id_10039378f8971e02_uniq; Type: CONSTRAINT; Schema: public; Owner: -; Tablespace: 
--

ALTER TABLE ONLY db_indicator_clusters
    ADD CONSTRAINT db_indicator_clusters_indicator_id_10039378f8971e02_uniq UNIQUE (indicator_id, cluster_id);


--
-- Name: db_indicator_clusters_pkey; Type: CONSTRAINT; Schema: public; Owner: -; Tablespace: 
--

ALTER TABLE ONLY db_indicator_clusters
    ADD CONSTRAINT db_indicator_clusters_pkey PRIMARY KEY (id);


--
-- Name: db_indicator_indicator_uuid_key; Type: CONSTRAINT; Schema: public; Owner: -; Tablespace: 
--

ALTER TABLE ONLY db_indicator
    ADD CONSTRAINT db_indicator_indicator_uuid_key UNIQUE (indicator_uuid);


--
-- Name: db_indicator_pkey; Type: CONSTRAINT; Schema: public; Owner: -; Tablespace: 
--

ALTER TABLE ONLY db_indicator
    ADD CONSTRAINT db_indicator_pkey PRIMARY KEY (id);


--
-- Name: db_multipleintelligence_multipleintelligence_uuid_key; Type: CONSTRAINT; Schema: public; Owner: -; Tablespace: 
--

ALTER TABLE ONLY db_multipleintelligence
    ADD CONSTRAINT db_multipleintelligence_multipleintelligence_uuid_key UNIQUE (multipleintelligence_uuid);


--
-- Name: db_multipleintelligence_pkey; Type: CONSTRAINT; Schema: public; Owner: -; Tablespace: 
--

ALTER TABLE ONLY db_multipleintelligence
    ADD CONSTRAINT db_multipleintelligence_pkey PRIMARY KEY (id);


--
-- Name: db_player_pkey; Type: CONSTRAINT; Schema: public; Owner: -; Tablespace: 
--

ALTER TABLE ONLY db_player
    ADD CONSTRAINT db_player_pkey PRIMARY KEY (id);


--
-- Name: db_player_player_uuid_key; Type: CONSTRAINT; Schema: public; Owner: -; Tablespace: 
--

ALTER TABLE ONLY db_player
    ADD CONSTRAINT db_player_player_uuid_key UNIQUE (player_uuid);


--
-- Name: db_rawdata_pkey; Type: CONSTRAINT; Schema: public; Owner: -; Tablespace: 
--

ALTER TABLE ONLY db_rawdata
    ADD CONSTRAINT db_rawdata_pkey PRIMARY KEY (id);


--
-- Name: db_rawdata_rawdata_uuid_key; Type: CONSTRAINT; Schema: public; Owner: -; Tablespace: 
--

ALTER TABLE ONLY db_rawdata
    ADD CONSTRAINT db_rawdata_rawdata_uuid_key UNIQUE (rawdata_uuid);


--
-- Name: db_score_pkey; Type: CONSTRAINT; Schema: public; Owner: -; Tablespace: 
--

ALTER TABLE ONLY db_score
    ADD CONSTRAINT db_score_pkey PRIMARY KEY (id);


--
-- Name: db_screenplay_pkey; Type: CONSTRAINT; Schema: public; Owner: -; Tablespace: 
--

ALTER TABLE ONLY db_screenplay
    ADD CONSTRAINT db_screenplay_pkey PRIMARY KEY (id);


--
-- Name: db_screenplay_screenplay_uuid_key; Type: CONSTRAINT; Schema: public; Owner: -; Tablespace: 
--

ALTER TABLE ONLY db_screenplay
    ADD CONSTRAINT db_screenplay_screenplay_uuid_key UNIQUE (screenplay_uuid);


--
-- Name: db_userprofile_pkey; Type: CONSTRAINT; Schema: public; Owner: -; Tablespace: 
--

ALTER TABLE ONLY db_userprofile
    ADD CONSTRAINT db_userprofile_pkey PRIMARY KEY (id);


--
-- Name: db_userprofile_user_id_key; Type: CONSTRAINT; Schema: public; Owner: -; Tablespace: 
--

ALTER TABLE ONLY db_userprofile
    ADD CONSTRAINT db_userprofile_user_id_key UNIQUE (user_id);


--
-- Name: db_userprofile_userprofile_uuid_key; Type: CONSTRAINT; Schema: public; Owner: -; Tablespace: 
--

ALTER TABLE ONLY db_userprofile
    ADD CONSTRAINT db_userprofile_userprofile_uuid_key UNIQUE (userprofile_uuid);


--
-- Name: django_admin_log_pkey; Type: CONSTRAINT; Schema: public; Owner: -; Tablespace: 
--

ALTER TABLE ONLY django_admin_log
    ADD CONSTRAINT django_admin_log_pkey PRIMARY KEY (id);


--
-- Name: django_comment_flags_pkey; Type: CONSTRAINT; Schema: public; Owner: -; Tablespace: 
--

ALTER TABLE ONLY django_comment_flags
    ADD CONSTRAINT django_comment_flags_pkey PRIMARY KEY (id);


--
-- Name: django_comment_flags_user_id_comment_id_flag_key; Type: CONSTRAINT; Schema: public; Owner: -; Tablespace: 
--

ALTER TABLE ONLY django_comment_flags
    ADD CONSTRAINT django_comment_flags_user_id_comment_id_flag_key UNIQUE (user_id, comment_id, flag);


--
-- Name: django_comments_pkey; Type: CONSTRAINT; Schema: public; Owner: -; Tablespace: 
--

ALTER TABLE ONLY django_comments
    ADD CONSTRAINT django_comments_pkey PRIMARY KEY (id);


--
-- Name: django_content_type_app_label_model_key; Type: CONSTRAINT; Schema: public; Owner: -; Tablespace: 
--

ALTER TABLE ONLY django_content_type
    ADD CONSTRAINT django_content_type_app_label_model_key UNIQUE (app_label, model);


--
-- Name: django_content_type_pkey; Type: CONSTRAINT; Schema: public; Owner: -; Tablespace: 
--

ALTER TABLE ONLY django_content_type
    ADD CONSTRAINT django_content_type_pkey PRIMARY KEY (id);


--
-- Name: django_session_pkey; Type: CONSTRAINT; Schema: public; Owner: -; Tablespace: 
--

ALTER TABLE ONLY django_session
    ADD CONSTRAINT django_session_pkey PRIMARY KEY (session_key);


--
-- Name: django_site_pkey; Type: CONSTRAINT; Schema: public; Owner: -; Tablespace: 
--

ALTER TABLE ONLY django_site
    ADD CONSTRAINT django_site_pkey PRIMARY KEY (id);


--
-- Name: menus_cachekey_pkey; Type: CONSTRAINT; Schema: public; Owner: -; Tablespace: 
--

ALTER TABLE ONLY menus_cachekey
    ADD CONSTRAINT menus_cachekey_pkey PRIMARY KEY (id);


--
-- Name: newsletter_article_pkey; Type: CONSTRAINT; Schema: public; Owner: -; Tablespace: 
--

ALTER TABLE ONLY newsletter_article
    ADD CONSTRAINT newsletter_article_pkey PRIMARY KEY (id);


--
-- Name: newsletter_emailtemplate_pkey; Type: CONSTRAINT; Schema: public; Owner: -; Tablespace: 
--

ALTER TABLE ONLY newsletter_emailtemplate
    ADD CONSTRAINT newsletter_emailtemplate_pkey PRIMARY KEY (id);


--
-- Name: newsletter_emailtemplate_title_action_key; Type: CONSTRAINT; Schema: public; Owner: -; Tablespace: 
--

ALTER TABLE ONLY newsletter_emailtemplate
    ADD CONSTRAINT newsletter_emailtemplate_title_action_key UNIQUE (title, action);


--
-- Name: newsletter_message_pkey; Type: CONSTRAINT; Schema: public; Owner: -; Tablespace: 
--

ALTER TABLE ONLY newsletter_message
    ADD CONSTRAINT newsletter_message_pkey PRIMARY KEY (id);


--
-- Name: newsletter_message_slug_newsletter_id_key; Type: CONSTRAINT; Schema: public; Owner: -; Tablespace: 
--

ALTER TABLE ONLY newsletter_message
    ADD CONSTRAINT newsletter_message_slug_newsletter_id_key UNIQUE (slug, newsletter_id);


--
-- Name: newsletter_newsletter_pkey; Type: CONSTRAINT; Schema: public; Owner: -; Tablespace: 
--

ALTER TABLE ONLY newsletter_newsletter
    ADD CONSTRAINT newsletter_newsletter_pkey PRIMARY KEY (id);


--
-- Name: newsletter_newsletter_site_newsletter_id_site_id_key; Type: CONSTRAINT; Schema: public; Owner: -; Tablespace: 
--

ALTER TABLE ONLY newsletter_newsletter_site
    ADD CONSTRAINT newsletter_newsletter_site_newsletter_id_site_id_key UNIQUE (newsletter_id, site_id);


--
-- Name: newsletter_newsletter_site_pkey; Type: CONSTRAINT; Schema: public; Owner: -; Tablespace: 
--

ALTER TABLE ONLY newsletter_newsletter_site
    ADD CONSTRAINT newsletter_newsletter_site_pkey PRIMARY KEY (id);


--
-- Name: newsletter_newsletter_slug_key; Type: CONSTRAINT; Schema: public; Owner: -; Tablespace: 
--

ALTER TABLE ONLY newsletter_newsletter
    ADD CONSTRAINT newsletter_newsletter_slug_key UNIQUE (slug);


--
-- Name: newsletter_submission_pkey; Type: CONSTRAINT; Schema: public; Owner: -; Tablespace: 
--

ALTER TABLE ONLY newsletter_submission
    ADD CONSTRAINT newsletter_submission_pkey PRIMARY KEY (id);


--
-- Name: newsletter_submission_subscri_submission_id_subscription_id_key; Type: CONSTRAINT; Schema: public; Owner: -; Tablespace: 
--

ALTER TABLE ONLY newsletter_submission_subscriptions
    ADD CONSTRAINT newsletter_submission_subscri_submission_id_subscription_id_key UNIQUE (submission_id, subscription_id);


--
-- Name: newsletter_submission_subscriptions_pkey; Type: CONSTRAINT; Schema: public; Owner: -; Tablespace: 
--

ALTER TABLE ONLY newsletter_submission_subscriptions
    ADD CONSTRAINT newsletter_submission_subscriptions_pkey PRIMARY KEY (id);


--
-- Name: newsletter_subscription_pkey; Type: CONSTRAINT; Schema: public; Owner: -; Tablespace: 
--

ALTER TABLE ONLY newsletter_subscription
    ADD CONSTRAINT newsletter_subscription_pkey PRIMARY KEY (id);


--
-- Name: newsletter_subscription_user_id_email_newsletter_id_key; Type: CONSTRAINT; Schema: public; Owner: -; Tablespace: 
--

ALTER TABLE ONLY newsletter_subscription
    ADD CONSTRAINT newsletter_subscription_user_id_email_newsletter_id_key UNIQUE (user_id, email, newsletter_id);


--
-- Name: registration_registrationprofile_pkey; Type: CONSTRAINT; Schema: public; Owner: -; Tablespace: 
--

ALTER TABLE ONLY registration_registrationprofile
    ADD CONSTRAINT registration_registrationprofile_pkey PRIMARY KEY (id);


--
-- Name: registration_registrationprofile_user_id_key; Type: CONSTRAINT; Schema: public; Owner: -; Tablespace: 
--

ALTER TABLE ONLY registration_registrationprofile
    ADD CONSTRAINT registration_registrationprofile_user_id_key UNIQUE (user_id);


--
-- Name: south_migrationhistory_pkey; Type: CONSTRAINT; Schema: public; Owner: -; Tablespace: 
--

ALTER TABLE ONLY south_migrationhistory
    ADD CONSTRAINT south_migrationhistory_pkey PRIMARY KEY (id);


--
-- Name: tagging_tag_name_key; Type: CONSTRAINT; Schema: public; Owner: -; Tablespace: 
--

ALTER TABLE ONLY tagging_tag
    ADD CONSTRAINT tagging_tag_name_key UNIQUE (name);


--
-- Name: tagging_tag_pkey; Type: CONSTRAINT; Schema: public; Owner: -; Tablespace: 
--

ALTER TABLE ONLY tagging_tag
    ADD CONSTRAINT tagging_tag_pkey PRIMARY KEY (id);


--
-- Name: tagging_taggeditem_pkey; Type: CONSTRAINT; Schema: public; Owner: -; Tablespace: 
--

ALTER TABLE ONLY tagging_taggeditem
    ADD CONSTRAINT tagging_taggeditem_pkey PRIMARY KEY (id);


--
-- Name: tagging_taggeditem_tag_id_content_type_id_object_id_key; Type: CONSTRAINT; Schema: public; Owner: -; Tablespace: 
--

ALTER TABLE ONLY tagging_taggeditem
    ADD CONSTRAINT tagging_taggeditem_tag_id_content_type_id_object_id_key UNIQUE (tag_id, content_type_id, object_id);


--
-- Name: tastypie_apiaccess_pkey; Type: CONSTRAINT; Schema: public; Owner: -; Tablespace: 
--

ALTER TABLE ONLY tastypie_apiaccess
    ADD CONSTRAINT tastypie_apiaccess_pkey PRIMARY KEY (id);


--
-- Name: tastypie_apikey_pkey; Type: CONSTRAINT; Schema: public; Owner: -; Tablespace: 
--

ALTER TABLE ONLY tastypie_apikey
    ADD CONSTRAINT tastypie_apikey_pkey PRIMARY KEY (id);


--
-- Name: tastypie_apikey_user_id_key; Type: CONSTRAINT; Schema: public; Owner: -; Tablespace: 
--

ALTER TABLE ONLY tastypie_apikey
    ADD CONSTRAINT tastypie_apikey_user_id_key UNIQUE (user_id);


--
-- Name: zinnia_category_pkey; Type: CONSTRAINT; Schema: public; Owner: -; Tablespace: 
--

ALTER TABLE ONLY zinnia_category
    ADD CONSTRAINT zinnia_category_pkey PRIMARY KEY (id);


--
-- Name: zinnia_category_slug_key; Type: CONSTRAINT; Schema: public; Owner: -; Tablespace: 
--

ALTER TABLE ONLY zinnia_category
    ADD CONSTRAINT zinnia_category_slug_key UNIQUE (slug);


--
-- Name: zinnia_entry_authors_entry_id_user_id_key; Type: CONSTRAINT; Schema: public; Owner: -; Tablespace: 
--

ALTER TABLE ONLY zinnia_entry_authors
    ADD CONSTRAINT zinnia_entry_authors_entry_id_user_id_key UNIQUE (entry_id, user_id);


--
-- Name: zinnia_entry_authors_pkey; Type: CONSTRAINT; Schema: public; Owner: -; Tablespace: 
--

ALTER TABLE ONLY zinnia_entry_authors
    ADD CONSTRAINT zinnia_entry_authors_pkey PRIMARY KEY (id);


--
-- Name: zinnia_entry_categories_entry_id_category_id_key; Type: CONSTRAINT; Schema: public; Owner: -; Tablespace: 
--

ALTER TABLE ONLY zinnia_entry_categories
    ADD CONSTRAINT zinnia_entry_categories_entry_id_category_id_key UNIQUE (entry_id, category_id);


--
-- Name: zinnia_entry_categories_pkey; Type: CONSTRAINT; Schema: public; Owner: -; Tablespace: 
--

ALTER TABLE ONLY zinnia_entry_categories
    ADD CONSTRAINT zinnia_entry_categories_pkey PRIMARY KEY (id);


--
-- Name: zinnia_entry_pkey; Type: CONSTRAINT; Schema: public; Owner: -; Tablespace: 
--

ALTER TABLE ONLY zinnia_entry
    ADD CONSTRAINT zinnia_entry_pkey PRIMARY KEY (id);


--
-- Name: zinnia_entry_related_from_entry_id_to_entry_id_key; Type: CONSTRAINT; Schema: public; Owner: -; Tablespace: 
--

ALTER TABLE ONLY zinnia_entry_related
    ADD CONSTRAINT zinnia_entry_related_from_entry_id_to_entry_id_key UNIQUE (from_entry_id, to_entry_id);


--
-- Name: zinnia_entry_related_pkey; Type: CONSTRAINT; Schema: public; Owner: -; Tablespace: 
--

ALTER TABLE ONLY zinnia_entry_related
    ADD CONSTRAINT zinnia_entry_related_pkey PRIMARY KEY (id);


--
-- Name: zinnia_entry_sites_entry_id_site_id_key; Type: CONSTRAINT; Schema: public; Owner: -; Tablespace: 
--

ALTER TABLE ONLY zinnia_entry_sites
    ADD CONSTRAINT zinnia_entry_sites_entry_id_site_id_key UNIQUE (entry_id, site_id);


--
-- Name: zinnia_entry_sites_pkey; Type: CONSTRAINT; Schema: public; Owner: -; Tablespace: 
--

ALTER TABLE ONLY zinnia_entry_sites
    ADD CONSTRAINT zinnia_entry_sites_pkey PRIMARY KEY (id);


--
-- Name: auth_group_permissions_group_id; Type: INDEX; Schema: public; Owner: -; Tablespace: 
--

CREATE INDEX auth_group_permissions_group_id ON auth_group_permissions USING btree (group_id);


--
-- Name: auth_group_permissions_permission_id; Type: INDEX; Schema: public; Owner: -; Tablespace: 
--

CREATE INDEX auth_group_permissions_permission_id ON auth_group_permissions USING btree (permission_id);


--
-- Name: auth_permission_content_type_id; Type: INDEX; Schema: public; Owner: -; Tablespace: 
--

CREATE INDEX auth_permission_content_type_id ON auth_permission USING btree (content_type_id);


--
-- Name: auth_user_groups_group_id; Type: INDEX; Schema: public; Owner: -; Tablespace: 
--

CREATE INDEX auth_user_groups_group_id ON auth_user_groups USING btree (group_id);


--
-- Name: auth_user_groups_user_id; Type: INDEX; Schema: public; Owner: -; Tablespace: 
--

CREATE INDEX auth_user_groups_user_id ON auth_user_groups USING btree (user_id);


--
-- Name: auth_user_user_permissions_permission_id; Type: INDEX; Schema: public; Owner: -; Tablespace: 
--

CREATE INDEX auth_user_user_permissions_permission_id ON auth_user_user_permissions USING btree (permission_id);


--
-- Name: auth_user_user_permissions_user_id; Type: INDEX; Schema: public; Owner: -; Tablespace: 
--

CREATE INDEX auth_user_user_permissions_user_id ON auth_user_user_permissions USING btree (user_id);


--
-- Name: cms_cmsplugin_language; Type: INDEX; Schema: public; Owner: -; Tablespace: 
--

CREATE INDEX cms_cmsplugin_language ON cms_cmsplugin USING btree (language);


--
-- Name: cms_cmsplugin_language_like; Type: INDEX; Schema: public; Owner: -; Tablespace: 
--

CREATE INDEX cms_cmsplugin_language_like ON cms_cmsplugin USING btree (language varchar_pattern_ops);


--
-- Name: cms_cmsplugin_level; Type: INDEX; Schema: public; Owner: -; Tablespace: 
--

CREATE INDEX cms_cmsplugin_level ON cms_cmsplugin USING btree (level);


--
-- Name: cms_cmsplugin_lft; Type: INDEX; Schema: public; Owner: -; Tablespace: 
--

CREATE INDEX cms_cmsplugin_lft ON cms_cmsplugin USING btree (lft);


--
-- Name: cms_cmsplugin_parent_id; Type: INDEX; Schema: public; Owner: -; Tablespace: 
--

CREATE INDEX cms_cmsplugin_parent_id ON cms_cmsplugin USING btree (parent_id);


--
-- Name: cms_cmsplugin_placeholder_id; Type: INDEX; Schema: public; Owner: -; Tablespace: 
--

CREATE INDEX cms_cmsplugin_placeholder_id ON cms_cmsplugin USING btree (placeholder_id);


--
-- Name: cms_cmsplugin_plugin_type; Type: INDEX; Schema: public; Owner: -; Tablespace: 
--

CREATE INDEX cms_cmsplugin_plugin_type ON cms_cmsplugin USING btree (plugin_type);


--
-- Name: cms_cmsplugin_plugin_type_like; Type: INDEX; Schema: public; Owner: -; Tablespace: 
--

CREATE INDEX cms_cmsplugin_plugin_type_like ON cms_cmsplugin USING btree (plugin_type varchar_pattern_ops);


--
-- Name: cms_cmsplugin_rght; Type: INDEX; Schema: public; Owner: -; Tablespace: 
--

CREATE INDEX cms_cmsplugin_rght ON cms_cmsplugin USING btree (rght);


--
-- Name: cms_cmsplugin_tree_id; Type: INDEX; Schema: public; Owner: -; Tablespace: 
--

CREATE INDEX cms_cmsplugin_tree_id ON cms_cmsplugin USING btree (tree_id);


--
-- Name: cms_globalpagepermission_group_id; Type: INDEX; Schema: public; Owner: -; Tablespace: 
--

CREATE INDEX cms_globalpagepermission_group_id ON cms_globalpagepermission USING btree (group_id);


--
-- Name: cms_globalpagepermission_sites_globalpagepermission_id; Type: INDEX; Schema: public; Owner: -; Tablespace: 
--

CREATE INDEX cms_globalpagepermission_sites_globalpagepermission_id ON cms_globalpagepermission_sites USING btree (globalpagepermission_id);


--
-- Name: cms_globalpagepermission_sites_site_id; Type: INDEX; Schema: public; Owner: -; Tablespace: 
--

CREATE INDEX cms_globalpagepermission_sites_site_id ON cms_globalpagepermission_sites USING btree (site_id);


--
-- Name: cms_globalpagepermission_user_id; Type: INDEX; Schema: public; Owner: -; Tablespace: 
--

CREATE INDEX cms_globalpagepermission_user_id ON cms_globalpagepermission USING btree (user_id);


--
-- Name: cms_page_in_navigation; Type: INDEX; Schema: public; Owner: -; Tablespace: 
--

CREATE INDEX cms_page_in_navigation ON cms_page USING btree (in_navigation);


--
-- Name: cms_page_level; Type: INDEX; Schema: public; Owner: -; Tablespace: 
--

CREATE INDEX cms_page_level ON cms_page USING btree (level);


--
-- Name: cms_page_lft; Type: INDEX; Schema: public; Owner: -; Tablespace: 
--

CREATE INDEX cms_page_lft ON cms_page USING btree (lft);


--
-- Name: cms_page_limit_visibility_in_menu; Type: INDEX; Schema: public; Owner: -; Tablespace: 
--

CREATE INDEX cms_page_limit_visibility_in_menu ON cms_page USING btree (limit_visibility_in_menu);


--
-- Name: cms_page_navigation_extenders; Type: INDEX; Schema: public; Owner: -; Tablespace: 
--

CREATE INDEX cms_page_navigation_extenders ON cms_page USING btree (navigation_extenders);


--
-- Name: cms_page_navigation_extenders_like; Type: INDEX; Schema: public; Owner: -; Tablespace: 
--

CREATE INDEX cms_page_navigation_extenders_like ON cms_page USING btree (navigation_extenders varchar_pattern_ops);


--
-- Name: cms_page_parent_id; Type: INDEX; Schema: public; Owner: -; Tablespace: 
--

CREATE INDEX cms_page_parent_id ON cms_page USING btree (parent_id);


--
-- Name: cms_page_placeholders_page_id; Type: INDEX; Schema: public; Owner: -; Tablespace: 
--

CREATE INDEX cms_page_placeholders_page_id ON cms_page_placeholders USING btree (page_id);


--
-- Name: cms_page_placeholders_placeholder_id; Type: INDEX; Schema: public; Owner: -; Tablespace: 
--

CREATE INDEX cms_page_placeholders_placeholder_id ON cms_page_placeholders USING btree (placeholder_id);


--
-- Name: cms_page_publication_date; Type: INDEX; Schema: public; Owner: -; Tablespace: 
--

CREATE INDEX cms_page_publication_date ON cms_page USING btree (publication_date);


--
-- Name: cms_page_publication_end_date; Type: INDEX; Schema: public; Owner: -; Tablespace: 
--

CREATE INDEX cms_page_publication_end_date ON cms_page USING btree (publication_end_date);


--
-- Name: cms_page_publisher_is_draft; Type: INDEX; Schema: public; Owner: -; Tablespace: 
--

CREATE INDEX cms_page_publisher_is_draft ON cms_page USING btree (publisher_is_draft);


--
-- Name: cms_page_publisher_state; Type: INDEX; Schema: public; Owner: -; Tablespace: 
--

CREATE INDEX cms_page_publisher_state ON cms_page USING btree (publisher_state);


--
-- Name: cms_page_reverse_id; Type: INDEX; Schema: public; Owner: -; Tablespace: 
--

CREATE INDEX cms_page_reverse_id ON cms_page USING btree (reverse_id);


--
-- Name: cms_page_reverse_id_like; Type: INDEX; Schema: public; Owner: -; Tablespace: 
--

CREATE INDEX cms_page_reverse_id_like ON cms_page USING btree (reverse_id varchar_pattern_ops);


--
-- Name: cms_page_rght; Type: INDEX; Schema: public; Owner: -; Tablespace: 
--

CREATE INDEX cms_page_rght ON cms_page USING btree (rght);


--
-- Name: cms_page_site_id; Type: INDEX; Schema: public; Owner: -; Tablespace: 
--

CREATE INDEX cms_page_site_id ON cms_page USING btree (site_id);


--
-- Name: cms_page_soft_root; Type: INDEX; Schema: public; Owner: -; Tablespace: 
--

CREATE INDEX cms_page_soft_root ON cms_page USING btree (soft_root);


--
-- Name: cms_page_tree_id; Type: INDEX; Schema: public; Owner: -; Tablespace: 
--

CREATE INDEX cms_page_tree_id ON cms_page USING btree (tree_id);


--
-- Name: cms_pagemoderator_page_id; Type: INDEX; Schema: public; Owner: -; Tablespace: 
--

CREATE INDEX cms_pagemoderator_page_id ON cms_pagemoderator USING btree (page_id);


--
-- Name: cms_pagemoderator_user_id; Type: INDEX; Schema: public; Owner: -; Tablespace: 
--

CREATE INDEX cms_pagemoderator_user_id ON cms_pagemoderator USING btree (user_id);


--
-- Name: cms_pagemoderatorstate_page_id; Type: INDEX; Schema: public; Owner: -; Tablespace: 
--

CREATE INDEX cms_pagemoderatorstate_page_id ON cms_pagemoderatorstate USING btree (page_id);


--
-- Name: cms_pagemoderatorstate_user_id; Type: INDEX; Schema: public; Owner: -; Tablespace: 
--

CREATE INDEX cms_pagemoderatorstate_user_id ON cms_pagemoderatorstate USING btree (user_id);


--
-- Name: cms_pagepermission_group_id; Type: INDEX; Schema: public; Owner: -; Tablespace: 
--

CREATE INDEX cms_pagepermission_group_id ON cms_pagepermission USING btree (group_id);


--
-- Name: cms_pagepermission_page_id; Type: INDEX; Schema: public; Owner: -; Tablespace: 
--

CREATE INDEX cms_pagepermission_page_id ON cms_pagepermission USING btree (page_id);


--
-- Name: cms_pagepermission_user_id; Type: INDEX; Schema: public; Owner: -; Tablespace: 
--

CREATE INDEX cms_pagepermission_user_id ON cms_pagepermission USING btree (user_id);


--
-- Name: cms_pageuser_created_by_id; Type: INDEX; Schema: public; Owner: -; Tablespace: 
--

CREATE INDEX cms_pageuser_created_by_id ON cms_pageuser USING btree (created_by_id);


--
-- Name: cms_pageusergroup_created_by_id; Type: INDEX; Schema: public; Owner: -; Tablespace: 
--

CREATE INDEX cms_pageusergroup_created_by_id ON cms_pageusergroup USING btree (created_by_id);


--
-- Name: cms_placeholder_slot; Type: INDEX; Schema: public; Owner: -; Tablespace: 
--

CREATE INDEX cms_placeholder_slot ON cms_placeholder USING btree (slot);


--
-- Name: cms_placeholder_slot_like; Type: INDEX; Schema: public; Owner: -; Tablespace: 
--

CREATE INDEX cms_placeholder_slot_like ON cms_placeholder USING btree (slot varchar_pattern_ops);


--
-- Name: cms_title_application_urls; Type: INDEX; Schema: public; Owner: -; Tablespace: 
--

CREATE INDEX cms_title_application_urls ON cms_title USING btree (application_urls);


--
-- Name: cms_title_application_urls_like; Type: INDEX; Schema: public; Owner: -; Tablespace: 
--

CREATE INDEX cms_title_application_urls_like ON cms_title USING btree (application_urls varchar_pattern_ops);


--
-- Name: cms_title_has_url_overwrite; Type: INDEX; Schema: public; Owner: -; Tablespace: 
--

CREATE INDEX cms_title_has_url_overwrite ON cms_title USING btree (has_url_overwrite);


--
-- Name: cms_title_language; Type: INDEX; Schema: public; Owner: -; Tablespace: 
--

CREATE INDEX cms_title_language ON cms_title USING btree (language);


--
-- Name: cms_title_language_like; Type: INDEX; Schema: public; Owner: -; Tablespace: 
--

CREATE INDEX cms_title_language_like ON cms_title USING btree (language varchar_pattern_ops);


--
-- Name: cms_title_page_id; Type: INDEX; Schema: public; Owner: -; Tablespace: 
--

CREATE INDEX cms_title_page_id ON cms_title USING btree (page_id);


--
-- Name: cms_title_path; Type: INDEX; Schema: public; Owner: -; Tablespace: 
--

CREATE INDEX cms_title_path ON cms_title USING btree (path);


--
-- Name: cms_title_path_like; Type: INDEX; Schema: public; Owner: -; Tablespace: 
--

CREATE INDEX cms_title_path_like ON cms_title USING btree (path varchar_pattern_ops);


--
-- Name: cms_title_slug; Type: INDEX; Schema: public; Owner: -; Tablespace: 
--

CREATE INDEX cms_title_slug ON cms_title USING btree (slug);


--
-- Name: cms_title_slug_like; Type: INDEX; Schema: public; Owner: -; Tablespace: 
--

CREATE INDEX cms_title_slug_like ON cms_title USING btree (slug varchar_pattern_ops);


--
-- Name: cmsplugin_link_page_link_id; Type: INDEX; Schema: public; Owner: -; Tablespace: 
--

CREATE INDEX cmsplugin_link_page_link_id ON cmsplugin_link USING btree (page_link_id);


--
-- Name: cmsplugin_picture_page_link_id; Type: INDEX; Schema: public; Owner: -; Tablespace: 
--

CREATE INDEX cmsplugin_picture_page_link_id ON cmsplugin_picture USING btree (page_link_id);


--
-- Name: cmsplugin_zinnia_latestentriesplugin_authors_latestentriesp61b2; Type: INDEX; Schema: public; Owner: -; Tablespace: 
--

CREATE INDEX cmsplugin_zinnia_latestentriesplugin_authors_latestentriesp61b2 ON cmsplugin_zinnia_latestentriesplugin_authors USING btree (latestentriesplugin_id);


--
-- Name: cmsplugin_zinnia_latestentriesplugin_authors_user_id; Type: INDEX; Schema: public; Owner: -; Tablespace: 
--

CREATE INDEX cmsplugin_zinnia_latestentriesplugin_authors_user_id ON cmsplugin_zinnia_latestentriesplugin_authors USING btree (user_id);


--
-- Name: cmsplugin_zinnia_latestentriesplugin_categories_category_id; Type: INDEX; Schema: public; Owner: -; Tablespace: 
--

CREATE INDEX cmsplugin_zinnia_latestentriesplugin_categories_category_id ON cmsplugin_zinnia_latestentriesplugin_categories USING btree (category_id);


--
-- Name: cmsplugin_zinnia_latestentriesplugin_categories_latestentri1d11; Type: INDEX; Schema: public; Owner: -; Tablespace: 
--

CREATE INDEX cmsplugin_zinnia_latestentriesplugin_categories_latestentri1d11 ON cmsplugin_zinnia_latestentriesplugin_categories USING btree (latestentriesplugin_id);


--
-- Name: cmsplugin_zinnia_latestentriesplugin_tags_latestentriesplug2872; Type: INDEX; Schema: public; Owner: -; Tablespace: 
--

CREATE INDEX cmsplugin_zinnia_latestentriesplugin_tags_latestentriesplug2872 ON cmsplugin_zinnia_latestentriesplugin_tags USING btree (latestentriesplugin_id);


--
-- Name: cmsplugin_zinnia_latestentriesplugin_tags_tag_id; Type: INDEX; Schema: public; Owner: -; Tablespace: 
--

CREATE INDEX cmsplugin_zinnia_latestentriesplugin_tags_tag_id ON cmsplugin_zinnia_latestentriesplugin_tags USING btree (tag_id);


--
-- Name: cmsplugin_zinnia_selectedentriesplugin_entries_entry_id; Type: INDEX; Schema: public; Owner: -; Tablespace: 
--

CREATE INDEX cmsplugin_zinnia_selectedentriesplugin_entries_entry_id ON cmsplugin_zinnia_selectedentriesplugin_entries USING btree (entry_id);


--
-- Name: cmsplugin_zinnia_selectedentriesplugin_entries_selectedentr6604; Type: INDEX; Schema: public; Owner: -; Tablespace: 
--

CREATE INDEX cmsplugin_zinnia_selectedentriesplugin_entries_selectedentr6604 ON cmsplugin_zinnia_selectedentriesplugin_entries USING btree (selectedentriesplugin_id);


--
-- Name: db_chart_indicators_chart_id; Type: INDEX; Schema: public; Owner: -; Tablespace: 
--

CREATE INDEX db_chart_indicators_chart_id ON db_chart_indicators USING btree (chart_id);


--
-- Name: db_chart_indicators_indicator_id; Type: INDEX; Schema: public; Owner: -; Tablespace: 
--

CREATE INDEX db_chart_indicators_indicator_id ON db_chart_indicators USING btree (indicator_id);


--
-- Name: db_chart_player_id; Type: INDEX; Schema: public; Owner: -; Tablespace: 
--

CREATE INDEX db_chart_player_id ON db_chart USING btree (player_id);


--
-- Name: db_chart_title; Type: INDEX; Schema: public; Owner: -; Tablespace: 
--

CREATE INDEX db_chart_title ON db_chart USING btree (title);


--
-- Name: db_chart_title_es; Type: INDEX; Schema: public; Owner: -; Tablespace: 
--

CREATE INDEX db_chart_title_es ON db_chart USING btree (title_es);


--
-- Name: db_chart_title_es_like; Type: INDEX; Schema: public; Owner: -; Tablespace: 
--

CREATE INDEX db_chart_title_es_like ON db_chart USING btree (title_es varchar_pattern_ops);


--
-- Name: db_chart_title_like; Type: INDEX; Schema: public; Owner: -; Tablespace: 
--

CREATE INDEX db_chart_title_like ON db_chart USING btree (title varchar_pattern_ops);


--
-- Name: db_chart_type; Type: INDEX; Schema: public; Owner: -; Tablespace: 
--

CREATE INDEX db_chart_type ON db_chart USING btree (type);


--
-- Name: db_chart_type_like; Type: INDEX; Schema: public; Owner: -; Tablespace: 
--

CREATE INDEX db_chart_type_like ON db_chart USING btree (type varchar_pattern_ops);


--
-- Name: db_cluster_domain_areas_cluster_id; Type: INDEX; Schema: public; Owner: -; Tablespace: 
--

CREATE INDEX db_cluster_domain_areas_cluster_id ON db_cluster_domain_areas USING btree (cluster_id);


--
-- Name: db_cluster_domain_areas_domainarea_id; Type: INDEX; Schema: public; Owner: -; Tablespace: 
--

CREATE INDEX db_cluster_domain_areas_domainarea_id ON db_cluster_domain_areas USING btree (domainarea_id);


--
-- Name: db_cluster_name; Type: INDEX; Schema: public; Owner: -; Tablespace: 
--

CREATE INDEX db_cluster_name ON db_cluster USING btree (name);


--
-- Name: db_cluster_name_es; Type: INDEX; Schema: public; Owner: -; Tablespace: 
--

CREATE INDEX db_cluster_name_es ON db_cluster USING btree (name_es);


--
-- Name: db_cluster_name_es_like; Type: INDEX; Schema: public; Owner: -; Tablespace: 
--

CREATE INDEX db_cluster_name_es_like ON db_cluster USING btree (name_es varchar_pattern_ops);


--
-- Name: db_cluster_name_like; Type: INDEX; Schema: public; Owner: -; Tablespace: 
--

CREATE INDEX db_cluster_name_like ON db_cluster USING btree (name varchar_pattern_ops);


--
-- Name: db_cognitivearea_multiple_intelligences_cognitivearea_id; Type: INDEX; Schema: public; Owner: -; Tablespace: 
--

CREATE INDEX db_cognitivearea_multiple_intelligences_cognitivearea_id ON db_cognitivearea_multiple_intelligences USING btree (cognitivearea_id);


--
-- Name: db_cognitivearea_multiple_intelligences_multipleintelligence_id; Type: INDEX; Schema: public; Owner: -; Tablespace: 
--

CREATE INDEX db_cognitivearea_multiple_intelligences_multipleintelligence_id ON db_cognitivearea_multiple_intelligences USING btree (multipleintelligence_id);


--
-- Name: db_cognitivearea_name; Type: INDEX; Schema: public; Owner: -; Tablespace: 
--

CREATE INDEX db_cognitivearea_name ON db_cognitivearea USING btree (name);


--
-- Name: db_cognitivearea_name_es; Type: INDEX; Schema: public; Owner: -; Tablespace: 
--

CREATE INDEX db_cognitivearea_name_es ON db_cognitivearea USING btree (name_es);


--
-- Name: db_cognitivearea_name_es_like; Type: INDEX; Schema: public; Owner: -; Tablespace: 
--

CREATE INDEX db_cognitivearea_name_es_like ON db_cognitivearea USING btree (name_es varchar_pattern_ops);


--
-- Name: db_cognitivearea_name_like; Type: INDEX; Schema: public; Owner: -; Tablespace: 
--

CREATE INDEX db_cognitivearea_name_like ON db_cognitivearea USING btree (name varchar_pattern_ops);


--
-- Name: db_domainarea_cognitive_areas_cognitivearea_id; Type: INDEX; Schema: public; Owner: -; Tablespace: 
--

CREATE INDEX db_domainarea_cognitive_areas_cognitivearea_id ON db_domainarea_cognitive_areas USING btree (cognitivearea_id);


--
-- Name: db_domainarea_cognitive_areas_domainarea_id; Type: INDEX; Schema: public; Owner: -; Tablespace: 
--

CREATE INDEX db_domainarea_cognitive_areas_domainarea_id ON db_domainarea_cognitive_areas USING btree (domainarea_id);


--
-- Name: db_domainarea_name; Type: INDEX; Schema: public; Owner: -; Tablespace: 
--

CREATE INDEX db_domainarea_name ON db_domainarea USING btree (name);


--
-- Name: db_domainarea_name_es; Type: INDEX; Schema: public; Owner: -; Tablespace: 
--

CREATE INDEX db_domainarea_name_es ON db_domainarea USING btree (name_es);


--
-- Name: db_domainarea_name_es_like; Type: INDEX; Schema: public; Owner: -; Tablespace: 
--

CREATE INDEX db_domainarea_name_es_like ON db_domainarea USING btree (name_es varchar_pattern_ops);


--
-- Name: db_domainarea_name_like; Type: INDEX; Schema: public; Owner: -; Tablespace: 
--

CREATE INDEX db_domainarea_name_like ON db_domainarea USING btree (name varchar_pattern_ops);


--
-- Name: db_game_owner_id; Type: INDEX; Schema: public; Owner: -; Tablespace: 
--

CREATE INDEX db_game_owner_id ON db_game USING btree (owner_id);


--
-- Name: db_gameplay_game_id; Type: INDEX; Schema: public; Owner: -; Tablespace: 
--

CREATE INDEX db_gameplay_game_id ON db_gameplay USING btree (game_id);


--
-- Name: db_gameplay_player_id; Type: INDEX; Schema: public; Owner: -; Tablespace: 
--

CREATE INDEX db_gameplay_player_id ON db_gameplay USING btree (player_id);


--
-- Name: db_gameroute_game_play_id; Type: INDEX; Schema: public; Owner: -; Tablespace: 
--

CREATE INDEX db_gameroute_game_play_id ON db_gameroute USING btree (game_play_id);


--
-- Name: db_gameroute_order; Type: INDEX; Schema: public; Owner: -; Tablespace: 
--

CREATE INDEX db_gameroute_order ON db_gameroute USING btree ("order");


--
-- Name: db_gamescoring_game_id; Type: INDEX; Schema: public; Owner: -; Tablespace: 
--

CREATE INDEX db_gamescoring_game_id ON db_gamescoring USING btree (game_id);


--
-- Name: db_gamescoring_indicator_id; Type: INDEX; Schema: public; Owner: -; Tablespace: 
--

CREATE INDEX db_gamescoring_indicator_id ON db_gamescoring USING btree (indicator_id);


--
-- Name: db_indicator_clusters_cluster_id; Type: INDEX; Schema: public; Owner: -; Tablespace: 
--

CREATE INDEX db_indicator_clusters_cluster_id ON db_indicator_clusters USING btree (cluster_id);


--
-- Name: db_indicator_clusters_indicator_id; Type: INDEX; Schema: public; Owner: -; Tablespace: 
--

CREATE INDEX db_indicator_clusters_indicator_id ON db_indicator_clusters USING btree (indicator_id);


--
-- Name: db_indicator_name; Type: INDEX; Schema: public; Owner: -; Tablespace: 
--

CREATE INDEX db_indicator_name ON db_indicator USING btree (name);


--
-- Name: db_indicator_name_es; Type: INDEX; Schema: public; Owner: -; Tablespace: 
--

CREATE INDEX db_indicator_name_es ON db_indicator USING btree (name_es);


--
-- Name: db_indicator_name_es_like; Type: INDEX; Schema: public; Owner: -; Tablespace: 
--

CREATE INDEX db_indicator_name_es_like ON db_indicator USING btree (name_es varchar_pattern_ops);


--
-- Name: db_indicator_name_like; Type: INDEX; Schema: public; Owner: -; Tablespace: 
--

CREATE INDEX db_indicator_name_like ON db_indicator USING btree (name varchar_pattern_ops);


--
-- Name: db_multipleintelligence_name; Type: INDEX; Schema: public; Owner: -; Tablespace: 
--

CREATE INDEX db_multipleintelligence_name ON db_multipleintelligence USING btree (name);


--
-- Name: db_multipleintelligence_name_es; Type: INDEX; Schema: public; Owner: -; Tablespace: 
--

CREATE INDEX db_multipleintelligence_name_es ON db_multipleintelligence USING btree (name_es);


--
-- Name: db_multipleintelligence_name_es_like; Type: INDEX; Schema: public; Owner: -; Tablespace: 
--

CREATE INDEX db_multipleintelligence_name_es_like ON db_multipleintelligence USING btree (name_es varchar_pattern_ops);


--
-- Name: db_multipleintelligence_name_like; Type: INDEX; Schema: public; Owner: -; Tablespace: 
--

CREATE INDEX db_multipleintelligence_name_like ON db_multipleintelligence USING btree (name varchar_pattern_ops);


--
-- Name: db_player_user_profile_id; Type: INDEX; Schema: public; Owner: -; Tablespace: 
--

CREATE INDEX db_player_user_profile_id ON db_player USING btree (user_profile_id);


--
-- Name: db_rawdata_game_uuid; Type: INDEX; Schema: public; Owner: -; Tablespace: 
--

CREATE INDEX db_rawdata_game_uuid ON db_rawdata USING btree (game_uuid);


--
-- Name: db_rawdata_gameplay_uuid; Type: INDEX; Schema: public; Owner: -; Tablespace: 
--

CREATE INDEX db_rawdata_gameplay_uuid ON db_rawdata USING btree (gameplay_uuid);


--
-- Name: db_rawdata_gameroute_uuid; Type: INDEX; Schema: public; Owner: -; Tablespace: 
--

CREATE INDEX db_rawdata_gameroute_uuid ON db_rawdata USING btree (gameroute_uuid);


--
-- Name: db_rawdata_player_uuid; Type: INDEX; Schema: public; Owner: -; Tablespace: 
--

CREATE INDEX db_rawdata_player_uuid ON db_rawdata USING btree (player_uuid);


--
-- Name: db_rawdata_rawdata_uuid; Type: INDEX; Schema: public; Owner: -; Tablespace: 
--

CREATE INDEX db_rawdata_rawdata_uuid ON db_rawdata USING btree (rawdata_uuid);


--
-- Name: db_rawdata_screenplay_uuid; Type: INDEX; Schema: public; Owner: -; Tablespace: 
--

CREATE INDEX db_rawdata_screenplay_uuid ON db_rawdata USING btree (screenplay_uuid);


--
-- Name: db_score_game_route_id; Type: INDEX; Schema: public; Owner: -; Tablespace: 
--

CREATE INDEX db_score_game_route_id ON db_score USING btree (game_route_id);


--
-- Name: db_score_indicator_id; Type: INDEX; Schema: public; Owner: -; Tablespace: 
--

CREATE INDEX db_score_indicator_id ON db_score USING btree (indicator_id);


--
-- Name: db_screenplay_gameroute_id; Type: INDEX; Schema: public; Owner: -; Tablespace: 
--

CREATE INDEX db_screenplay_gameroute_id ON db_screenplay USING btree (gameroute_id);


--
-- Name: db_screenplay_level; Type: INDEX; Schema: public; Owner: -; Tablespace: 
--

CREATE INDEX db_screenplay_level ON db_screenplay USING btree (level);


--
-- Name: db_screenplay_order; Type: INDEX; Schema: public; Owner: -; Tablespace: 
--

CREATE INDEX db_screenplay_order ON db_screenplay USING btree ("order");


--
-- Name: django_admin_log_content_type_id; Type: INDEX; Schema: public; Owner: -; Tablespace: 
--

CREATE INDEX django_admin_log_content_type_id ON django_admin_log USING btree (content_type_id);


--
-- Name: django_admin_log_user_id; Type: INDEX; Schema: public; Owner: -; Tablespace: 
--

CREATE INDEX django_admin_log_user_id ON django_admin_log USING btree (user_id);


--
-- Name: django_comment_flags_comment_id; Type: INDEX; Schema: public; Owner: -; Tablespace: 
--

CREATE INDEX django_comment_flags_comment_id ON django_comment_flags USING btree (comment_id);


--
-- Name: django_comment_flags_flag; Type: INDEX; Schema: public; Owner: -; Tablespace: 
--

CREATE INDEX django_comment_flags_flag ON django_comment_flags USING btree (flag);


--
-- Name: django_comment_flags_flag_like; Type: INDEX; Schema: public; Owner: -; Tablespace: 
--

CREATE INDEX django_comment_flags_flag_like ON django_comment_flags USING btree (flag varchar_pattern_ops);


--
-- Name: django_comment_flags_user_id; Type: INDEX; Schema: public; Owner: -; Tablespace: 
--

CREATE INDEX django_comment_flags_user_id ON django_comment_flags USING btree (user_id);


--
-- Name: django_comments_content_type_id; Type: INDEX; Schema: public; Owner: -; Tablespace: 
--

CREATE INDEX django_comments_content_type_id ON django_comments USING btree (content_type_id);


--
-- Name: django_comments_site_id; Type: INDEX; Schema: public; Owner: -; Tablespace: 
--

CREATE INDEX django_comments_site_id ON django_comments USING btree (site_id);


--
-- Name: django_comments_user_id; Type: INDEX; Schema: public; Owner: -; Tablespace: 
--

CREATE INDEX django_comments_user_id ON django_comments USING btree (user_id);


--
-- Name: django_session_expire_date; Type: INDEX; Schema: public; Owner: -; Tablespace: 
--

CREATE INDEX django_session_expire_date ON django_session USING btree (expire_date);


--
-- Name: newsletter_article_post_id; Type: INDEX; Schema: public; Owner: -; Tablespace: 
--

CREATE INDEX newsletter_article_post_id ON newsletter_article USING btree (post_id);


--
-- Name: newsletter_article_sortorder; Type: INDEX; Schema: public; Owner: -; Tablespace: 
--

CREATE INDEX newsletter_article_sortorder ON newsletter_article USING btree (sortorder);


--
-- Name: newsletter_emailtemplate_action; Type: INDEX; Schema: public; Owner: -; Tablespace: 
--

CREATE INDEX newsletter_emailtemplate_action ON newsletter_emailtemplate USING btree (action);


--
-- Name: newsletter_emailtemplate_action_like; Type: INDEX; Schema: public; Owner: -; Tablespace: 
--

CREATE INDEX newsletter_emailtemplate_action_like ON newsletter_emailtemplate USING btree (action varchar_pattern_ops);


--
-- Name: newsletter_message_newsletter_id; Type: INDEX; Schema: public; Owner: -; Tablespace: 
--

CREATE INDEX newsletter_message_newsletter_id ON newsletter_message USING btree (newsletter_id);


--
-- Name: newsletter_message_slug; Type: INDEX; Schema: public; Owner: -; Tablespace: 
--

CREATE INDEX newsletter_message_slug ON newsletter_message USING btree (slug);


--
-- Name: newsletter_message_slug_like; Type: INDEX; Schema: public; Owner: -; Tablespace: 
--

CREATE INDEX newsletter_message_slug_like ON newsletter_message USING btree (slug varchar_pattern_ops);


--
-- Name: newsletter_newsletter_message_template_id; Type: INDEX; Schema: public; Owner: -; Tablespace: 
--

CREATE INDEX newsletter_newsletter_message_template_id ON newsletter_newsletter USING btree (message_template_id);


--
-- Name: newsletter_newsletter_site_newsletter_id; Type: INDEX; Schema: public; Owner: -; Tablespace: 
--

CREATE INDEX newsletter_newsletter_site_newsletter_id ON newsletter_newsletter_site USING btree (newsletter_id);


--
-- Name: newsletter_newsletter_site_site_id; Type: INDEX; Schema: public; Owner: -; Tablespace: 
--

CREATE INDEX newsletter_newsletter_site_site_id ON newsletter_newsletter_site USING btree (site_id);


--
-- Name: newsletter_newsletter_subscribe_template_id; Type: INDEX; Schema: public; Owner: -; Tablespace: 
--

CREATE INDEX newsletter_newsletter_subscribe_template_id ON newsletter_newsletter USING btree (subscribe_template_id);


--
-- Name: newsletter_newsletter_unsubscribe_template_id; Type: INDEX; Schema: public; Owner: -; Tablespace: 
--

CREATE INDEX newsletter_newsletter_unsubscribe_template_id ON newsletter_newsletter USING btree (unsubscribe_template_id);


--
-- Name: newsletter_newsletter_update_template_id; Type: INDEX; Schema: public; Owner: -; Tablespace: 
--

CREATE INDEX newsletter_newsletter_update_template_id ON newsletter_newsletter USING btree (update_template_id);


--
-- Name: newsletter_newsletter_visible; Type: INDEX; Schema: public; Owner: -; Tablespace: 
--

CREATE INDEX newsletter_newsletter_visible ON newsletter_newsletter USING btree (visible);


--
-- Name: newsletter_submission_message_id; Type: INDEX; Schema: public; Owner: -; Tablespace: 
--

CREATE INDEX newsletter_submission_message_id ON newsletter_submission USING btree (message_id);


--
-- Name: newsletter_submission_newsletter_id; Type: INDEX; Schema: public; Owner: -; Tablespace: 
--

CREATE INDEX newsletter_submission_newsletter_id ON newsletter_submission USING btree (newsletter_id);


--
-- Name: newsletter_submission_prepared; Type: INDEX; Schema: public; Owner: -; Tablespace: 
--

CREATE INDEX newsletter_submission_prepared ON newsletter_submission USING btree (prepared);


--
-- Name: newsletter_submission_publish; Type: INDEX; Schema: public; Owner: -; Tablespace: 
--

CREATE INDEX newsletter_submission_publish ON newsletter_submission USING btree (publish);


--
-- Name: newsletter_submission_publish_date; Type: INDEX; Schema: public; Owner: -; Tablespace: 
--

CREATE INDEX newsletter_submission_publish_date ON newsletter_submission USING btree (publish_date);


--
-- Name: newsletter_submission_sending; Type: INDEX; Schema: public; Owner: -; Tablespace: 
--

CREATE INDEX newsletter_submission_sending ON newsletter_submission USING btree (sending);


--
-- Name: newsletter_submission_sent; Type: INDEX; Schema: public; Owner: -; Tablespace: 
--

CREATE INDEX newsletter_submission_sent ON newsletter_submission USING btree (sent);


--
-- Name: newsletter_submission_subscriptions_submission_id; Type: INDEX; Schema: public; Owner: -; Tablespace: 
--

CREATE INDEX newsletter_submission_subscriptions_submission_id ON newsletter_submission_subscriptions USING btree (submission_id);


--
-- Name: newsletter_submission_subscriptions_subscription_id; Type: INDEX; Schema: public; Owner: -; Tablespace: 
--

CREATE INDEX newsletter_submission_subscriptions_subscription_id ON newsletter_submission_subscriptions USING btree (subscription_id);


--
-- Name: newsletter_subscription_email; Type: INDEX; Schema: public; Owner: -; Tablespace: 
--

CREATE INDEX newsletter_subscription_email ON newsletter_subscription USING btree (email);


--
-- Name: newsletter_subscription_email_like; Type: INDEX; Schema: public; Owner: -; Tablespace: 
--

CREATE INDEX newsletter_subscription_email_like ON newsletter_subscription USING btree (email varchar_pattern_ops);


--
-- Name: newsletter_subscription_newsletter_id; Type: INDEX; Schema: public; Owner: -; Tablespace: 
--

CREATE INDEX newsletter_subscription_newsletter_id ON newsletter_subscription USING btree (newsletter_id);


--
-- Name: newsletter_subscription_subscribed; Type: INDEX; Schema: public; Owner: -; Tablespace: 
--

CREATE INDEX newsletter_subscription_subscribed ON newsletter_subscription USING btree (subscribed);


--
-- Name: newsletter_subscription_unsubscribed; Type: INDEX; Schema: public; Owner: -; Tablespace: 
--

CREATE INDEX newsletter_subscription_unsubscribed ON newsletter_subscription USING btree (unsubscribed);


--
-- Name: newsletter_subscription_user_id; Type: INDEX; Schema: public; Owner: -; Tablespace: 
--

CREATE INDEX newsletter_subscription_user_id ON newsletter_subscription USING btree (user_id);


--
-- Name: tagging_taggeditem_content_type_id; Type: INDEX; Schema: public; Owner: -; Tablespace: 
--

CREATE INDEX tagging_taggeditem_content_type_id ON tagging_taggeditem USING btree (content_type_id);


--
-- Name: tagging_taggeditem_object_id; Type: INDEX; Schema: public; Owner: -; Tablespace: 
--

CREATE INDEX tagging_taggeditem_object_id ON tagging_taggeditem USING btree (object_id);


--
-- Name: tagging_taggeditem_tag_id; Type: INDEX; Schema: public; Owner: -; Tablespace: 
--

CREATE INDEX tagging_taggeditem_tag_id ON tagging_taggeditem USING btree (tag_id);


--
-- Name: zinnia_category_level; Type: INDEX; Schema: public; Owner: -; Tablespace: 
--

CREATE INDEX zinnia_category_level ON zinnia_category USING btree (level);


--
-- Name: zinnia_category_lft; Type: INDEX; Schema: public; Owner: -; Tablespace: 
--

CREATE INDEX zinnia_category_lft ON zinnia_category USING btree (lft);


--
-- Name: zinnia_category_parent_id; Type: INDEX; Schema: public; Owner: -; Tablespace: 
--

CREATE INDEX zinnia_category_parent_id ON zinnia_category USING btree (parent_id);


--
-- Name: zinnia_category_rght; Type: INDEX; Schema: public; Owner: -; Tablespace: 
--

CREATE INDEX zinnia_category_rght ON zinnia_category USING btree (rght);


--
-- Name: zinnia_category_tree_id; Type: INDEX; Schema: public; Owner: -; Tablespace: 
--

CREATE INDEX zinnia_category_tree_id ON zinnia_category USING btree (tree_id);


--
-- Name: zinnia_entry_authors_entry_id; Type: INDEX; Schema: public; Owner: -; Tablespace: 
--

CREATE INDEX zinnia_entry_authors_entry_id ON zinnia_entry_authors USING btree (entry_id);


--
-- Name: zinnia_entry_authors_user_id; Type: INDEX; Schema: public; Owner: -; Tablespace: 
--

CREATE INDEX zinnia_entry_authors_user_id ON zinnia_entry_authors USING btree (user_id);


--
-- Name: zinnia_entry_categories_category_id; Type: INDEX; Schema: public; Owner: -; Tablespace: 
--

CREATE INDEX zinnia_entry_categories_category_id ON zinnia_entry_categories USING btree (category_id);


--
-- Name: zinnia_entry_categories_entry_id; Type: INDEX; Schema: public; Owner: -; Tablespace: 
--

CREATE INDEX zinnia_entry_categories_entry_id ON zinnia_entry_categories USING btree (entry_id);


--
-- Name: zinnia_entry_related_from_entry_id; Type: INDEX; Schema: public; Owner: -; Tablespace: 
--

CREATE INDEX zinnia_entry_related_from_entry_id ON zinnia_entry_related USING btree (from_entry_id);


--
-- Name: zinnia_entry_related_to_entry_id; Type: INDEX; Schema: public; Owner: -; Tablespace: 
--

CREATE INDEX zinnia_entry_related_to_entry_id ON zinnia_entry_related USING btree (to_entry_id);


--
-- Name: zinnia_entry_sites_entry_id; Type: INDEX; Schema: public; Owner: -; Tablespace: 
--

CREATE INDEX zinnia_entry_sites_entry_id ON zinnia_entry_sites USING btree (entry_id);


--
-- Name: zinnia_entry_sites_site_id; Type: INDEX; Schema: public; Owner: -; Tablespace: 
--

CREATE INDEX zinnia_entry_sites_site_id ON zinnia_entry_sites USING btree (site_id);


--
-- Name: zinnia_entry_slug; Type: INDEX; Schema: public; Owner: -; Tablespace: 
--

CREATE INDEX zinnia_entry_slug ON zinnia_entry USING btree (slug);


--
-- Name: zinnia_entry_slug_like; Type: INDEX; Schema: public; Owner: -; Tablespace: 
--

CREATE INDEX zinnia_entry_slug_like ON zinnia_entry USING btree (slug varchar_pattern_ops);


--
-- Name: auth_group_permissions_permission_id_fkey; Type: FK CONSTRAINT; Schema: public; Owner: -
--

ALTER TABLE ONLY auth_group_permissions
    ADD CONSTRAINT auth_group_permissions_permission_id_fkey FOREIGN KEY (permission_id) REFERENCES auth_permission(id) DEFERRABLE INITIALLY DEFERRED;


--
-- Name: auth_user_groups_group_id_fkey; Type: FK CONSTRAINT; Schema: public; Owner: -
--

ALTER TABLE ONLY auth_user_groups
    ADD CONSTRAINT auth_user_groups_group_id_fkey FOREIGN KEY (group_id) REFERENCES auth_group(id) DEFERRABLE INITIALLY DEFERRED;


--
-- Name: auth_user_user_permissions_permission_id_fkey; Type: FK CONSTRAINT; Schema: public; Owner: -
--

ALTER TABLE ONLY auth_user_user_permissions
    ADD CONSTRAINT auth_user_user_permissions_permission_id_fkey FOREIGN KEY (permission_id) REFERENCES auth_permission(id) DEFERRABLE INITIALLY DEFERRED;


--
-- Name: chart_id_refs_id_d6d6c649; Type: FK CONSTRAINT; Schema: public; Owner: -
--

ALTER TABLE ONLY db_chart_indicators
    ADD CONSTRAINT chart_id_refs_id_d6d6c649 FOREIGN KEY (chart_id) REFERENCES db_chart(id) DEFERRABLE INITIALLY DEFERRED;


--
-- Name: cluster_id_refs_id_12b2a7043284f063; Type: FK CONSTRAINT; Schema: public; Owner: -
--

ALTER TABLE ONLY db_indicator_clusters
    ADD CONSTRAINT cluster_id_refs_id_12b2a7043284f063 FOREIGN KEY (cluster_id) REFERENCES db_cluster(id) DEFERRABLE INITIALLY DEFERRED;


--
-- Name: cluster_id_refs_id_3598b9c3880ee55a; Type: FK CONSTRAINT; Schema: public; Owner: -
--

ALTER TABLE ONLY db_cluster_domain_areas
    ADD CONSTRAINT cluster_id_refs_id_3598b9c3880ee55a FOREIGN KEY (cluster_id) REFERENCES db_cluster(id) DEFERRABLE INITIALLY DEFERRED;


--
-- Name: cms_cmsplugin_placeholder_id_fkey; Type: FK CONSTRAINT; Schema: public; Owner: -
--

ALTER TABLE ONLY cms_cmsplugin
    ADD CONSTRAINT cms_cmsplugin_placeholder_id_fkey FOREIGN KEY (placeholder_id) REFERENCES cms_placeholder(id) DEFERRABLE INITIALLY DEFERRED;


--
-- Name: cms_globalpagepermission_group_id_fkey; Type: FK CONSTRAINT; Schema: public; Owner: -
--

ALTER TABLE ONLY cms_globalpagepermission
    ADD CONSTRAINT cms_globalpagepermission_group_id_fkey FOREIGN KEY (group_id) REFERENCES auth_group(id) DEFERRABLE INITIALLY DEFERRED;


--
-- Name: cms_globalpagepermission_sites_site_id_fkey; Type: FK CONSTRAINT; Schema: public; Owner: -
--

ALTER TABLE ONLY cms_globalpagepermission_sites
    ADD CONSTRAINT cms_globalpagepermission_sites_site_id_fkey FOREIGN KEY (site_id) REFERENCES django_site(id) DEFERRABLE INITIALLY DEFERRED;


--
-- Name: cms_globalpagepermission_user_id_fkey; Type: FK CONSTRAINT; Schema: public; Owner: -
--

ALTER TABLE ONLY cms_globalpagepermission
    ADD CONSTRAINT cms_globalpagepermission_user_id_fkey FOREIGN KEY (user_id) REFERENCES auth_user(id) DEFERRABLE INITIALLY DEFERRED;


--
-- Name: cms_page_placeholders_placeholder_id_fkey; Type: FK CONSTRAINT; Schema: public; Owner: -
--

ALTER TABLE ONLY cms_page_placeholders
    ADD CONSTRAINT cms_page_placeholders_placeholder_id_fkey FOREIGN KEY (placeholder_id) REFERENCES cms_placeholder(id) DEFERRABLE INITIALLY DEFERRED;


--
-- Name: cms_page_site_id_fkey; Type: FK CONSTRAINT; Schema: public; Owner: -
--

ALTER TABLE ONLY cms_page
    ADD CONSTRAINT cms_page_site_id_fkey FOREIGN KEY (site_id) REFERENCES django_site(id) DEFERRABLE INITIALLY DEFERRED;


--
-- Name: cms_pagemoderator_page_id_fkey; Type: FK CONSTRAINT; Schema: public; Owner: -
--

ALTER TABLE ONLY cms_pagemoderator
    ADD CONSTRAINT cms_pagemoderator_page_id_fkey FOREIGN KEY (page_id) REFERENCES cms_page(id) DEFERRABLE INITIALLY DEFERRED;


--
-- Name: cms_pagemoderator_user_id_fkey; Type: FK CONSTRAINT; Schema: public; Owner: -
--

ALTER TABLE ONLY cms_pagemoderator
    ADD CONSTRAINT cms_pagemoderator_user_id_fkey FOREIGN KEY (user_id) REFERENCES auth_user(id) DEFERRABLE INITIALLY DEFERRED;


--
-- Name: cms_pagemoderatorstate_page_id_fkey; Type: FK CONSTRAINT; Schema: public; Owner: -
--

ALTER TABLE ONLY cms_pagemoderatorstate
    ADD CONSTRAINT cms_pagemoderatorstate_page_id_fkey FOREIGN KEY (page_id) REFERENCES cms_page(id) DEFERRABLE INITIALLY DEFERRED;


--
-- Name: cms_pagemoderatorstate_user_id_fkey; Type: FK CONSTRAINT; Schema: public; Owner: -
--

ALTER TABLE ONLY cms_pagemoderatorstate
    ADD CONSTRAINT cms_pagemoderatorstate_user_id_fkey FOREIGN KEY (user_id) REFERENCES auth_user(id) DEFERRABLE INITIALLY DEFERRED;


--
-- Name: cms_pagepermission_group_id_fkey; Type: FK CONSTRAINT; Schema: public; Owner: -
--

ALTER TABLE ONLY cms_pagepermission
    ADD CONSTRAINT cms_pagepermission_group_id_fkey FOREIGN KEY (group_id) REFERENCES auth_group(id) DEFERRABLE INITIALLY DEFERRED;


--
-- Name: cms_pagepermission_page_id_fkey; Type: FK CONSTRAINT; Schema: public; Owner: -
--

ALTER TABLE ONLY cms_pagepermission
    ADD CONSTRAINT cms_pagepermission_page_id_fkey FOREIGN KEY (page_id) REFERENCES cms_page(id) DEFERRABLE INITIALLY DEFERRED;


--
-- Name: cms_pagepermission_user_id_fkey; Type: FK CONSTRAINT; Schema: public; Owner: -
--

ALTER TABLE ONLY cms_pagepermission
    ADD CONSTRAINT cms_pagepermission_user_id_fkey FOREIGN KEY (user_id) REFERENCES auth_user(id) DEFERRABLE INITIALLY DEFERRED;


--
-- Name: cms_pageuser_created_by_id_fkey; Type: FK CONSTRAINT; Schema: public; Owner: -
--

ALTER TABLE ONLY cms_pageuser
    ADD CONSTRAINT cms_pageuser_created_by_id_fkey FOREIGN KEY (created_by_id) REFERENCES auth_user(id) DEFERRABLE INITIALLY DEFERRED;


--
-- Name: cms_pageuser_user_ptr_id_fkey; Type: FK CONSTRAINT; Schema: public; Owner: -
--

ALTER TABLE ONLY cms_pageuser
    ADD CONSTRAINT cms_pageuser_user_ptr_id_fkey FOREIGN KEY (user_ptr_id) REFERENCES auth_user(id) DEFERRABLE INITIALLY DEFERRED;


--
-- Name: cms_pageusergroup_created_by_id_fkey; Type: FK CONSTRAINT; Schema: public; Owner: -
--

ALTER TABLE ONLY cms_pageusergroup
    ADD CONSTRAINT cms_pageusergroup_created_by_id_fkey FOREIGN KEY (created_by_id) REFERENCES auth_user(id) DEFERRABLE INITIALLY DEFERRED;


--
-- Name: cms_pageusergroup_group_ptr_id_fkey; Type: FK CONSTRAINT; Schema: public; Owner: -
--

ALTER TABLE ONLY cms_pageusergroup
    ADD CONSTRAINT cms_pageusergroup_group_ptr_id_fkey FOREIGN KEY (group_ptr_id) REFERENCES auth_group(id) DEFERRABLE INITIALLY DEFERRED;


--
-- Name: cms_title_page_id_fkey; Type: FK CONSTRAINT; Schema: public; Owner: -
--

ALTER TABLE ONLY cms_title
    ADD CONSTRAINT cms_title_page_id_fkey FOREIGN KEY (page_id) REFERENCES cms_page(id) DEFERRABLE INITIALLY DEFERRED;


--
-- Name: cmsplugin_calendarentriesplugin_cmsplugin_ptr_id_fkey; Type: FK CONSTRAINT; Schema: public; Owner: -
--

ALTER TABLE ONLY cmsplugin_calendarentriesplugin
    ADD CONSTRAINT cmsplugin_calendarentriesplugin_cmsplugin_ptr_id_fkey FOREIGN KEY (cmsplugin_ptr_id) REFERENCES cms_cmsplugin(id) DEFERRABLE INITIALLY DEFERRED;


--
-- Name: cmsplugin_file_cmsplugin_ptr_id_fkey; Type: FK CONSTRAINT; Schema: public; Owner: -
--

ALTER TABLE ONLY cmsplugin_file
    ADD CONSTRAINT cmsplugin_file_cmsplugin_ptr_id_fkey FOREIGN KEY (cmsplugin_ptr_id) REFERENCES cms_cmsplugin(id) DEFERRABLE INITIALLY DEFERRED;


--
-- Name: cmsplugin_latestentriesplugin_cmsplugin_ptr_id_fkey; Type: FK CONSTRAINT; Schema: public; Owner: -
--

ALTER TABLE ONLY cmsplugin_latestentriesplugin
    ADD CONSTRAINT cmsplugin_latestentriesplugin_cmsplugin_ptr_id_fkey FOREIGN KEY (cmsplugin_ptr_id) REFERENCES cms_cmsplugin(id) DEFERRABLE INITIALLY DEFERRED;


--
-- Name: cmsplugin_link_cmsplugin_ptr_id_fkey; Type: FK CONSTRAINT; Schema: public; Owner: -
--

ALTER TABLE ONLY cmsplugin_link
    ADD CONSTRAINT cmsplugin_link_cmsplugin_ptr_id_fkey FOREIGN KEY (cmsplugin_ptr_id) REFERENCES cms_cmsplugin(id) DEFERRABLE INITIALLY DEFERRED;


--
-- Name: cmsplugin_link_page_link_id_fkey; Type: FK CONSTRAINT; Schema: public; Owner: -
--

ALTER TABLE ONLY cmsplugin_link
    ADD CONSTRAINT cmsplugin_link_page_link_id_fkey FOREIGN KEY (page_link_id) REFERENCES cms_page(id) DEFERRABLE INITIALLY DEFERRED;


--
-- Name: cmsplugin_picture_cmsplugin_ptr_id_fkey; Type: FK CONSTRAINT; Schema: public; Owner: -
--

ALTER TABLE ONLY cmsplugin_picture
    ADD CONSTRAINT cmsplugin_picture_cmsplugin_ptr_id_fkey FOREIGN KEY (cmsplugin_ptr_id) REFERENCES cms_cmsplugin(id) DEFERRABLE INITIALLY DEFERRED;


--
-- Name: cmsplugin_picture_page_link_id_fkey; Type: FK CONSTRAINT; Schema: public; Owner: -
--

ALTER TABLE ONLY cmsplugin_picture
    ADD CONSTRAINT cmsplugin_picture_page_link_id_fkey FOREIGN KEY (page_link_id) REFERENCES cms_page(id) DEFERRABLE INITIALLY DEFERRED;


--
-- Name: cmsplugin_queryentriesplugin_cmsplugin_ptr_id_fkey; Type: FK CONSTRAINT; Schema: public; Owner: -
--

ALTER TABLE ONLY cmsplugin_queryentriesplugin
    ADD CONSTRAINT cmsplugin_queryentriesplugin_cmsplugin_ptr_id_fkey FOREIGN KEY (cmsplugin_ptr_id) REFERENCES cms_cmsplugin(id) DEFERRABLE INITIALLY DEFERRED;


--
-- Name: cmsplugin_randomentriesplugin_cmsplugin_ptr_id_fkey; Type: FK CONSTRAINT; Schema: public; Owner: -
--

ALTER TABLE ONLY cmsplugin_randomentriesplugin
    ADD CONSTRAINT cmsplugin_randomentriesplugin_cmsplugin_ptr_id_fkey FOREIGN KEY (cmsplugin_ptr_id) REFERENCES cms_cmsplugin(id) DEFERRABLE INITIALLY DEFERRED;


--
-- Name: cmsplugin_selectedentriesplugin_cmsplugin_ptr_id_fkey; Type: FK CONSTRAINT; Schema: public; Owner: -
--

ALTER TABLE ONLY cmsplugin_selectedentriesplugin
    ADD CONSTRAINT cmsplugin_selectedentriesplugin_cmsplugin_ptr_id_fkey FOREIGN KEY (cmsplugin_ptr_id) REFERENCES cms_cmsplugin(id) DEFERRABLE INITIALLY DEFERRED;


--
-- Name: cmsplugin_text_cmsplugin_ptr_id_fkey; Type: FK CONSTRAINT; Schema: public; Owner: -
--

ALTER TABLE ONLY cmsplugin_text
    ADD CONSTRAINT cmsplugin_text_cmsplugin_ptr_id_fkey FOREIGN KEY (cmsplugin_ptr_id) REFERENCES cms_cmsplugin(id) DEFERRABLE INITIALLY DEFERRED;


--
-- Name: cmsplugin_twitterrecententries_cmsplugin_ptr_id_fkey; Type: FK CONSTRAINT; Schema: public; Owner: -
--

ALTER TABLE ONLY cmsplugin_twitterrecententries
    ADD CONSTRAINT cmsplugin_twitterrecententries_cmsplugin_ptr_id_fkey FOREIGN KEY (cmsplugin_ptr_id) REFERENCES cms_cmsplugin(id) DEFERRABLE INITIALLY DEFERRED;


--
-- Name: cmsplugin_twittersearch_cmsplugin_ptr_id_fkey; Type: FK CONSTRAINT; Schema: public; Owner: -
--

ALTER TABLE ONLY cmsplugin_twittersearch
    ADD CONSTRAINT cmsplugin_twittersearch_cmsplugin_ptr_id_fkey FOREIGN KEY (cmsplugin_ptr_id) REFERENCES cms_cmsplugin(id) DEFERRABLE INITIALLY DEFERRED;


--
-- Name: cmsplugin_video_cmsplugin_ptr_id_fkey; Type: FK CONSTRAINT; Schema: public; Owner: -
--

ALTER TABLE ONLY cmsplugin_video
    ADD CONSTRAINT cmsplugin_video_cmsplugin_ptr_id_fkey FOREIGN KEY (cmsplugin_ptr_id) REFERENCES cms_cmsplugin(id) DEFERRABLE INITIALLY DEFERRED;


--
-- Name: cmsplugin_zinnia_latestentriesplugin_authors_user_id_fkey; Type: FK CONSTRAINT; Schema: public; Owner: -
--

ALTER TABLE ONLY cmsplugin_zinnia_latestentriesplugin_authors
    ADD CONSTRAINT cmsplugin_zinnia_latestentriesplugin_authors_user_id_fkey FOREIGN KEY (user_id) REFERENCES auth_user(id) DEFERRABLE INITIALLY DEFERRED;


--
-- Name: cmsplugin_zinnia_latestentriesplugin_categorie_category_id_fkey; Type: FK CONSTRAINT; Schema: public; Owner: -
--

ALTER TABLE ONLY cmsplugin_zinnia_latestentriesplugin_categories
    ADD CONSTRAINT cmsplugin_zinnia_latestentriesplugin_categorie_category_id_fkey FOREIGN KEY (category_id) REFERENCES zinnia_category(id) DEFERRABLE INITIALLY DEFERRED;


--
-- Name: cmsplugin_zinnia_latestentriesplugin_tags_tag_id_fkey; Type: FK CONSTRAINT; Schema: public; Owner: -
--

ALTER TABLE ONLY cmsplugin_zinnia_latestentriesplugin_tags
    ADD CONSTRAINT cmsplugin_zinnia_latestentriesplugin_tags_tag_id_fkey FOREIGN KEY (tag_id) REFERENCES tagging_tag(id) DEFERRABLE INITIALLY DEFERRED;


--
-- Name: cmsplugin_zinnia_selectedentriesplugin_entries_entry_id_fkey; Type: FK CONSTRAINT; Schema: public; Owner: -
--

ALTER TABLE ONLY cmsplugin_zinnia_selectedentriesplugin_entries
    ADD CONSTRAINT cmsplugin_zinnia_selectedentriesplugin_entries_entry_id_fkey FOREIGN KEY (entry_id) REFERENCES zinnia_entry(id) DEFERRABLE INITIALLY DEFERRED;


--
-- Name: cognitivearea_id_refs_id_2aaae3e2; Type: FK CONSTRAINT; Schema: public; Owner: -
--

ALTER TABLE ONLY db_cognitivearea_multiple_intelligences
    ADD CONSTRAINT cognitivearea_id_refs_id_2aaae3e2 FOREIGN KEY (cognitivearea_id) REFERENCES db_cognitivearea(id) DEFERRABLE INITIALLY DEFERRED;


--
-- Name: cognitivearea_id_refs_id_d2b2930a3d95196; Type: FK CONSTRAINT; Schema: public; Owner: -
--

ALTER TABLE ONLY db_domainarea_cognitive_areas
    ADD CONSTRAINT cognitivearea_id_refs_id_d2b2930a3d95196 FOREIGN KEY (cognitivearea_id) REFERENCES db_cognitivearea(id) DEFERRABLE INITIALLY DEFERRED;


--
-- Name: content_type_id_refs_id_728de91f; Type: FK CONSTRAINT; Schema: public; Owner: -
--

ALTER TABLE ONLY auth_permission
    ADD CONSTRAINT content_type_id_refs_id_728de91f FOREIGN KEY (content_type_id) REFERENCES django_content_type(id) DEFERRABLE INITIALLY DEFERRED;


--
-- Name: db_chart_indicators_indicator_id_fkey; Type: FK CONSTRAINT; Schema: public; Owner: -
--

ALTER TABLE ONLY db_chart_indicators
    ADD CONSTRAINT db_chart_indicators_indicator_id_fkey FOREIGN KEY (indicator_id) REFERENCES db_indicator(id) DEFERRABLE INITIALLY DEFERRED;


--
-- Name: db_chart_player_id_fkey; Type: FK CONSTRAINT; Schema: public; Owner: -
--

ALTER TABLE ONLY db_chart
    ADD CONSTRAINT db_chart_player_id_fkey FOREIGN KEY (player_id) REFERENCES db_player(id) DEFERRABLE INITIALLY DEFERRED;


--
-- Name: db_cognitivearea_multiple_intellig_multipleintelligence_id_fkey; Type: FK CONSTRAINT; Schema: public; Owner: -
--

ALTER TABLE ONLY db_cognitivearea_multiple_intelligences
    ADD CONSTRAINT db_cognitivearea_multiple_intellig_multipleintelligence_id_fkey FOREIGN KEY (multipleintelligence_id) REFERENCES db_multipleintelligence(id) DEFERRABLE INITIALLY DEFERRED;


--
-- Name: db_gameplay_game_id_fkey; Type: FK CONSTRAINT; Schema: public; Owner: -
--

ALTER TABLE ONLY db_gameplay
    ADD CONSTRAINT db_gameplay_game_id_fkey FOREIGN KEY (game_id) REFERENCES db_game(id) DEFERRABLE INITIALLY DEFERRED;


--
-- Name: db_gameplay_player_id_fkey; Type: FK CONSTRAINT; Schema: public; Owner: -
--

ALTER TABLE ONLY db_gameplay
    ADD CONSTRAINT db_gameplay_player_id_fkey FOREIGN KEY (player_id) REFERENCES db_player(id) DEFERRABLE INITIALLY DEFERRED;


--
-- Name: db_gameroute_game_play_id_fkey; Type: FK CONSTRAINT; Schema: public; Owner: -
--

ALTER TABLE ONLY db_gameroute
    ADD CONSTRAINT db_gameroute_game_play_id_fkey FOREIGN KEY (game_play_id) REFERENCES db_gameplay(id) DEFERRABLE INITIALLY DEFERRED;


--
-- Name: db_player_user_profile_id_fkey; Type: FK CONSTRAINT; Schema: public; Owner: -
--

ALTER TABLE ONLY db_player
    ADD CONSTRAINT db_player_user_profile_id_fkey FOREIGN KEY (user_profile_id) REFERENCES db_userprofile(id) DEFERRABLE INITIALLY DEFERRED;


--
-- Name: db_score_game_route_id_fkey; Type: FK CONSTRAINT; Schema: public; Owner: -
--

ALTER TABLE ONLY db_score
    ADD CONSTRAINT db_score_game_route_id_fkey FOREIGN KEY (game_route_id) REFERENCES db_gameroute(id) DEFERRABLE INITIALLY DEFERRED;


--
-- Name: db_score_indicator_id_fkey; Type: FK CONSTRAINT; Schema: public; Owner: -
--

ALTER TABLE ONLY db_score
    ADD CONSTRAINT db_score_indicator_id_fkey FOREIGN KEY (indicator_id) REFERENCES db_indicator(id) DEFERRABLE INITIALLY DEFERRED;


--
-- Name: db_userprofile_user_id_fkey; Type: FK CONSTRAINT; Schema: public; Owner: -
--

ALTER TABLE ONLY db_userprofile
    ADD CONSTRAINT db_userprofile_user_id_fkey FOREIGN KEY (user_id) REFERENCES auth_user(id) DEFERRABLE INITIALLY DEFERRED;


--
-- Name: django_admin_log_content_type_id_fkey; Type: FK CONSTRAINT; Schema: public; Owner: -
--

ALTER TABLE ONLY django_admin_log
    ADD CONSTRAINT django_admin_log_content_type_id_fkey FOREIGN KEY (content_type_id) REFERENCES django_content_type(id) DEFERRABLE INITIALLY DEFERRED;


--
-- Name: django_admin_log_user_id_fkey; Type: FK CONSTRAINT; Schema: public; Owner: -
--

ALTER TABLE ONLY django_admin_log
    ADD CONSTRAINT django_admin_log_user_id_fkey FOREIGN KEY (user_id) REFERENCES auth_user(id) DEFERRABLE INITIALLY DEFERRED;


--
-- Name: django_comment_flags_comment_id_fkey; Type: FK CONSTRAINT; Schema: public; Owner: -
--

ALTER TABLE ONLY django_comment_flags
    ADD CONSTRAINT django_comment_flags_comment_id_fkey FOREIGN KEY (comment_id) REFERENCES django_comments(id) DEFERRABLE INITIALLY DEFERRED;


--
-- Name: django_comment_flags_user_id_fkey; Type: FK CONSTRAINT; Schema: public; Owner: -
--

ALTER TABLE ONLY django_comment_flags
    ADD CONSTRAINT django_comment_flags_user_id_fkey FOREIGN KEY (user_id) REFERENCES auth_user(id) DEFERRABLE INITIALLY DEFERRED;


--
-- Name: django_comments_content_type_id_fkey; Type: FK CONSTRAINT; Schema: public; Owner: -
--

ALTER TABLE ONLY django_comments
    ADD CONSTRAINT django_comments_content_type_id_fkey FOREIGN KEY (content_type_id) REFERENCES django_content_type(id) DEFERRABLE INITIALLY DEFERRED;


--
-- Name: django_comments_site_id_fkey; Type: FK CONSTRAINT; Schema: public; Owner: -
--

ALTER TABLE ONLY django_comments
    ADD CONSTRAINT django_comments_site_id_fkey FOREIGN KEY (site_id) REFERENCES django_site(id) DEFERRABLE INITIALLY DEFERRED;


--
-- Name: django_comments_user_id_fkey; Type: FK CONSTRAINT; Schema: public; Owner: -
--

ALTER TABLE ONLY django_comments
    ADD CONSTRAINT django_comments_user_id_fkey FOREIGN KEY (user_id) REFERENCES auth_user(id) DEFERRABLE INITIALLY DEFERRED;


--
-- Name: domainarea_id_refs_id_261a222c7f5c7f67; Type: FK CONSTRAINT; Schema: public; Owner: -
--

ALTER TABLE ONLY db_domainarea_cognitive_areas
    ADD CONSTRAINT domainarea_id_refs_id_261a222c7f5c7f67 FOREIGN KEY (domainarea_id) REFERENCES db_domainarea(id) DEFERRABLE INITIALLY DEFERRED;


--
-- Name: domainarea_id_refs_id_3b9ec4e6521d4de2; Type: FK CONSTRAINT; Schema: public; Owner: -
--

ALTER TABLE ONLY db_cluster_domain_areas
    ADD CONSTRAINT domainarea_id_refs_id_3b9ec4e6521d4de2 FOREIGN KEY (domainarea_id) REFERENCES db_domainarea(id) DEFERRABLE INITIALLY DEFERRED;


--
-- Name: entry_id_refs_id_350895b0; Type: FK CONSTRAINT; Schema: public; Owner: -
--

ALTER TABLE ONLY zinnia_entry_sites
    ADD CONSTRAINT entry_id_refs_id_350895b0 FOREIGN KEY (entry_id) REFERENCES zinnia_entry(id) DEFERRABLE INITIALLY DEFERRED;


--
-- Name: entry_id_refs_id_6fb6ebd9; Type: FK CONSTRAINT; Schema: public; Owner: -
--

ALTER TABLE ONLY zinnia_entry_categories
    ADD CONSTRAINT entry_id_refs_id_6fb6ebd9 FOREIGN KEY (entry_id) REFERENCES zinnia_entry(id) DEFERRABLE INITIALLY DEFERRED;


--
-- Name: entry_id_refs_id_da51dea2; Type: FK CONSTRAINT; Schema: public; Owner: -
--

ALTER TABLE ONLY zinnia_entry_authors
    ADD CONSTRAINT entry_id_refs_id_da51dea2 FOREIGN KEY (entry_id) REFERENCES zinnia_entry(id) DEFERRABLE INITIALLY DEFERRED;


--
-- Name: from_entry_id_refs_id_4d833995; Type: FK CONSTRAINT; Schema: public; Owner: -
--

ALTER TABLE ONLY zinnia_entry_related
    ADD CONSTRAINT from_entry_id_refs_id_4d833995 FOREIGN KEY (from_entry_id) REFERENCES zinnia_entry(id) DEFERRABLE INITIALLY DEFERRED;


--
-- Name: game_id_refs_id_5fcd0bb02b810f91; Type: FK CONSTRAINT; Schema: public; Owner: -
--

ALTER TABLE ONLY db_gamescoring
    ADD CONSTRAINT game_id_refs_id_5fcd0bb02b810f91 FOREIGN KEY (game_id) REFERENCES db_game(id) DEFERRABLE INITIALLY DEFERRED;


--
-- Name: gameroute_id_refs_id_77bc8e244fb6071f; Type: FK CONSTRAINT; Schema: public; Owner: -
--

ALTER TABLE ONLY db_screenplay
    ADD CONSTRAINT gameroute_id_refs_id_77bc8e244fb6071f FOREIGN KEY (gameroute_id) REFERENCES db_gameroute(id) DEFERRABLE INITIALLY DEFERRED;


--
-- Name: globalpagepermission_id_refs_id_2c730e06; Type: FK CONSTRAINT; Schema: public; Owner: -
--

ALTER TABLE ONLY cms_globalpagepermission_sites
    ADD CONSTRAINT globalpagepermission_id_refs_id_2c730e06 FOREIGN KEY (globalpagepermission_id) REFERENCES cms_globalpagepermission(id) DEFERRABLE INITIALLY DEFERRED;


--
-- Name: group_id_refs_id_3cea63fe; Type: FK CONSTRAINT; Schema: public; Owner: -
--

ALTER TABLE ONLY auth_group_permissions
    ADD CONSTRAINT group_id_refs_id_3cea63fe FOREIGN KEY (group_id) REFERENCES auth_group(id) DEFERRABLE INITIALLY DEFERRED;


--
-- Name: indicator_id_refs_id_63d775d87a09082c; Type: FK CONSTRAINT; Schema: public; Owner: -
--

ALTER TABLE ONLY db_indicator_clusters
    ADD CONSTRAINT indicator_id_refs_id_63d775d87a09082c FOREIGN KEY (indicator_id) REFERENCES db_indicator(id) DEFERRABLE INITIALLY DEFERRED;


--
-- Name: indicator_id_refs_id_7cb3e2e26976da47; Type: FK CONSTRAINT; Schema: public; Owner: -
--

ALTER TABLE ONLY db_gamescoring
    ADD CONSTRAINT indicator_id_refs_id_7cb3e2e26976da47 FOREIGN KEY (indicator_id) REFERENCES db_indicator(id) DEFERRABLE INITIALLY DEFERRED;


--
-- Name: latestentriesplugin_id_refs_cmsplugin_ptr_id_278967ab; Type: FK CONSTRAINT; Schema: public; Owner: -
--

ALTER TABLE ONLY cmsplugin_zinnia_latestentriesplugin_authors
    ADD CONSTRAINT latestentriesplugin_id_refs_cmsplugin_ptr_id_278967ab FOREIGN KEY (latestentriesplugin_id) REFERENCES cmsplugin_latestentriesplugin(cmsplugin_ptr_id) DEFERRABLE INITIALLY DEFERRED;


--
-- Name: latestentriesplugin_id_refs_cmsplugin_ptr_id_672935a2; Type: FK CONSTRAINT; Schema: public; Owner: -
--

ALTER TABLE ONLY cmsplugin_zinnia_latestentriesplugin_categories
    ADD CONSTRAINT latestentriesplugin_id_refs_cmsplugin_ptr_id_672935a2 FOREIGN KEY (latestentriesplugin_id) REFERENCES cmsplugin_latestentriesplugin(cmsplugin_ptr_id) DEFERRABLE INITIALLY DEFERRED;


--
-- Name: latestentriesplugin_id_refs_cmsplugin_ptr_id_95869a39; Type: FK CONSTRAINT; Schema: public; Owner: -
--

ALTER TABLE ONLY cmsplugin_zinnia_latestentriesplugin_tags
    ADD CONSTRAINT latestentriesplugin_id_refs_cmsplugin_ptr_id_95869a39 FOREIGN KEY (latestentriesplugin_id) REFERENCES cmsplugin_latestentriesplugin(cmsplugin_ptr_id) DEFERRABLE INITIALLY DEFERRED;


--
-- Name: newsletter_id_refs_id_84794b78; Type: FK CONSTRAINT; Schema: public; Owner: -
--

ALTER TABLE ONLY newsletter_newsletter_site
    ADD CONSTRAINT newsletter_id_refs_id_84794b78 FOREIGN KEY (newsletter_id) REFERENCES newsletter_newsletter(id) DEFERRABLE INITIALLY DEFERRED;


--
-- Name: newsletter_message_newsletter_id_fkey; Type: FK CONSTRAINT; Schema: public; Owner: -
--

ALTER TABLE ONLY newsletter_message
    ADD CONSTRAINT newsletter_message_newsletter_id_fkey FOREIGN KEY (newsletter_id) REFERENCES newsletter_newsletter(id) DEFERRABLE INITIALLY DEFERRED;


--
-- Name: newsletter_newsletter_message_template_id_fkey; Type: FK CONSTRAINT; Schema: public; Owner: -
--

ALTER TABLE ONLY newsletter_newsletter
    ADD CONSTRAINT newsletter_newsletter_message_template_id_fkey FOREIGN KEY (message_template_id) REFERENCES newsletter_emailtemplate(id) DEFERRABLE INITIALLY DEFERRED;


--
-- Name: newsletter_newsletter_site_site_id_fkey; Type: FK CONSTRAINT; Schema: public; Owner: -
--

ALTER TABLE ONLY newsletter_newsletter_site
    ADD CONSTRAINT newsletter_newsletter_site_site_id_fkey FOREIGN KEY (site_id) REFERENCES django_site(id) DEFERRABLE INITIALLY DEFERRED;


--
-- Name: newsletter_newsletter_subscribe_template_id_fkey; Type: FK CONSTRAINT; Schema: public; Owner: -
--

ALTER TABLE ONLY newsletter_newsletter
    ADD CONSTRAINT newsletter_newsletter_subscribe_template_id_fkey FOREIGN KEY (subscribe_template_id) REFERENCES newsletter_emailtemplate(id) DEFERRABLE INITIALLY DEFERRED;


--
-- Name: newsletter_newsletter_unsubscribe_template_id_fkey; Type: FK CONSTRAINT; Schema: public; Owner: -
--

ALTER TABLE ONLY newsletter_newsletter
    ADD CONSTRAINT newsletter_newsletter_unsubscribe_template_id_fkey FOREIGN KEY (unsubscribe_template_id) REFERENCES newsletter_emailtemplate(id) DEFERRABLE INITIALLY DEFERRED;


--
-- Name: newsletter_newsletter_update_template_id_fkey; Type: FK CONSTRAINT; Schema: public; Owner: -
--

ALTER TABLE ONLY newsletter_newsletter
    ADD CONSTRAINT newsletter_newsletter_update_template_id_fkey FOREIGN KEY (update_template_id) REFERENCES newsletter_emailtemplate(id) DEFERRABLE INITIALLY DEFERRED;


--
-- Name: newsletter_submission_message_id_fkey; Type: FK CONSTRAINT; Schema: public; Owner: -
--

ALTER TABLE ONLY newsletter_submission
    ADD CONSTRAINT newsletter_submission_message_id_fkey FOREIGN KEY (message_id) REFERENCES newsletter_message(id) DEFERRABLE INITIALLY DEFERRED;


--
-- Name: newsletter_submission_newsletter_id_fkey; Type: FK CONSTRAINT; Schema: public; Owner: -
--

ALTER TABLE ONLY newsletter_submission
    ADD CONSTRAINT newsletter_submission_newsletter_id_fkey FOREIGN KEY (newsletter_id) REFERENCES newsletter_newsletter(id) DEFERRABLE INITIALLY DEFERRED;


--
-- Name: newsletter_submission_subscriptions_subscription_id_fkey; Type: FK CONSTRAINT; Schema: public; Owner: -
--

ALTER TABLE ONLY newsletter_submission_subscriptions
    ADD CONSTRAINT newsletter_submission_subscriptions_subscription_id_fkey FOREIGN KEY (subscription_id) REFERENCES newsletter_subscription(id) DEFERRABLE INITIALLY DEFERRED;


--
-- Name: newsletter_subscription_newsletter_id_fkey; Type: FK CONSTRAINT; Schema: public; Owner: -
--

ALTER TABLE ONLY newsletter_subscription
    ADD CONSTRAINT newsletter_subscription_newsletter_id_fkey FOREIGN KEY (newsletter_id) REFERENCES newsletter_newsletter(id) DEFERRABLE INITIALLY DEFERRED;


--
-- Name: newsletter_subscription_user_id_fkey; Type: FK CONSTRAINT; Schema: public; Owner: -
--

ALTER TABLE ONLY newsletter_subscription
    ADD CONSTRAINT newsletter_subscription_user_id_fkey FOREIGN KEY (user_id) REFERENCES auth_user(id) DEFERRABLE INITIALLY DEFERRED;


--
-- Name: owner_id_refs_id_5fe48f5c5f3eb68; Type: FK CONSTRAINT; Schema: public; Owner: -
--

ALTER TABLE ONLY db_game
    ADD CONSTRAINT owner_id_refs_id_5fe48f5c5f3eb68 FOREIGN KEY (owner_id) REFERENCES auth_user(id) DEFERRABLE INITIALLY DEFERRED;


--
-- Name: page_id_refs_id_b22baae5; Type: FK CONSTRAINT; Schema: public; Owner: -
--

ALTER TABLE ONLY cms_page_placeholders
    ADD CONSTRAINT page_id_refs_id_b22baae5 FOREIGN KEY (page_id) REFERENCES cms_page(id) DEFERRABLE INITIALLY DEFERRED;


--
-- Name: parent_id_refs_id_653a773; Type: FK CONSTRAINT; Schema: public; Owner: -
--

ALTER TABLE ONLY cms_page
    ADD CONSTRAINT parent_id_refs_id_653a773 FOREIGN KEY (parent_id) REFERENCES cms_page(id) DEFERRABLE INITIALLY DEFERRED;


--
-- Name: parent_id_refs_id_ce18ab03; Type: FK CONSTRAINT; Schema: public; Owner: -
--

ALTER TABLE ONLY zinnia_category
    ADD CONSTRAINT parent_id_refs_id_ce18ab03 FOREIGN KEY (parent_id) REFERENCES zinnia_category(id) DEFERRABLE INITIALLY DEFERRED;


--
-- Name: parent_id_refs_id_e0b32a03; Type: FK CONSTRAINT; Schema: public; Owner: -
--

ALTER TABLE ONLY cms_cmsplugin
    ADD CONSTRAINT parent_id_refs_id_e0b32a03 FOREIGN KEY (parent_id) REFERENCES cms_cmsplugin(id) DEFERRABLE INITIALLY DEFERRED;


--
-- Name: post_id_refs_id_f4af84a2; Type: FK CONSTRAINT; Schema: public; Owner: -
--

ALTER TABLE ONLY newsletter_article
    ADD CONSTRAINT post_id_refs_id_f4af84a2 FOREIGN KEY (post_id) REFERENCES newsletter_message(id) DEFERRABLE INITIALLY DEFERRED;


--
-- Name: publisher_public_id_refs_id_653a773; Type: FK CONSTRAINT; Schema: public; Owner: -
--

ALTER TABLE ONLY cms_page
    ADD CONSTRAINT publisher_public_id_refs_id_653a773 FOREIGN KEY (publisher_public_id) REFERENCES cms_page(id) DEFERRABLE INITIALLY DEFERRED;


--
-- Name: registration_registrationprofile_user_id_fkey; Type: FK CONSTRAINT; Schema: public; Owner: -
--

ALTER TABLE ONLY registration_registrationprofile
    ADD CONSTRAINT registration_registrationprofile_user_id_fkey FOREIGN KEY (user_id) REFERENCES auth_user(id) DEFERRABLE INITIALLY DEFERRED;


--
-- Name: selectedentriesplugin_id_refs_cmsplugin_ptr_id_250f1f05; Type: FK CONSTRAINT; Schema: public; Owner: -
--

ALTER TABLE ONLY cmsplugin_zinnia_selectedentriesplugin_entries
    ADD CONSTRAINT selectedentriesplugin_id_refs_cmsplugin_ptr_id_250f1f05 FOREIGN KEY (selectedentriesplugin_id) REFERENCES cmsplugin_selectedentriesplugin(cmsplugin_ptr_id) DEFERRABLE INITIALLY DEFERRED;


--
-- Name: submission_id_refs_id_dc024220; Type: FK CONSTRAINT; Schema: public; Owner: -
--

ALTER TABLE ONLY newsletter_submission_subscriptions
    ADD CONSTRAINT submission_id_refs_id_dc024220 FOREIGN KEY (submission_id) REFERENCES newsletter_submission(id) DEFERRABLE INITIALLY DEFERRED;


--
-- Name: tagging_taggeditem_content_type_id_fkey; Type: FK CONSTRAINT; Schema: public; Owner: -
--

ALTER TABLE ONLY tagging_taggeditem
    ADD CONSTRAINT tagging_taggeditem_content_type_id_fkey FOREIGN KEY (content_type_id) REFERENCES django_content_type(id) DEFERRABLE INITIALLY DEFERRED;


--
-- Name: tagging_taggeditem_tag_id_fkey; Type: FK CONSTRAINT; Schema: public; Owner: -
--

ALTER TABLE ONLY tagging_taggeditem
    ADD CONSTRAINT tagging_taggeditem_tag_id_fkey FOREIGN KEY (tag_id) REFERENCES tagging_tag(id) DEFERRABLE INITIALLY DEFERRED;


--
-- Name: tastypie_apikey_user_id_fkey; Type: FK CONSTRAINT; Schema: public; Owner: -
--

ALTER TABLE ONLY tastypie_apikey
    ADD CONSTRAINT tastypie_apikey_user_id_fkey FOREIGN KEY (user_id) REFERENCES auth_user(id) DEFERRABLE INITIALLY DEFERRED;


--
-- Name: to_entry_id_refs_id_4d833995; Type: FK CONSTRAINT; Schema: public; Owner: -
--

ALTER TABLE ONLY zinnia_entry_related
    ADD CONSTRAINT to_entry_id_refs_id_4d833995 FOREIGN KEY (to_entry_id) REFERENCES zinnia_entry(id) DEFERRABLE INITIALLY DEFERRED;


--
-- Name: user_id_refs_id_831107f1; Type: FK CONSTRAINT; Schema: public; Owner: -
--

ALTER TABLE ONLY auth_user_groups
    ADD CONSTRAINT user_id_refs_id_831107f1 FOREIGN KEY (user_id) REFERENCES auth_user(id) DEFERRABLE INITIALLY DEFERRED;


--
-- Name: user_id_refs_id_f2045483; Type: FK CONSTRAINT; Schema: public; Owner: -
--

ALTER TABLE ONLY auth_user_user_permissions
    ADD CONSTRAINT user_id_refs_id_f2045483 FOREIGN KEY (user_id) REFERENCES auth_user(id) DEFERRABLE INITIALLY DEFERRED;


--
-- Name: zinnia_entry_authors_user_id_fkey; Type: FK CONSTRAINT; Schema: public; Owner: -
--

ALTER TABLE ONLY zinnia_entry_authors
    ADD CONSTRAINT zinnia_entry_authors_user_id_fkey FOREIGN KEY (user_id) REFERENCES auth_user(id) DEFERRABLE INITIALLY DEFERRED;


--
-- Name: zinnia_entry_categories_category_id_fkey; Type: FK CONSTRAINT; Schema: public; Owner: -
--

ALTER TABLE ONLY zinnia_entry_categories
    ADD CONSTRAINT zinnia_entry_categories_category_id_fkey FOREIGN KEY (category_id) REFERENCES zinnia_category(id) DEFERRABLE INITIALLY DEFERRED;


--
-- Name: zinnia_entry_sites_site_id_fkey; Type: FK CONSTRAINT; Schema: public; Owner: -
--

ALTER TABLE ONLY zinnia_entry_sites
    ADD CONSTRAINT zinnia_entry_sites_site_id_fkey FOREIGN KEY (site_id) REFERENCES django_site(id) DEFERRABLE INITIALLY DEFERRED;


--
-- PostgreSQL database dump complete
--

