[{"pk": 29, "model": "contenttypes.contenttype", "fields": {"model": "apiaccess", "name": "api access", "app_label": "tastypie"}}, {"pk": 30, "model": "contenttypes.contenttype", "fields": {"model": "apikey", "name": "api key", "app_label": "tastypie"}}, {"pk": 55, "model": "contenttypes.contenttype", "fields": {"model": "article", "name": "article", "app_label": "newsletter"}}, {"pk": 33, "model": "contenttypes.contenttype", "fields": {"model": "author", "name": "author", "app_label": "zinnia"}}, {"pk": 44, "model": "contenttypes.contenttype", "fields": {"model": "cachekey", "name": "cache key", "app_label": "menus"}}, {"pk": 31, "model": "contenttypes.contenttype", "fields": {"model": "category", "name": "category", "app_label": "zinnia"}}, {"pk": 67, "model": "contenttypes.contenttype", "fields": {"model": "chart", "name": "chart", "app_label": "db"}}, {"pk": 35, "model": "contenttypes.contenttype", "fields": {"model": "cmsplugin", "name": "cms plugin", "app_label": "cms"}}, {"pk": 66, "model": "contenttypes.contenttype", "fields": {"model": "cognitivearea", "name": "cognitive area", "app_label": "db"}}, {"pk": 21, "model": "contenttypes.contenttype", "fields": {"model": "comment", "name": "comment", "app_label": "comments"}}, {"pk": 22, "model": "contenttypes.contenttype", "fields": {"model": "commentflag", "name": "comment flag", "app_label": "comments"}}, {"pk": 18, "model": "contenttypes.contenttype", "fields": {"model": "contenttype", "name": "content type", "app_label": "contenttypes"}}, {"pk": 52, "model": "contenttypes.contenttype", "fields": {"model": "emailtemplate", "name": "e-mail template", "app_label": "newsletter"}}, {"pk": 32, "model": "contenttypes.contenttype", "fields": {"model": "entry", "name": "entry", "app_label": "zinnia"}}, {"pk": 48, "model": "contenttypes.contenttype", "fields": {"model": "file", "name": "file", "app_label": "file"}}, {"pk": 60, "model": "contenttypes.contenttype", "fields": {"model": "game", "name": "game", "app_label": "db"}}, {"pk": 25, "model": "contenttypes.contenttype", "fields": {"model": "game", "name": "game", "app_label": "web"}}, {"pk": 61, "model": "contenttypes.contenttype", "fields": {"model": "gameplay", "name": "game play", "app_label": "db"}}, {"pk": 64, "model": "contenttypes.contenttype", "fields": {"model": "gameroute", "name": "game route", "app_label": "db"}}, {"pk": 16, "model": "contenttypes.contenttype", "fields": {"model": "group", "name": "group", "app_label": "auth"}}, {"pk": 68, "model": "contenttypes.contenttype", "fields": {"model": "indicator", "name": "indicator", "app_label": "db"}}, {"pk": 62, "model": "contenttypes.contenttype", "fields": {"model": "level", "name": "level", "app_label": "db"}}, {"pk": 46, "model": "contenttypes.contenttype", "fields": {"model": "link", "name": "link", "app_label": "link"}}, {"pk": 23, "model": "contenttypes.contenttype", "fields": {"model": "logentry", "name": "log entry", "app_label": "admin"}}, {"pk": 56, "model": "contenttypes.contenttype", "fields": {"model": "message", "name": "message", "app_label": "newsletter"}}, {"pk": 28, "model": "contenttypes.contenttype", "fields": {"model": "migrationhistory", "name": "migration history", "app_label": "south"}}, {"pk": 69, "model": "contenttypes.contenttype", "fields": {"model": "multipleintelligence", "name": "multiple intelligence", "app_label": "db"}}, {"pk": 53, "model": "contenttypes.contenttype", "fields": {"model": "newsletter", "name": "newsletter", "app_label": "newsletter"}}, {"pk": 36, "model": "contenttypes.contenttype", "fields": {"model": "page", "name": "page", "app_label": "cms"}}, {"pk": 39, "model": "contenttypes.contenttype", "fields": {"model": "globalpagepermission", "name": "Page global permission", "app_label": "cms"}}, {"pk": 37, "model": "contenttypes.contenttype", "fields": {"model": "pagemoderator", "name": "PageModerator", "app_label": "cms"}}, {"pk": 38, "model": "contenttypes.contenttype", "fields": {"model": "pagemoderatorstate", "name": "Page moderator state", "app_label": "cms"}}, {"pk": 40, "model": "contenttypes.contenttype", "fields": {"model": "pagepermission", "name": "Page permission", "app_label": "cms"}}, {"pk": 15, "model": "contenttypes.contenttype", "fields": {"model": "permission", "name": "permission", "app_label": "auth"}}, {"pk": 47, "model": "contenttypes.contenttype", "fields": {"model": "picture", "name": "picture", "app_label": "picture"}}, {"pk": 34, "model": "contenttypes.contenttype", "fields": {"model": "placeholder", "name": "placeholder", "app_label": "cms"}}, {"pk": 59, "model": "contenttypes.contenttype", "fields": {"model": "player", "name": "player", "app_label": "db"}}, {"pk": 65, "model": "contenttypes.contenttype", "fields": {"model": "route_node", "name": "route_ node", "app_label": "db"}}, {"pk": 63, "model": "contenttypes.contenttype", "fields": {"model": "scene", "name": "scene", "app_label": "db"}}, {"pk": 70, "model": "contenttypes.contenttype", "fields": {"model": "score", "name": "score", "app_label": "db"}}, {"pk": 19, "model": "contenttypes.contenttype", "fields": {"model": "session", "name": "session", "app_label": "sessions"}}, {"pk": 20, "model": "contenttypes.contenttype", "fields": {"model": "site", "name": "site", "app_label": "sites"}}, {"pk": 57, "model": "contenttypes.contenttype", "fields": {"model": "submission", "name": "submission", "app_label": "newsletter"}}, {"pk": 54, "model": "contenttypes.contenttype", "fields": {"model": "subscription", "name": "subscription", "app_label": "newsletter"}}, {"pk": 26, "model": "contenttypes.contenttype", "fields": {"model": "tag", "name": "tag", "app_label": "tagging"}}, {"pk": 27, "model": "contenttypes.contenttype", "fields": {"model": "taggeditem", "name": "tagged item", "app_label": "tagging"}}, {"pk": 45, "model": "contenttypes.contenttype", "fields": {"model": "text", "name": "text", "app_label": "text"}}, {"pk": 43, "model": "contenttypes.contenttype", "fields": {"model": "title", "name": "title", "app_label": "cms"}}, {"pk": 50, "model": "contenttypes.contenttype", "fields": {"model": "twitterrecententries", "name": "twitter recent entries", "app_label": "twitter"}}, {"pk": 51, "model": "contenttypes.contenttype", "fields": {"model": "twittersearch", "name": "twitter search", "app_label": "twitter"}}, {"pk": 17, "model": "contenttypes.contenttype", "fields": {"model": "user", "name": "user", "app_label": "auth"}}, {"pk": 42, "model": "contenttypes.contenttype", "fields": {"model": "pageusergroup", "name": "User group (page)", "app_label": "cms"}}, {"pk": 41, "model": "contenttypes.contenttype", "fields": {"model": "pageuser", "name": "User (page)", "app_label": "cms"}}, {"pk": 24, "model": "contenttypes.contenttype", "fields": {"model": "userprofile", "name": "user profile", "app_label": "web"}}, {"pk": 58, "model": "contenttypes.contenttype", "fields": {"model": "userprofile", "name": "user profile", "app_label": "db"}}, {"pk": 49, "model": "contenttypes.contenttype", "fields": {"model": "video", "name": "video", "app_label": "video"}}, {"pk": "f1cb179642d7eb14cd503babf9e1cd01", "model": "sessions.session", "fields": {"expire_date": "2012-09-07T16:18:17.271Z", "session_data": "YmUyODJiMWJkNzRiOGUyYzdjMjYyYTMwODQzNzgwNDMzMWUzNWY3ZjqAAn1xAShVDmNtc19hZG1p\nbl9zaXRlSwFVEl9hdXRoX3VzZXJfYmFja2VuZFUpZGphbmdvLmNvbnRyaWIuYXV0aC5iYWNrZW5k\ncy5Nb2RlbEJhY2tlbmRVCnRlc3Rjb29raWVVBndvcmtlZFUPZGphbmdvX2xhbmd1YWdlWAIAAABl\nc3ECVQ1fYXV0aF91c2VyX2lkSwF1Lg==\n"}}, {"pk": "a2211bcdb1de2c34fc81a59fc741d565", "model": "sessions.session", "fields": {"expire_date": "2012-09-07T14:48:24.179Z", "session_data": "ZDljNWE4NzQ2M2Y1OTVhYTFjYmE0ZGMxODY1MWUyZmFiZmQzODliNjqAAn1xAS4=\n"}}, {"pk": "6bf4fab4b5d4bcca76a626f270da3eea", "model": "sessions.session", "fields": {"expire_date": "2012-09-13T15:34:33.278Z", "session_data": "ZTBmZjYzNjE1ZmFkMThiOWZlZWNhYWY2YzA2YzU4Yzc1ZTQyMDU5ODqAAn1xAShVDmNtc19hZG1p\nbl9zaXRlSwFVDV9hdXRoX3VzZXJfaWRLAVUPZGphbmdvX2xhbmd1YWdlWAIAAABlbnECVRJfYXV0\naF91c2VyX2JhY2tlbmRVKWRqYW5nby5jb250cmliLmF1dGguYmFja2VuZHMuTW9kZWxCYWNrZW5k\ndS4=\n"}}, {"pk": "88dab634ecd220ff35c94f356ff16908", "model": "sessions.session", "fields": {"expire_date": "2012-09-14T16:26:57.764Z", "session_data": "MjFiNWQxMjZhMmFlNDE1MzQ3OGY4MjY4MzlhMTJlNGM2ODI2MDBiMjqAAn1xAShVDV9hdXRoX3Vz\nZXJfaWRLA1UPZGphbmdvX2xhbmd1YWdlWAIAAABlbnECVRJfYXV0aF91c2VyX2JhY2tlbmRVKWRq\nYW5nby5jb250cmliLmF1dGguYmFja2VuZHMuTW9kZWxCYWNrZW5kdS4=\n"}}, {"pk": "c9ae1cc82ba943fb662b7cb5e0f6d35a", "model": "sessions.session", "fields": {"expire_date": "2012-09-13T16:27:18.127Z", "session_data": "YjE4Y2RjYjMwN2JmYjNmMTJlMjEzNzlhNTcwNjk5YWE2ZjA5YWYzZDqAAn1xAShVEl9hdXRoX3Vz\nZXJfYmFja2VuZFUpZGphbmdvLmNvbnRyaWIuYXV0aC5iYWNrZW5kcy5Nb2RlbEJhY2tlbmRVD2Rq\nYW5nb19sYW5ndWFnZVgCAAAAZW5xAlUNX2F1dGhfdXNlcl9pZEsCdS4=\n"}}, {"pk": "d310ef0fb9eb61aca087db164f32ae33", "model": "sessions.session", "fields": {"expire_date": "2012-09-28T12:05:54.071Z", "session_data": "ZTBmZjYzNjE1ZmFkMThiOWZlZWNhYWY2YzA2YzU4Yzc1ZTQyMDU5ODqAAn1xAShVDmNtc19hZG1p\nbl9zaXRlSwFVDV9hdXRoX3VzZXJfaWRLAVUPZGphbmdvX2xhbmd1YWdlWAIAAABlbnECVRJfYXV0\naF91c2VyX2JhY2tlbmRVKWRqYW5nby5jb250cmliLmF1dGguYmFja2VuZHMuTW9kZWxCYWNrZW5k\ndS4=\n"}}, {"pk": "703f97f58a6434507798923e90eee9ef", "model": "sessions.session", "fields": {"expire_date": "2012-09-28T14:23:36.985Z", "session_data": "NDNjMjJjNGU0NWNmZWU2ZmJhNTVlZjc2NGExZjU2MjY2NzEzYzNiYzqAAn1xAShVCnRlc3Rjb29r\naWVxAlUGd29ya2VkcQNVD2RqYW5nb19sYW5ndWFnZVgCAAAAZW5xBHUu\n"}}, {"pk": "da67770e3385b4c9709a1658fa933090", "model": "sessions.session", "fields": {"expire_date": "2012-09-28T14:27:21.072Z", "session_data": "NDNjMjJjNGU0NWNmZWU2ZmJhNTVlZjc2NGExZjU2MjY2NzEzYzNiYzqAAn1xAShVCnRlc3Rjb29r\naWVxAlUGd29ya2VkcQNVD2RqYW5nb19sYW5ndWFnZVgCAAAAZW5xBHUu\n"}}, {"pk": "c2831bd2f7bd58e322e43fb5e7c4b00c", "model": "sessions.session", "fields": {"expire_date": "2012-09-29T13:04:48.467Z", "session_data": "MTA3ZGJiM2RkMjdmMWE1MjIzODYzZjg3ZDBhNDdjOWU4MTdhZDA0YzqAAn1xAShVDmNtc19hZG1p\nbl9zaXRlSwFVDV9hdXRoX3VzZXJfaWRLAVUPZGphbmdvX2xhbmd1YWdlWAIAAABlc3ECVRJfYXV0\naF91c2VyX2JhY2tlbmRVKWRqYW5nby5jb250cmliLmF1dGguYmFja2VuZHMuTW9kZWxCYWNrZW5k\ndS4=\n"}}, {"pk": "d09c7cb3955a1d0b414f48477cf42458", "model": "sessions.session", "fields": {"expire_date": "2012-09-30T06:00:40.892Z", "session_data": "NmQ3NWRjY2QxMzQ5MmNiMDNhNWNhMmQzYzg5ZGFkMmY4YzdjNDhlNzqAAn1xAShVDmNtc19hZG1p\nbl9zaXRlSwFVEl9hdXRoX3VzZXJfYmFja2VuZFUpZGphbmdvLmNvbnRyaWIuYXV0aC5iYWNrZW5k\ncy5Nb2RlbEJhY2tlbmRVD2RqYW5nb19sYW5ndWFnZVgCAAAAZW5xAlUNX2F1dGhfdXNlcl9pZEsB\ndS4=\n"}}, {"pk": 2, "model": "sites.site", "fields": {"domain": "infantium.com", "name": "Infantium"}}, {"pk": 1, "model": "sites.site", "fields": {"domain": "localhost:8000", "name": "localhost:8000"}}, {"pk": 1, "model": "db.player", "fields": {"user_profile": 1, "deleted": false, "months": 12, "creation_time": "2012-08-30T19:16:14.760Z", "modification_time": "2012-08-30T19:16:18.968Z", "meta": "{}", "nickname": "menino"}}, {"pk": 1, "model": "db.game", "fields": {"long_desc": "descripcion larga", "name": "Game1", "min_age_months": 8, "deleted": false, "short_desc": "descripcion", "creation_time": "2012-08-30T19:17:53.321Z", "modification_time": "2012-08-30T19:17:53.321Z", "meta": "{\"meta1\": \"1\"}", "max_age_months": 24}}, {"pk": 6, "model": "cms.placeholder", "fields": {"slot": "content", "default_width": null}}, {"pk": 7, "model": "cms.placeholder", "fields": {"slot": "spotlight1", "default_width": null}}, {"pk": 8, "model": "cms.placeholder", "fields": {"slot": "spotlight2", "default_width": null}}, {"pk": 9, "model": "cms.placeholder", "fields": {"slot": "spotlight3", "default_width": null}}, {"pk": 10, "model": "cms.placeholder", "fields": {"slot": "spotlight", "default_width": null}}, {"pk": 11, "model": "cms.placeholder", "fields": {"slot": "content", "default_width": null}}, {"pk": 12, "model": "cms.placeholder", "fields": {"slot": "spotlight", "default_width": null}}, {"pk": 1, "model": "cms.placeholder", "fields": {"slot": "content", "default_width": null}}, {"pk": 2, "model": "cms.placeholder", "fields": {"slot": "spotlight", "default_width": null}}, {"pk": 3, "model": "cms.placeholder", "fields": {"slot": "content", "default_width": null}}, {"pk": 4, "model": "cms.placeholder", "fields": {"slot": "spotlight", "default_width": null}}, {"pk": 13, "model": "cms.placeholder", "fields": {"slot": "content", "default_width": null}}, {"pk": 14, "model": "cms.placeholder", "fields": {"slot": "spotlight", "default_width": null}}, {"pk": 15, "model": "cms.placeholder", "fields": {"slot": "content", "default_width": null}}, {"pk": 16, "model": "cms.placeholder", "fields": {"slot": "spotlight", "default_width": null}}, {"pk": 17, "model": "cms.placeholder", "fields": {"slot": "content", "default_width": null}}, {"pk": 18, "model": "cms.placeholder", "fields": {"slot": "spotlight", "default_width": null}}, {"pk": 19, "model": "cms.placeholder", "fields": {"slot": "content", "default_width": null}}, {"pk": 20, "model": "cms.placeholder", "fields": {"slot": "spotlight", "default_width": null}}, {"pk": 3, "model": "cms.cmsplugin", "fields": {"rght": 2, "parent": null, "language": "en", "level": 0, "creation_date": "2012-08-02T20:08:57.464Z", "lft": 1, "tree_id": 2, "position": 0, "placeholder": 6, "plugin_type": "TextPlugin"}}, {"pk": 4, "model": "cms.cmsplugin", "fields": {"rght": 4, "parent": null, "language": "en", "level": 0, "creation_date": "2012-08-03T19:59:29.814Z", "lft": 1, "tree_id": 3, "position": 0, "placeholder": 10, "plugin_type": "TextPlugin"}}, {"pk": 5, "model": "cms.cmsplugin", "fields": {"rght": 2, "parent": null, "language": "es", "level": 0, "creation_date": "2012-08-02T20:08:57.464Z", "lft": 1, "tree_id": 4, "position": 0, "placeholder": 6, "plugin_type": "TextPlugin"}}, {"pk": 6, "model": "cms.cmsplugin", "fields": {"rght": 2, "parent": null, "language": "es", "level": 0, "creation_date": "2012-08-03T19:59:29.814Z", "lft": 1, "tree_id": 5, "position": 0, "placeholder": 10, "plugin_type": "TextPlugin"}}, {"pk": 7, "model": "cms.cmsplugin", "fields": {"rght": 2, "parent": null, "language": "en", "level": 0, "creation_date": "2012-08-30T15:06:08.206Z", "lft": 1, "tree_id": 6, "position": 0, "placeholder": 13, "plugin_type": "TextPlugin"}}, {"pk": 8, "model": "cms.cmsplugin", "fields": {"rght": 2, "parent": null, "language": "en", "level": 0, "creation_date": "2012-08-30T15:06:38.798Z", "lft": 1, "tree_id": 7, "position": 0, "placeholder": 14, "plugin_type": "TextPlugin"}}, {"pk": 12, "model": "cms.cmsplugin", "fields": {"rght": 2, "parent": null, "language": "es", "level": 0, "creation_date": "2012-08-30T15:06:08.206Z", "lft": 1, "tree_id": 8, "position": 0, "placeholder": 13, "plugin_type": "TextPlugin"}}, {"pk": 13, "model": "cms.cmsplugin", "fields": {"rght": 2, "parent": null, "language": "es", "level": 0, "creation_date": "2012-08-30T15:06:38.798Z", "lft": 1, "tree_id": 9, "position": 0, "placeholder": 14, "plugin_type": "TextPlugin"}}, {"pk": 14, "model": "cms.cmsplugin", "fields": {"rght": 2, "parent": null, "language": "en", "level": 0, "creation_date": "2012-08-30T15:10:53.475Z", "lft": 1, "tree_id": 10, "position": 0, "placeholder": 15, "plugin_type": "TextPlugin"}}, {"pk": 15, "model": "cms.cmsplugin", "fields": {"rght": 2, "parent": null, "language": "en", "level": 0, "creation_date": "2012-08-30T15:11:21.444Z", "lft": 1, "tree_id": 11, "position": 0, "placeholder": 16, "plugin_type": "TextPlugin"}}, {"pk": 16, "model": "cms.cmsplugin", "fields": {"rght": 2, "parent": null, "language": "es", "level": 0, "creation_date": "2012-08-30T15:10:53.475Z", "lft": 1, "tree_id": 12, "position": 0, "placeholder": 15, "plugin_type": "TextPlugin"}}, {"pk": 17, "model": "cms.cmsplugin", "fields": {"rght": 2, "parent": null, "language": "es", "level": 0, "creation_date": "2012-08-30T15:11:21.444Z", "lft": 1, "tree_id": 13, "position": 0, "placeholder": 16, "plugin_type": "TextPlugin"}}, {"pk": 19, "model": "cms.cmsplugin", "fields": {"rght": 2, "parent": null, "language": "en", "level": 0, "creation_date": "2012-08-30T15:14:40.323Z", "lft": 1, "tree_id": 15, "position": 0, "placeholder": 18, "plugin_type": "TextPlugin"}}, {"pk": 20, "model": "cms.cmsplugin", "fields": {"rght": 2, "parent": null, "language": "en", "level": 0, "creation_date": "2012-08-30T15:16:46.639Z", "lft": 1, "tree_id": 16, "position": 0, "placeholder": 19, "plugin_type": "TextPlugin"}}, {"pk": 21, "model": "cms.cmsplugin", "fields": {"rght": 2, "parent": null, "language": "en", "level": 0, "creation_date": "2012-08-30T15:21:17.603Z", "lft": 1, "tree_id": 17, "position": 0, "placeholder": 20, "plugin_type": "TextPlugin"}}, {"pk": 22, "model": "cms.cmsplugin", "fields": {"rght": 2, "parent": null, "language": "en", "level": 0, "creation_date": "2012-08-30T15:31:54.730Z", "lft": 1, "tree_id": 18, "position": 0, "placeholder": 17, "plugin_type": "TextPlugin"}}, {"pk": 23, "model": "cms.cmsplugin", "fields": {"rght": 2, "parent": null, "language": "es", "level": 0, "creation_date": "2012-08-30T15:16:46.639Z", "lft": 1, "tree_id": 19, "position": 0, "placeholder": 19, "plugin_type": "TextPlugin"}}, {"pk": 24, "model": "cms.cmsplugin", "fields": {"rght": 2, "parent": null, "language": "es", "level": 0, "creation_date": "2012-08-30T15:21:17.603Z", "lft": 1, "tree_id": 20, "position": 0, "placeholder": 20, "plugin_type": "TextPlugin"}}, {"pk": 26, "model": "cms.cmsplugin", "fields": {"rght": 2, "parent": null, "language": "es", "level": 0, "creation_date": "2012-08-30T15:14:40.323Z", "lft": 1, "tree_id": 22, "position": 0, "placeholder": 18, "plugin_type": "TextPlugin"}}, {"pk": 30, "model": "cms.cmsplugin", "fields": {"rght": 2, "parent": null, "language": "es", "level": 0, "creation_date": "2012-09-14T19:08:23.420Z", "lft": 1, "tree_id": 23, "position": 0, "placeholder": 17, "plugin_type": "TextPlugin"}}, {"pk": 3, "model": "cms.page", "fields": {"rght": 2, "navigation_extenders": "", "site": 1, "creation_date": "2012-08-03T21:10:03.815Z", "lft": 1, "in_navigation": false, "reverse_id": null, "login_required": false, "created_by": "admin", "publication_end_date": null, "moderator_state": 0, "template": "web/left-sidebar.html", "tree_id": 3, "placeholders": [11, 12], "changed_date": "2012-08-03T21:11:31.834Z", "limit_visibility_in_menu": null, "parent": null, "publisher_state": 1, "soft_root": false, "publication_date": "2012-08-03T21:10:09.240Z", "publisher_public": null, "level": 0, "changed_by": "admin", "publisher_is_draft": true, "published": true}}, {"pk": 2, "model": "cms.page", "fields": {"rght": 2, "navigation_extenders": "", "site": 1, "creation_date": "2012-08-02T20:08:24.833Z", "lft": 1, "in_navigation": false, "reverse_id": "metodo", "login_required": true, "created_by": "admin", "publication_end_date": null, "moderator_state": 0, "template": "web/left-sidebar-method-infantium.html", "tree_id": 4, "placeholders": [6, 7, 8, 9, 10], "changed_date": "2012-09-14T11:45:57.146Z", "limit_visibility_in_menu": null, "parent": null, "publisher_state": 1, "soft_root": false, "publication_date": "2012-08-02T20:10:10.050Z", "publisher_public": null, "level": 0, "changed_by": "admin", "publisher_is_draft": true, "published": true}}, {"pk": 4, "model": "cms.page", "fields": {"rght": 2, "navigation_extenders": "", "site": 1, "creation_date": "2012-08-30T15:05:35.017Z", "lft": 1, "in_navigation": false, "reverse_id": "lista-apps", "login_required": true, "created_by": "admin", "publication_end_date": null, "moderator_state": 0, "template": "web/left-sidebar-apps-list.html", "tree_id": 5, "placeholders": [13, 14], "changed_date": "2012-09-14T12:01:31.323Z", "limit_visibility_in_menu": null, "parent": null, "publisher_state": 1, "soft_root": false, "publication_date": "2012-08-30T15:07:15.374Z", "publisher_public": null, "level": 0, "changed_by": "admin", "publisher_is_draft": true, "published": true}}, {"pk": 5, "model": "cms.page", "fields": {"rght": 2, "navigation_extenders": "", "site": 1, "creation_date": "2012-08-30T15:10:19.272Z", "lft": 1, "in_navigation": false, "reverse_id": "quienes-somos", "login_required": true, "created_by": "admin", "publication_end_date": null, "moderator_state": 0, "template": "web/left-sidebar-who-we-are.html", "tree_id": 6, "placeholders": [15, 16], "changed_date": "2012-08-30T15:34:02.772Z", "limit_visibility_in_menu": null, "parent": null, "publisher_state": 1, "soft_root": false, "publication_date": "2012-08-30T15:12:43.012Z", "publisher_public": null, "level": 0, "changed_by": "admin", "publisher_is_draft": true, "published": true}}, {"pk": 6, "model": "cms.page", "fields": {"rght": 2, "navigation_extenders": "", "site": 1, "creation_date": "2012-08-30T15:13:49.687Z", "lft": 1, "in_navigation": false, "reverse_id": "contacto", "login_required": true, "created_by": "admin", "publication_end_date": null, "moderator_state": 0, "template": "web/left-sidebar-contact.html", "tree_id": 7, "placeholders": [17, 18], "changed_date": "2012-09-14T19:04:20.169Z", "limit_visibility_in_menu": null, "parent": null, "publisher_state": 1, "soft_root": false, "publication_date": "2012-08-30T15:15:25.437Z", "publisher_public": null, "level": 0, "changed_by": "admin", "publisher_is_draft": true, "published": true}}, {"pk": 7, "model": "cms.page", "fields": {"rght": 2, "navigation_extenders": "", "site": 1, "creation_date": "2012-08-30T15:16:11.960Z", "lft": 1, "in_navigation": false, "reverse_id": "terminos-uso", "login_required": true, "created_by": "admin", "publication_end_date": null, "moderator_state": 0, "template": "web/left-sidebar-terms.html", "tree_id": 8, "placeholders": [19, 20], "changed_date": "2012-09-14T19:45:04.861Z", "limit_visibility_in_menu": null, "parent": null, "publisher_state": 1, "soft_root": false, "publication_date": "2012-08-30T15:21:47.279Z", "publisher_public": null, "level": 0, "changed_by": "admin", "publisher_is_draft": true, "published": true}}, {"pk": 3, "model": "cms.title", "fields": {"menu_title": "", "redirect": "", "meta_keywords": "", "page_title": "", "language": "en", "title": "Home", "has_url_overwrite": false, "application_urls": "MyApphook", "creation_date": "2012-08-03T21:10:03.931Z", "page": 3, "path": "", "meta_description": "", "slug": "home"}}, {"pk": 4, "model": "cms.title", "fields": {"menu_title": "", "redirect": "", "meta_keywords": "", "page_title": "", "language": "es", "title": "M\u00e9todo Infantium", "has_url_overwrite": false, "application_urls": "", "creation_date": "2012-08-21T22:59:33.046Z", "page": 2, "path": "metodo-infantium", "meta_description": "", "slug": "metodo-infantium"}}, {"pk": 7, "model": "cms.title", "fields": {"menu_title": "", "redirect": "", "meta_keywords": "", "page_title": "", "language": "es", "title": "Qui\u00e9nes Somos", "has_url_overwrite": false, "application_urls": "", "creation_date": "2012-08-30T15:10:19.544Z", "page": 5, "path": "quienes-somos", "meta_description": "", "slug": "quienes-somos"}}, {"pk": 10, "model": "cms.title", "fields": {"menu_title": "", "redirect": "", "meta_keywords": "", "page_title": "", "language": "en", "title": "Contacto", "has_url_overwrite": false, "application_urls": "", "creation_date": "2012-08-30T15:15:25.580Z", "page": 6, "path": "contacto", "meta_description": "", "slug": "contacto"}}, {"pk": 8, "model": "cms.title", "fields": {"menu_title": "", "redirect": "", "meta_keywords": "", "page_title": "", "language": "en", "title": "Qui\u00e9nes Somos", "has_url_overwrite": false, "application_urls": "", "creation_date": "2012-08-30T15:12:43.159Z", "page": 5, "path": "quienes-somos", "meta_description": "", "slug": "quienes-somos"}}, {"pk": 5, "model": "cms.title", "fields": {"menu_title": "", "redirect": "", "meta_keywords": "", "page_title": "", "language": "es", "title": "Infantium Apps", "has_url_overwrite": false, "application_urls": "", "creation_date": "2012-08-30T15:05:35.217Z", "page": 4, "path": "infantium-apps", "meta_description": "", "slug": "infantium-apps"}}, {"pk": 2, "model": "cms.title", "fields": {"menu_title": "", "redirect": "", "meta_keywords": "", "page_title": "Aplicaciones de Infantium", "language": "en", "title": "Infantium Method", "has_url_overwrite": true, "application_urls": "", "creation_date": "2012-08-02T20:08:25.001Z", "page": 2, "path": "metodo-infantium", "meta_description": "", "slug": "infantium-method"}}, {"pk": 6, "model": "cms.title", "fields": {"menu_title": "", "redirect": "", "meta_keywords": "gamification, serious games, childhood education ", "page_title": "Aplicaciones de Infantium", "language": "en", "title": "Infantium Apps", "has_url_overwrite": false, "application_urls": "", "creation_date": "2012-08-30T15:07:15.966Z", "page": 4, "path": "infantium-apps", "meta_description": "adaptive learning gaming platform for kids aged 0-6 years old", "slug": "infantium-apps"}}, {"pk": 12, "model": "cms.title", "fields": {"menu_title": "", "redirect": "", "meta_keywords": "kids privacy policy,", "page_title": "Terms and conditions", "language": "en", "title": "T\u00e9rminos de Uso", "has_url_overwrite": false, "application_urls": "", "creation_date": "2012-08-30T15:21:47.440Z", "page": 7, "path": "terminos-uso", "meta_description": "privacy policy (www.infantium.com and Rufi Adventures) ", "slug": "terminos-uso"}}, {"pk": 9, "model": "cms.title", "fields": {"menu_title": "", "redirect": "", "meta_keywords": "", "page_title": "", "language": "es", "title": "Contacto", "has_url_overwrite": false, "application_urls": "", "creation_date": "2012-08-30T15:13:49.862Z", "page": 6, "path": "contacto", "meta_description": "", "slug": "contacto"}}, {"pk": 11, "model": "cms.title", "fields": {"menu_title": "", "redirect": "", "meta_keywords": "pol\u00edtica de privacidad, ni\u00f1os, sitio web, aplicaci\u00f3n", "page_title": "Pol\u00edtica de privacidad ", "language": "es", "title": "T\u00e9rminos de Uso", "has_url_overwrite": false, "application_urls": "", "creation_date": "2012-08-30T15:16:12.164Z", "page": 7, "path": "terminos-uso", "meta_description": "pol\u00edtica de privacidad y de contrataci\u00f3n de www.infantium.com y Las aventuras de Rufi", "slug": "terminos-uso"}}, {"pk": 1, "model": "south.migrationhistory", "fields": {"applied": "2012-08-23T04:55:06.105Z", "app_name": "tastypie", "migration": "0001_initial"}}, {"pk": 2, "model": "south.migrationhistory", "fields": {"applied": "2012-08-23T04:55:06.155Z", "app_name": "zinnia", "migration": "0001_initial"}}, {"pk": 3, "model": "south.migrationhistory", "fields": {"applied": "2012-08-23T04:55:06.160Z", "app_name": "zinnia", "migration": "0002_auto__add_field_entry_pingback_enabled"}}, {"pk": 4, "model": "south.migrationhistory", "fields": {"applied": "2012-08-23T04:55:06.167Z", "app_name": "zinnia", "migration": "0003_auto__chg_field_category_title__chg_field_category_slug__add_unique_ca"}}, {"pk": 5, "model": "south.migrationhistory", "fields": {"applied": "2012-08-23T04:55:06.175Z", "app_name": "zinnia", "migration": "0004_mptt_categories"}}, {"pk": 6, "model": "south.migrationhistory", "fields": {"applied": "2012-08-23T04:55:06.183Z", "app_name": "zinnia", "migration": "0005_entry_protection"}}, {"pk": 7, "model": "south.migrationhistory", "fields": {"applied": "2012-08-23T04:55:06.189Z", "app_name": "zinnia", "migration": "0006_entry_template"}}, {"pk": 8, "model": "south.migrationhistory", "fields": {"applied": "2012-08-23T04:55:06.197Z", "app_name": "zinnia", "migration": "0007_entry_featured"}}, {"pk": 9, "model": "south.migrationhistory", "fields": {"applied": "2012-08-23T04:55:06.204Z", "app_name": "zinnia", "migration": "0008_add_status_permission"}}, {"pk": 10, "model": "south.migrationhistory", "fields": {"applied": "2012-08-23T04:55:06.211Z", "app_name": "zinnia", "migration": "0009_change_mptt_field"}}, {"pk": 11, "model": "south.migrationhistory", "fields": {"applied": "2012-08-23T04:55:06.220Z", "app_name": "zinnia", "migration": "0010_publication_dates_unrequired"}}, {"pk": 12, "model": "south.migrationhistory", "fields": {"applied": "2012-08-23T04:55:06.423Z", "app_name": "cms", "migration": "0001_initial"}}, {"pk": 13, "model": "south.migrationhistory", "fields": {"applied": "2012-08-23T04:55:06.429Z", "app_name": "cms", "migration": "0002_auto_start"}}, {"pk": 14, "model": "south.migrationhistory", "fields": {"applied": "2012-08-23T04:55:06.435Z", "app_name": "cms", "migration": "0003_remove_placeholder"}}, {"pk": 15, "model": "south.migrationhistory", "fields": {"applied": "2012-08-23T04:55:06.441Z", "app_name": "cms", "migration": "0004_textobjects"}}, {"pk": 16, "model": "south.migrationhistory", "fields": {"applied": "2012-08-23T04:55:06.446Z", "app_name": "cms", "migration": "0005_mptt_added_to_plugins"}}, {"pk": 17, "model": "south.migrationhistory", "fields": {"applied": "2012-08-23T04:55:06.453Z", "app_name": "text", "migration": "0001_initial"}}, {"pk": 18, "model": "south.migrationhistory", "fields": {"applied": "2012-08-23T04:55:06.459Z", "app_name": "text", "migration": "0002_freeze"}}, {"pk": 19, "model": "south.migrationhistory", "fields": {"applied": "2012-08-23T04:55:06.466Z", "app_name": "cms", "migration": "0006_apphook"}}, {"pk": 20, "model": "south.migrationhistory", "fields": {"applied": "2012-08-23T04:55:06.472Z", "app_name": "cms", "migration": "0007_apphook_longer"}}, {"pk": 21, "model": "south.migrationhistory", "fields": {"applied": "2012-08-23T04:55:06.481Z", "app_name": "cms", "migration": "0008_redirects"}}, {"pk": 22, "model": "south.migrationhistory", "fields": {"applied": "2012-08-23T04:55:06.489Z", "app_name": "cms", "migration": "0009_added_meta_fields"}}, {"pk": 23, "model": "south.migrationhistory", "fields": {"applied": "2012-08-23T04:55:06.496Z", "app_name": "cms", "migration": "0010_5char_language"}}, {"pk": 24, "model": "south.migrationhistory", "fields": {"applied": "2012-08-23T04:55:06.504Z", "app_name": "cms", "migration": "0011_title_overwrites"}}, {"pk": 25, "model": "south.migrationhistory", "fields": {"applied": "2012-08-23T04:55:06.510Z", "app_name": "cms", "migration": "0012_publisher"}}, {"pk": 26, "model": "south.migrationhistory", "fields": {"applied": "2012-08-23T04:55:06.520Z", "app_name": "text", "migration": "0003_publisher"}}, {"pk": 27, "model": "south.migrationhistory", "fields": {"applied": "2012-08-23T04:55:06.527Z", "app_name": "picture", "migration": "0001_initial"}}, {"pk": 28, "model": "south.migrationhistory", "fields": {"applied": "2012-08-23T04:55:06.534Z", "app_name": "picture", "migration": "0002_link_rename"}}, {"pk": 29, "model": "south.migrationhistory", "fields": {"applied": "2012-08-23T04:55:06.541Z", "app_name": "picture", "migration": "0003_freeze"}}, {"pk": 30, "model": "south.migrationhistory", "fields": {"applied": "2012-08-23T04:55:06.548Z", "app_name": "picture", "migration": "0004_publisher"}}, {"pk": 31, "model": "south.migrationhistory", "fields": {"applied": "2012-08-23T04:55:06.555Z", "app_name": "link", "migration": "0001_initial"}}, {"pk": 32, "model": "south.migrationhistory", "fields": {"applied": "2012-08-23T04:55:06.564Z", "app_name": "link", "migration": "0002_link_rename"}}, {"pk": 33, "model": "south.migrationhistory", "fields": {"applied": "2012-08-23T04:55:06.572Z", "app_name": "link", "migration": "0003_page_link"}}, {"pk": 34, "model": "south.migrationhistory", "fields": {"applied": "2012-08-23T04:55:06.579Z", "app_name": "link", "migration": "0004_larger_link_names"}}, {"pk": 35, "model": "south.migrationhistory", "fields": {"applied": "2012-08-23T04:55:06.587Z", "app_name": "link", "migration": "0005_publisher"}}, {"pk": 36, "model": "south.migrationhistory", "fields": {"applied": "2012-08-23T04:55:06.595Z", "app_name": "file", "migration": "0001_initial"}}, {"pk": 37, "model": "south.migrationhistory", "fields": {"applied": "2012-08-23T04:55:06.602Z", "app_name": "file", "migration": "0002_freeze"}}, {"pk": 38, "model": "south.migrationhistory", "fields": {"applied": "2012-08-23T04:55:06.610Z", "app_name": "file", "migration": "0003_publisher"}}, {"pk": 39, "model": "south.migrationhistory", "fields": {"applied": "2012-08-23T04:55:06.618Z", "app_name": "cms", "migration": "0013_site_copy"}}, {"pk": 40, "model": "south.migrationhistory", "fields": {"applied": "2012-08-23T04:55:06.626Z", "app_name": "cms", "migration": "0014_sites_removed"}}, {"pk": 41, "model": "south.migrationhistory", "fields": {"applied": "2012-08-23T04:55:06.631Z", "app_name": "cms", "migration": "0015_modified_by_added"}}, {"pk": 42, "model": "south.migrationhistory", "fields": {"applied": "2012-08-23T04:55:06.639Z", "app_name": "cms", "migration": "0016_author_copy"}}, {"pk": 43, "model": "south.migrationhistory", "fields": {"applied": "2012-08-23T04:55:06.648Z", "app_name": "cms", "migration": "0017_author_removed"}}, {"pk": 44, "model": "south.migrationhistory", "fields": {"applied": "2012-08-23T04:55:06.655Z", "app_name": "cms", "migration": "0018_site_permissions"}}, {"pk": 45, "model": "south.migrationhistory", "fields": {"applied": "2012-08-23T04:55:06.664Z", "app_name": "cms", "migration": "0019_public_table_renames"}}, {"pk": 46, "model": "south.migrationhistory", "fields": {"applied": "2012-08-23T04:55:06.672Z", "app_name": "text", "migration": "0004_table_rename"}}, {"pk": 47, "model": "south.migrationhistory", "fields": {"applied": "2012-08-23T04:55:06.681Z", "app_name": "text", "migration": "0005_publisher2"}}, {"pk": 48, "model": "south.migrationhistory", "fields": {"applied": "2012-08-23T04:55:06.687Z", "app_name": "picture", "migration": "0005_table_rename"}}, {"pk": 49, "model": "south.migrationhistory", "fields": {"applied": "2012-08-23T04:55:06.693Z", "app_name": "picture", "migration": "0006_float_added"}}, {"pk": 50, "model": "south.migrationhistory", "fields": {"applied": "2012-08-23T04:55:06.701Z", "app_name": "picture", "migration": "0007_publisher2"}}, {"pk": 51, "model": "south.migrationhistory", "fields": {"applied": "2012-08-23T04:55:06.711Z", "app_name": "link", "migration": "0006_table_rename"}}, {"pk": 52, "model": "south.migrationhistory", "fields": {"applied": "2012-08-23T04:55:06.718Z", "app_name": "link", "migration": "0007_publisher2"}}, {"pk": 53, "model": "south.migrationhistory", "fields": {"applied": "2012-08-23T04:55:06.727Z", "app_name": "file", "migration": "0004_table_rename"}}, {"pk": 54, "model": "south.migrationhistory", "fields": {"applied": "2012-08-23T04:55:06.734Z", "app_name": "file", "migration": "0005_publisher2"}}, {"pk": 55, "model": "south.migrationhistory", "fields": {"applied": "2012-08-23T04:55:06.744Z", "app_name": "cms", "migration": "0020_advanced_permissions"}}, {"pk": 56, "model": "south.migrationhistory", "fields": {"applied": "2012-08-23T04:55:06.751Z", "app_name": "cms", "migration": "0021_publisher2"}}, {"pk": 57, "model": "south.migrationhistory", "fields": {"applied": "2012-08-23T04:55:06.759Z", "app_name": "cms", "migration": "0022_login_required_added"}}, {"pk": 58, "model": "south.migrationhistory", "fields": {"applied": "2012-08-23T04:55:06.767Z", "app_name": "cms", "migration": "0023_plugin_table_naming_function_changed"}}, {"pk": 59, "model": "south.migrationhistory", "fields": {"applied": "2012-08-23T04:55:06.775Z", "app_name": "cms", "migration": "0024_added_placeholder_model"}}, {"pk": 60, "model": "south.migrationhistory", "fields": {"applied": "2012-08-23T04:55:06.782Z", "app_name": "cms", "migration": "0025_placeholder_migration"}}, {"pk": 61, "model": "south.migrationhistory", "fields": {"applied": "2012-08-23T04:55:06.790Z", "app_name": "cms", "migration": "0026_finish_placeholder_migration"}}, {"pk": 62, "model": "south.migrationhistory", "fields": {"applied": "2012-08-23T04:55:06.798Z", "app_name": "cms", "migration": "0027_added_width_to_placeholder"}}, {"pk": 63, "model": "south.migrationhistory", "fields": {"applied": "2012-08-23T04:55:06.805Z", "app_name": "cms", "migration": "0028_limit_visibility_in_menu_step1of3"}}, {"pk": 64, "model": "south.migrationhistory", "fields": {"applied": "2012-08-23T04:55:06.813Z", "app_name": "cms", "migration": "0029_limit_visibility_in_menu_step2of3_data"}}, {"pk": 65, "model": "south.migrationhistory", "fields": {"applied": "2012-08-23T04:55:06.821Z", "app_name": "cms", "migration": "0030_limit_visibility_in_menu_step3of3"}}, {"pk": 66, "model": "south.migrationhistory", "fields": {"applied": "2012-08-23T04:55:06.830Z", "app_name": "cms", "migration": "0031_improved_language_code_support"}}, {"pk": 67, "model": "south.migrationhistory", "fields": {"applied": "2012-08-23T04:55:06.836Z", "app_name": "cms", "migration": "0032_auto__del_field_cmsplugin_publisher_public__del_field_cmsplugin_publis"}}, {"pk": 68, "model": "south.migrationhistory", "fields": {"applied": "2012-08-23T04:55:06.844Z", "app_name": "cms", "migration": "0033_auto__del_field_title_publisher_is_draft__del_field_title_publisher_st"}}, {"pk": 69, "model": "south.migrationhistory", "fields": {"applied": "2012-08-23T04:55:06.851Z", "app_name": "cms", "migration": "0034_auto__chg_field_title_language__chg_field_cmsplugin_language__add_fiel"}}, {"pk": 70, "model": "south.migrationhistory", "fields": {"applied": "2012-08-23T04:55:06.858Z", "app_name": "cms", "migration": "0035_auto__add_field_globalpagepermission_can_view__add_field_pagepermissio"}}, {"pk": 71, "model": "south.migrationhistory", "fields": {"applied": "2012-08-23T04:55:06.919Z", "app_name": "menus", "migration": "0001_initial"}}, {"pk": 72, "model": "south.migrationhistory", "fields": {"applied": "2012-08-23T04:55:06.988Z", "app_name": "text", "migration": "0006_2_1_4_upgrade"}}, {"pk": 73, "model": "south.migrationhistory", "fields": {"applied": "2012-08-23T04:55:07.056Z", "app_name": "link", "migration": "0008_mailto"}}, {"pk": 74, "model": "south.migrationhistory", "fields": {"applied": "2012-08-23T04:55:07.119Z", "app_name": "picture", "migration": "0008_longdesc_added"}}, {"pk": 75, "model": "south.migrationhistory", "fields": {"applied": "2012-08-23T04:55:07.280Z", "app_name": "video", "migration": "0001_initial"}}, {"pk": 76, "model": "south.migrationhistory", "fields": {"applied": "2012-08-23T04:55:07.284Z", "app_name": "video", "migration": "0002_color_mute_controller"}}, {"pk": 77, "model": "south.migrationhistory", "fields": {"applied": "2012-08-23T04:55:07.292Z", "app_name": "video", "migration": "0003_newplayer_step1"}}, {"pk": 78, "model": "south.migrationhistory", "fields": {"applied": "2012-08-23T04:55:07.297Z", "app_name": "video", "migration": "0004_newplayer_step2"}}, {"pk": 79, "model": "south.migrationhistory", "fields": {"applied": "2012-08-23T04:55:07.303Z", "app_name": "video", "migration": "0005_newplayer_step3"}}, {"pk": 80, "model": "south.migrationhistory", "fields": {"applied": "2012-08-23T04:55:07.309Z", "app_name": "video", "migration": "0006_newplayer_step4"}}, {"pk": 81, "model": "south.migrationhistory", "fields": {"applied": "2012-08-23T04:55:07.317Z", "app_name": "video", "migration": "0007_newplayer_step5"}}, {"pk": 82, "model": "south.migrationhistory", "fields": {"applied": "2012-08-23T04:55:07.374Z", "app_name": "twitter", "migration": "0001_initial"}}, {"pk": 83, "model": "south.migrationhistory", "fields": {"applied": "2012-08-23T04:55:07.378Z", "app_name": "twitter", "migration": "0002_auto__add_twittersearch"}}, {"pk": 5, "model": "text.text", "fields": {"body": "<h1>Metodo Infantium</h1>\n\t\t\t<p>In eget dui neque. Vivamus et odio orci. Ut nec elit lacus. Morbi non magna orci. Mauris at eros non felis dignissim aliquam id ac tellus. Cras purus odio, pretium eu ornare et, fermentum non ipsum. Nam consectetur ligula eget mi scelerisque pulvinar. Duis feugiat mauris sit amet enim fringilla gravida. Mauris at sem vitae justo malesuada consectetur a ut nibh.</p>\n\t\t\t<article>\n\t\t\t\t<h2>Logica</h2>\n\n\t\t\t\t<p><img src=\"http://placehold.it/100x100\" class=\"al\"/>In eget dui neque. Vivamus et odio orci. Ut nec elit lacus. Morbi non magna orci. Mauris at eros non felis dignissim aliquam id ac tellus. Cras purus odio, pretium eu ornare et, fermentum non ipsum. Nam consectetur ligula eget mi scelerisque pulvinar. Duis feugiat mauris sit amet enim fringilla gravida. Mauris at sem vitae justo malesuada consectetur a ut nibh.</p>\n\t\t\t\t<p>In eget dui neque. Vivamus et odio orci. Ut nec elit lacus. Morbi non magna orci. Mauris at eros non felis dignissim aliquam id ac tellus. Cras purus odio, pretium eu ornare et, fermentum non ipsum. Nam consectetur ligula eget mi scelerisque pulvinar. Duis feugiat mauris sit amet enim fringilla gravida. Mauris at sem vitae justo malesuada consectetur a ut nibh.</p>\n\t\t\t</article>\n\n\t\t\t<article>\n\t\t\t\t<h2>Representacion mental</h2>\n\t\t\t\t<p><img src=\"http://placehold.it/100x100\" class=\"ar\"/>In eget dui neque. Vivamus et odio orci. Ut nec elit lacus. Morbi non magna orci. Mauris at eros non felis dignissim aliquam id ac tellus. Cras purus odio, pretium eu ornare et, fermentum non ipsum. Nam consectetur ligula eget mi scelerisque pulvinar. Duis feugiat mauris sit amet enim fringilla gravida. Mauris at sem vitae justo malesuada consectetur a ut nibh.</p>\n\n\t\t\t\t<p>In eget dui neque. Vivamus et odio orci. Ut nec elit lacus. Morbi non magna orci. Mauris at eros non felis dignissim aliquam id ac tellus. Cras purus odio, pretium eu ornare et, fermentum non ipsum. Nam consectetur ligula eget mi scelerisque pulvinar. Duis feugiat mauris sit amet enim fringilla gravida. Mauris at sem vitae justo malesuada consectetur a ut nibh.</p>\n\t\t\t</article>\n\n\t\t\t<article>\n\t\t\t\t<h2>Lenguaje</h2>\n\t\t\t\t<p>In eget dui neque. Vivamus et odio orci. Ut nec elit lacus. Morbi non magna orci. Mauris at eros non felis dignissim aliquam id ac tellus. Cras purus odio, pretium eu ornare et, fermentum non ipsum. Nam consectetur ligula eget mi scelerisque pulvinar. Duis feugiat mauris sit amet enim fringilla gravida. Mauris at sem vitae justo malesuada consectetur a ut nibh.</p>\n\n\t\t\t\t<p>In eget dui neque. Vivamus et odio orci. Ut nec elit lacus. Morbi non magna orci. Mauris at eros non felis dignissim aliquam id ac tellus. Cras purus odio, pretium eu ornare et, fermentum non ipsum. Nam consectetur ligula eget mi scelerisque pulvinar. Duis feugiat mauris sit amet enim fringilla gravida. Mauris at sem vitae justo malesuada consectetur a ut nibh.</p>\n\t\t\t</article>"}}, {"pk": 6, "model": "text.text", "fields": {"body": "<h2>Rufi Adventures</h2><article>\n\t\t\t\t<a href=\"app-details.php\"><img src=\"media/spotlight-games-01.jpg\" class=\"thumb\"/></a>\n\t\t\t\t<h3><a href=\"app-details.php\">Nombre del juego</a></h3>\n\t\t\t\t<p>Nulla facilisi. Nullam id nibh vel velit laoreet ultricies. Morbi laoreet gravi gravida magna in mollis. Duis dictum feugiat odio lorem facta. <a href=\"app-details.php\">Leer mas sobre [Nombre del juego]</a>.</p>\n\t\t\t</article><article>\n\t\t\t\t<a href=\"app-details.php\"><img src=\"img/games/spotlight-games-02.jpg\" class=\"thumb\"/></a>\n\n\t\t\t\t<h3><a href=\"app-details.php\">Nombre del juego</a></h3>\n\t\t\t\t<p>Nulla facilisi. Nullam id nibh vel velit laoreet ultricies. Morbi laoreet gravi gravida magna in mollis. Duis dictum feugiat odio lorem facta. <a href=\"app-details.php\">Leer mas sobre [Nombre del juego]</a>.</p>\n\t\t\t</article><article>\n\t\t\t\t<a href=\"app-details.php\"><img src=\"img/games/spotlight-games-03.jpg\" class=\"thumb\"/></a>\n\t\t\t\t<h3><a href=\"app-details.php\">Nombre del juego</a></h3>\n\t\t\t\t<p>Nulla facilisi. Nullam id nibh vel velit laoreet ultricies. Morbi laoreet gravi gravida magna in mollis. Duis dictum feugiat odio lorem facta. <a href=\"app-details.php\">Leer mas sobre [Nombre del juego]</a>.</p>\n\n\t\t\t</article>"}}, {"pk": 7, "model": "text.text", "fields": {"body": "<h1>Nuestras aplicaciones</h1>\n\t\t\t\t\t\t\t\t<article>\n\t\t\t\t\t\t<h2><a href=\"app-details.php\">App name 1</a></h2>\n\t\t\t\t\t\t<p><img src=\"http://placehold.it/100x100\" class=\"al\"/>In eget dui neque. Vivamus et odio orci. Ut nec elit lacus. Morbi non magna orci. Mauris at eros non felis dignissim aliquam id ac tellus. Cras purus odio, pretium eu ornare et, fermentum non ipsum. <a href=\"app-details.php\">Leer mas sobre [app name 1]</a>.</p>\n\t\t\t\t\t</article>\n\t\t\t\t\t\t\t\t\t<article>\n\t\t\t\t\t\t<h2><a href=\"app-details.php\">App name 2</a></h2>\n\t\t\t\t\t\t<p><img src=\"http://placehold.it/100x100\" class=\"al\"/>In eget dui neque. Vivamus et odio orci. Ut nec elit lacus. Morbi non magna orci. Mauris at eros non felis dignissim aliquam id ac tellus. Cras purus odio, pretium eu ornare et, fermentum non ipsum. <a href=\"app-details.php\">Leer mas sobre [app name 2]</a>.</p>\n\t\t\t\t\t</article>\n\t\t\t\t\t\t\t\t\t<article>\n\t\t\t\t\t\t<h2><a href=\"app-details.php\">App name 3</a></h2>\n\t\t\t\t\t\t<p><img src=\"http://placehold.it/100x100\" class=\"al\"/>In eget dui neque. Vivamus et odio orci. Ut nec elit lacus. Morbi non magna orci. Mauris at eros non felis dignissim aliquam id ac tellus. Cras purus odio, pretium eu ornare et, fermentum non ipsum. <a href=\"app-details.php\">Leer mas sobre [app name 3]</a>.</p>\n\t\t\t\t\t</article>\n\t\t\t\t\t\t\t\t\t<article>\n\t\t\t\t\t\t<h2><a href=\"app-details.php\">App name 4</a></h2>\n\t\t\t\t\t\t<p><img src=\"http://placehold.it/100x100\" class=\"al\"/>In eget dui neque. Vivamus et odio orci. Ut nec elit lacus. Morbi non magna orci. Mauris at eros non felis dignissim aliquam id ac tellus. Cras purus odio, pretium eu ornare et, fermentum non ipsum. <a href=\"app-details.php\">Leer mas sobre [app name 4]</a>.</p>\n\t\t\t\t\t</article>\n\t\t\t\t\t\t\t\t\t<article>\n\t\t\t\t\t\t<h2><a href=\"app-details.php\">App name 5</a></h2>\n\t\t\t\t\t\t<p><img src=\"http://placehold.it/100x100\" class=\"al\"/>In eget dui neque. Vivamus et odio orci. Ut nec elit lacus. Morbi non magna orci. Mauris at eros non felis dignissim aliquam id ac tellus. Cras purus odio, pretium eu ornare et, fermentum non ipsum. <a href=\"app-details.php\">Leer mas sobre [app name 5]</a>.</p>\n\t\t\t\t\t</article>\n\t\t\t\t\t\t\t\t\t<article>\n\t\t\t\t\t\t<h2><a href=\"app-details.php\">App name 6</a></h2>\n\t\t\t\t\t\t<p><img src=\"http://placehold.it/100x100\" class=\"al\"/>In eget dui neque. Vivamus et odio orci. Ut nec elit lacus. Morbi non magna orci. Mauris at eros non felis dignissim aliquam id ac tellus. Cras purus odio, pretium eu ornare et, fermentum non ipsum. <a href=\"app-details.php\">Leer mas sobre [app name 6]</a>.</p>\n\t\t\t\t\t</article>\n\t\t\t\t\t\t\t\t\t<article>\n\t\t\t\t\t\t<h2><a href=\"app-details.php\">App name 7</a></h2>\n\t\t\t\t\t\t<p><img src=\"http://placehold.it/100x100\" class=\"al\"/>In eget dui neque. Vivamus et odio orci. Ut nec elit lacus. Morbi non magna orci. Mauris at eros non felis dignissim aliquam id ac tellus. Cras purus odio, pretium eu ornare et, fermentum non ipsum. <a href=\"app-details.php\">Leer mas sobre [app name 7]</a>.</p>\n\t\t\t\t\t</article>\n\t\t\t\t\t\t\t\t\t<article>\n\t\t\t\t\t\t<h2><a href=\"app-details.php\">App name 8</a></h2>\n\t\t\t\t\t\t<p><img src=\"http://placehold.it/100x100\" class=\"al\"/>In eget dui neque. Vivamus et odio orci. Ut nec elit lacus. Morbi non magna orci. Mauris at eros non felis dignissim aliquam id ac tellus. Cras purus odio, pretium eu ornare et, fermentum non ipsum. <a href=\"app-details.php\">Leer mas sobre [app name 8]</a>.</p>\n\t\t\t\t\t</article>\n\t\t\t\t\t\t\t\t\t<article>\n\t\t\t\t\t\t<h2><a href=\"app-details.php\">App name 9</a></h2>\n\t\t\t\t\t\t<p><img src=\"http://placehold.it/100x100\" class=\"al\"/>In eget dui neque. Vivamus et odio orci. Ut nec elit lacus. Morbi non magna orci. Mauris at eros non felis dignissim aliquam id ac tellus. Cras purus odio, pretium eu ornare et, fermentum non ipsum. <a href=\"app-details.php\">Leer mas sobre [app name 9]</a>.</p>\n\t\t\t\t\t</article>\n\t\t\t\t\t\t\t\t\t<article>\n\t\t\t\t\t\t<h2><a href=\"app-details.php\">App name 10</a></h2>\n\t\t\t\t\t\t<p><img src=\"http://placehold.it/100x100\" class=\"al\"/>In eget dui neque. Vivamus et odio orci. Ut nec elit lacus. Morbi non magna orci. Mauris at eros non felis dignissim aliquam id ac tellus. Cras purus odio, pretium eu ornare et, fermentum non ipsum. <a href=\"app-details.php\">Leer mas sobre [app name 10]</a>.</p>\n\t\t\t\t\t</article>"}}, {"pk": 8, "model": "text.text", "fields": {"body": "<h2>Rufi Adventures</h2><article>\n\t\t\t\t<a href=\"app-details.php\"><img src=\"/static/img/games/spotlight-games-01.jpg\" class=\"thumb\"/></a>\n\t\t\t\t<h3><a href=\"app-details.php\">Nombre del juego</a></h3>\n\t\t\t\t<p>Nulla facilisi. Nullam id nibh vel velit laoreet ultricies. Morbi laoreet gravi gravida magna in mollis. Duis dictum feugiat odio lorem facta. <a href=\"app-details.php\">Leer mas sobre [Nombre del juego]</a>.</p>\n\t\t\t</article><article>\n\t\t\t\t<a href=\"app-details.php\"><img src=\"/static/img/games/spotlight-games-02.jpg\" class=\"thumb\"/></a>\n\t\t\t\t<h3><a href=\"app-details.php\">Nombre del juego</a></h3>\n\t\t\t\t<p>Nulla facilisi. Nullam id nibh vel velit laoreet ultricies. Morbi laoreet gravi gravida magna in mollis. Duis dictum feugiat odio lorem facta. <a href=\"app-details.php\">Leer mas sobre [Nombre del juego]</a>.</p>\n\t\t\t</article><article>\n\t\t\t\t<a href=\"app-details.php\"><img src=\"/static/img/games/spotlight-games-03.jpg\" class=\"thumb\"/></a>\n\t\t\t\t<h3><a href=\"app-details.php\">Nombre del juego</a></h3>\n\t\t\t\t<p>Nulla facilisi. Nullam id nibh vel velit laoreet ultricies. Morbi laoreet gravi gravida magna in mollis. Duis dictum feugiat odio lorem facta. <a href=\"app-details.php\">Leer mas sobre [Nombre del juego]</a>.</p>\n\t\t\t</article>"}}, {"pk": 12, "model": "text.text", "fields": {"body": "<h1>Nuestras aplicaciones</h1>\n\t\t\t\t\t\t\t\t<article>\n\t\t\t\t\t\t<h2><a href=\"app-details.php\">App name 1</a></h2>\n\t\t\t\t\t\t<p><img src=\"http://placehold.it/100x100\" class=\"al\"/>In eget dui neque. Vivamus et odio orci. Ut nec elit lacus. Morbi non magna orci. Mauris at eros non felis dignissim aliquam id ac tellus. Cras purus odio, pretium eu ornare et, fermentum non ipsum. <a href=\"app-details.php\">Leer mas sobre [app name 1]</a>.</p>\n\t\t\t\t\t</article>\n\t\t\t\t\t\t\t\t\t<article>\n\t\t\t\t\t\t<h2><a href=\"app-details.php\">App name 2</a></h2>\n\t\t\t\t\t\t<p><img src=\"http://placehold.it/100x100\" class=\"al\"/>In eget dui neque. Vivamus et odio orci. Ut nec elit lacus. Morbi non magna orci. Mauris at eros non felis dignissim aliquam id ac tellus. Cras purus odio, pretium eu ornare et, fermentum non ipsum. <a href=\"app-details.php\">Leer mas sobre [app name 2]</a>.</p>\n\t\t\t\t\t</article>\n\t\t\t\t\t\t\t\t\t<article>\n\t\t\t\t\t\t<h2><a href=\"app-details.php\">App name 3</a></h2>\n\t\t\t\t\t\t<p><img src=\"http://placehold.it/100x100\" class=\"al\"/>In eget dui neque. Vivamus et odio orci. Ut nec elit lacus. Morbi non magna orci. Mauris at eros non felis dignissim aliquam id ac tellus. Cras purus odio, pretium eu ornare et, fermentum non ipsum. <a href=\"app-details.php\">Leer mas sobre [app name 3]</a>.</p>\n\t\t\t\t\t</article>\n\t\t\t\t\t\t\t\t\t<article>\n\t\t\t\t\t\t<h2><a href=\"app-details.php\">App name 4</a></h2>\n\t\t\t\t\t\t<p><img src=\"http://placehold.it/100x100\" class=\"al\"/>In eget dui neque. Vivamus et odio orci. Ut nec elit lacus. Morbi non magna orci. Mauris at eros non felis dignissim aliquam id ac tellus. Cras purus odio, pretium eu ornare et, fermentum non ipsum. <a href=\"app-details.php\">Leer mas sobre [app name 4]</a>.</p>\n\t\t\t\t\t</article>\n\t\t\t\t\t\t\t\t\t<article>\n\t\t\t\t\t\t<h2><a href=\"app-details.php\">App name 5</a></h2>\n\t\t\t\t\t\t<p><img src=\"http://placehold.it/100x100\" class=\"al\"/>In eget dui neque. Vivamus et odio orci. Ut nec elit lacus. Morbi non magna orci. Mauris at eros non felis dignissim aliquam id ac tellus. Cras purus odio, pretium eu ornare et, fermentum non ipsum. <a href=\"app-details.php\">Leer mas sobre [app name 5]</a>.</p>\n\t\t\t\t\t</article>\n\t\t\t\t\t\t\t\t\t<article>\n\t\t\t\t\t\t<h2><a href=\"app-details.php\">App name 6</a></h2>\n\t\t\t\t\t\t<p><img src=\"http://placehold.it/100x100\" class=\"al\"/>In eget dui neque. Vivamus et odio orci. Ut nec elit lacus. Morbi non magna orci. Mauris at eros non felis dignissim aliquam id ac tellus. Cras purus odio, pretium eu ornare et, fermentum non ipsum. <a href=\"app-details.php\">Leer mas sobre [app name 6]</a>.</p>\n\t\t\t\t\t</article>\n\t\t\t\t\t\t\t\t\t<article>\n\t\t\t\t\t\t<h2><a href=\"app-details.php\">App name 7</a></h2>\n\t\t\t\t\t\t<p><img src=\"http://placehold.it/100x100\" class=\"al\"/>In eget dui neque. Vivamus et odio orci. Ut nec elit lacus. Morbi non magna orci. Mauris at eros non felis dignissim aliquam id ac tellus. Cras purus odio, pretium eu ornare et, fermentum non ipsum. <a href=\"app-details.php\">Leer mas sobre [app name 7]</a>.</p>\n\t\t\t\t\t</article>\n\t\t\t\t\t\t\t\t\t<article>\n\t\t\t\t\t\t<h2><a href=\"app-details.php\">App name 8</a></h2>\n\t\t\t\t\t\t<p><img src=\"http://placehold.it/100x100\" class=\"al\"/>In eget dui neque. Vivamus et odio orci. Ut nec elit lacus. Morbi non magna orci. Mauris at eros non felis dignissim aliquam id ac tellus. Cras purus odio, pretium eu ornare et, fermentum non ipsum. <a href=\"app-details.php\">Leer mas sobre [app name 8]</a>.</p>\n\t\t\t\t\t</article>\n\t\t\t\t\t\t\t\t\t<article>\n\t\t\t\t\t\t<h2><a href=\"app-details.php\">App name 9</a></h2>\n\t\t\t\t\t\t<p><img src=\"http://placehold.it/100x100\" class=\"al\"/>In eget dui neque. Vivamus et odio orci. Ut nec elit lacus. Morbi non magna orci. Mauris at eros non felis dignissim aliquam id ac tellus. Cras purus odio, pretium eu ornare et, fermentum non ipsum. <a href=\"app-details.php\">Leer mas sobre [app name 9]</a>.</p>\n\t\t\t\t\t</article>\n\t\t\t\t\t\t\t\t\t<article>\n\t\t\t\t\t\t<h2><a href=\"app-details.php\">App name 10</a></h2>\n\t\t\t\t\t\t<p><img src=\"http://placehold.it/100x100\" class=\"al\"/>In eget dui neque. Vivamus et odio orci. Ut nec elit lacus. Morbi non magna orci. Mauris at eros non felis dignissim aliquam id ac tellus. Cras purus odio, pretium eu ornare et, fermentum non ipsum. <a href=\"app-details.php\">Leer mas sobre [app name 10]</a>.</p>\n\t\t\t\t\t</article>"}}, {"pk": 13, "model": "text.text", "fields": {"body": "<h2>Rufi Adventures</h2><article>\n\t\t\t\t<a href=\"app-details.php\"><img src=\"/static/img/games/spotlight-games-01.jpg\" class=\"thumb\"/></a>\n\t\t\t\t<h3><a href=\"app-details.php\">Nombre del juego</a></h3>\n\t\t\t\t<p>Nulla facilisi. Nullam id nibh vel velit laoreet ultricies. Morbi laoreet gravi gravida magna in mollis. Duis dictum feugiat odio lorem facta. <a href=\"app-details.php\">Leer mas sobre [Nombre del juego]</a>.</p>\n\t\t\t</article><article>\n\t\t\t\t<a href=\"app-details.php\"><img src=\"/static/img/games/spotlight-games-02.jpg\" class=\"thumb\"/></a>\n\t\t\t\t<h3><a href=\"app-details.php\">Nombre del juego</a></h3>\n\t\t\t\t<p>Nulla facilisi. Nullam id nibh vel velit laoreet ultricies. Morbi laoreet gravi gravida magna in mollis. Duis dictum feugiat odio lorem facta. <a href=\"app-details.php\">Leer mas sobre [Nombre del juego]</a>.</p>\n\t\t\t</article><article>\n\t\t\t\t<a href=\"app-details.php\"><img src=\"/static/img/games/spotlight-games-03.jpg\" class=\"thumb\"/></a>\n\t\t\t\t<h3><a href=\"app-details.php\">Nombre del juego</a></h3>\n\t\t\t\t<p>Nulla facilisi. Nullam id nibh vel velit laoreet ultricies. Morbi laoreet gravi gravida magna in mollis. Duis dictum feugiat odio lorem facta. <a href=\"app-details.php\">Leer mas sobre [Nombre del juego]</a>.</p>\n\t\t\t</article>"}}, {"pk": 14, "model": "text.text", "fields": {"body": "<h1>Quienes somos</h1>\n\t\t\t<p>Ut lacinia interdum lacus lobortis cursus. Aliquam erat volutpat. Sed molestie facilisis massa, quis vestibulum libero sagittis at. Sed metus urna, fringilla ac porta et, rhoncus pulvinar lorem.</p>\n\n\t\t\t<article>\n\t\t\t\t\t<h2>Nombre Appellidos</h2>\n\t\t\t\t\t<p>In eget dui neque. Vivamus et odio orci. Ut nec elit lacus. Morbi non magna orci. Mauris at eros non felis dignissim aliquam id ac tellus. Cras purus odio, pretium eu ornare et, fermentum non ipsum. Nam consectetur ligula eget mi scelerisque pulvinar. Duis feugiat mauris sit amet enim fringilla gravida. Mauris at sem vitae justo malesuada consectetur a ut nibh.</p>\n\t\t\t\t</article><article>\n\t\t\t\t\t<h2>Nombre Appellidos</h2>\n\t\t\t\t\t<p>In eget dui neque. Vivamus et odio orci. Ut nec elit lacus. Morbi non magna orci. Mauris at eros non felis dignissim aliquam id ac tellus. Cras purus odio, pretium eu ornare et, fermentum non ipsum. Nam consectetur ligula eget mi scelerisque pulvinar. Duis feugiat mauris sit amet enim fringilla gravida. Mauris at sem vitae justo malesuada consectetur a ut nibh.</p>\n\t\t\t\t</article><article>\n\t\t\t\t\t<h2>Nombre Appellidos</h2>\n\t\t\t\t\t<p>In eget dui neque. Vivamus et odio orci. Ut nec elit lacus. Morbi non magna orci. Mauris at eros non felis dignissim aliquam id ac tellus. Cras purus odio, pretium eu ornare et, fermentum non ipsum. Nam consectetur ligula eget mi scelerisque pulvinar. Duis feugiat mauris sit amet enim fringilla gravida. Mauris at sem vitae justo malesuada consectetur a ut nibh.</p>\n\t\t\t\t</article>\t\t\t\n\t\t\t<article>\n\t\t\t\t<h2>Contacto</h2>\n\t\t\t\t<p>In eget dui neque. Vivamus et odio orci. Ut nec elit lacus. Morbi non magna orci. Mauris at eros non felis dignissim aliquam id ac tellus. Cras purus odio, pretium eu ornare et, fermentum non ipsum. <a href=\"contacto.php\">Nam consectetur ligul</a>.</p>\n\t\t\t</article>\n\t\t"}}, {"pk": 15, "model": "text.text", "fields": {"body": "<h2><a href=\"metodo-infantium.php\">Metodo Infantium</a></h2>\n\t\t\t<article>\n\t\t\t\t<h3><a href=\"metodo-infantium.php#logica\">Logica</a></h3>\n\t\t\t\t<p>Nulla facilisi. Nullam id nibh vel velit laoreet ultricies. Morbi laoreet gravi gravida magna in mollis. Duis dictum feugiat odio lorem facta. <a href=\"metodo-infantium.php#logica\">Leer mas sobre logica.</a></p>\n\t\t\t</article>\n\t\t\t<article>\n\t\t\t\t<h3><a href=\"metodo-infantium.php#representacion-mental\">Representacion mental</a></h3>\n\t\t\t\t<p>Nulla facilisi. Nullam id nibh vel velit laoreet ultricies. Morbi laoreet gravi gravida magna in mollis. Duis dictum feugiat odio lorem facta. <a href=\"metodo-infantium.php#representacion-mental\">Leer mas sobre representacion mental.</a></p>\n\t\t\t</article>\n\t\t\t<article>\n\t\t\t\t<h3><a href=\"metodo-infantium.php#lenguaje\">Lenguaje</a></h3>\n\t\t\t\t<p>Nulla facilisi. Nullam id nibh vel velit laoreet ultricies. Morbi laoreet gravi gravida magna in mollis. Duis dictum feugiat odio lorem facta. <a href=\"metodo-infantium.php#lenguaje\">Leer mas sobre lenguaje.</a></p>\n\t\t\t</article>"}}, {"pk": 16, "model": "text.text", "fields": {"body": "<h1>Quienes somos</h1>\n\t\t\t<p>Ut lacinia interdum lacus lobortis cursus. Aliquam erat volutpat. Sed molestie facilisis massa, quis vestibulum libero sagittis at. Sed metus urna, fringilla ac porta et, rhoncus pulvinar lorem.</p>\n\n\t\t\t<article>\n\t\t\t\t\t<h2>Nombre Appellidos</h2>\n\t\t\t\t\t<p>In eget dui neque. Vivamus et odio orci. Ut nec elit lacus. Morbi non magna orci. Mauris at eros non felis dignissim aliquam id ac tellus. Cras purus odio, pretium eu ornare et, fermentum non ipsum. Nam consectetur ligula eget mi scelerisque pulvinar. Duis feugiat mauris sit amet enim fringilla gravida. Mauris at sem vitae justo malesuada consectetur a ut nibh.</p>\n\t\t\t\t</article><article>\n\t\t\t\t\t<h2>Nombre Appellidos</h2>\n\t\t\t\t\t<p>In eget dui neque. Vivamus et odio orci. Ut nec elit lacus. Morbi non magna orci. Mauris at eros non felis dignissim aliquam id ac tellus. Cras purus odio, pretium eu ornare et, fermentum non ipsum. Nam consectetur ligula eget mi scelerisque pulvinar. Duis feugiat mauris sit amet enim fringilla gravida. Mauris at sem vitae justo malesuada consectetur a ut nibh.</p>\n\t\t\t\t</article><article>\n\t\t\t\t\t<h2>Nombre Appellidos</h2>\n\t\t\t\t\t<p>In eget dui neque. Vivamus et odio orci. Ut nec elit lacus. Morbi non magna orci. Mauris at eros non felis dignissim aliquam id ac tellus. Cras purus odio, pretium eu ornare et, fermentum non ipsum. Nam consectetur ligula eget mi scelerisque pulvinar. Duis feugiat mauris sit amet enim fringilla gravida. Mauris at sem vitae justo malesuada consectetur a ut nibh.</p>\n\t\t\t\t</article>\t\t\t\n\t\t\t<article>\n\t\t\t\t<h2>Contacto</h2>\n\t\t\t\t<p>In eget dui neque. Vivamus et odio orci. Ut nec elit lacus. Morbi non magna orci. Mauris at eros non felis dignissim aliquam id ac tellus. Cras purus odio, pretium eu ornare et, fermentum non ipsum. <a href=\"contacto.php\">Nam consectetur ligul</a>.</p>\n\t\t\t</article>\n\t\t"}}, {"pk": 17, "model": "text.text", "fields": {"body": "<h2><a href=\"metodo-infantium.php\">Metodo Infantium</a></h2>\n\t\t\t<article>\n\t\t\t\t<h3><a href=\"metodo-infantium.php#logica\">Logica</a></h3>\n\t\t\t\t<p>Nulla facilisi. Nullam id nibh vel velit laoreet ultricies. Morbi laoreet gravi gravida magna in mollis. Duis dictum feugiat odio lorem facta. <a href=\"metodo-infantium.php#logica\">Leer mas sobre logica.</a></p>\n\t\t\t</article>\n\t\t\t<article>\n\t\t\t\t<h3><a href=\"metodo-infantium.php#representacion-mental\">Representacion mental</a></h3>\n\t\t\t\t<p>Nulla facilisi. Nullam id nibh vel velit laoreet ultricies. Morbi laoreet gravi gravida magna in mollis. Duis dictum feugiat odio lorem facta. <a href=\"metodo-infantium.php#representacion-mental\">Leer mas sobre representacion mental.</a></p>\n\t\t\t</article>\n\t\t\t<article>\n\t\t\t\t<h3><a href=\"metodo-infantium.php#lenguaje\">Lenguaje</a></h3>\n\t\t\t\t<p>Nulla facilisi. Nullam id nibh vel velit laoreet ultricies. Morbi laoreet gravi gravida magna in mollis. Duis dictum feugiat odio lorem facta. <a href=\"metodo-infantium.php#lenguaje\">Leer mas sobre lenguaje.</a></p>\n\t\t\t</article>"}}, {"pk": 19, "model": "text.text", "fields": {"body": "<h2><a href=\"metodo-infantium.php\">Infantium Method\u00a0</a></h2>\n\t\t\t<article>\n\t\t\t\t<h3>Adaptive Learning\u00a0</h3>\n\t\t\t\t<p>Adaptive learning gaming technology that ensures cognitive development. It responds to each child's individual performance and pace, delivering personalized learning thorugh multiple paths. <a href=\"metodo-infantium.php#logica\">Read more</a></p>\n\t\t\t</article>\n\t\t\t<article>\n\t\t\t\t<h3>Multiple Intelligences</h3>\n\t\t\t\t<p>Learning occurs by stimulating the children's different intelligences, giving the motivation to learn in the ways that they learn best: spatial, linguistic, mathematic, musical, bodily. <a href=\"metodo-infantium.php#representacion-mental\">Read More</a></p>\n\t\t\t</article>\n\t\t\t<article>\n\t\t\t\t<h3>Gamified Game-based learning</h3>\n\t\t\t\t<p>Transformation for Early learners will come from positive encouragement, right motivation, rewards and parent engagement. We engage children providing the best educational opportunities.\u00a0<a href=\"metodo-infantium.php#lenguaje\">Read More</a></p>\n\t\t\t</article>"}}, {"pk": 20, "model": "text.text", "fields": {"body": "<h1>Terms and conditions www.infantium.com and Rufi Adventures</h1>\n\t\t\t<p>This\u00a0privacy\u00a0policy\u00a0covers all of the infantium sites (www.infantium.com site and Rufi Adventures apps). Please read this statement carefully before using or proceeding to access both sites. Your use indicates you have read and understood this\u00a0privacy\u00a0policy\u00a0and indicates your agreement to abide by the Terms of Use in effect\u00a0</p>\n\t\t\t<p><strong>1. We collect but we don't link personal and activity data</strong></p><p>We use technologies like cookies (small files stored by your browser), web beacons, or unique device identifiers to anonymously identify your computer or device so we can deliver a better experience. Our systems also log information like your browser, operating system and IP address.</p><p>We also may collect personally identifiable information that you provide to us, such as your name, address, phone number or email address. With your permission, we may also access other personal information on your device, such as your phone book, calendar or messages, in order to provide services to you. If authorized by you, we may also access profile and other information from services like Facebook.<br/><br/>Our systems are not designed to associate personal information with your activities (such as pages you view or things you click on or search for).<br/><br/>We do not knowingly contact or collect personal information from children under 13. If you believe we have inadvertently collected such information, please contact us so we can promptly obtain parental consent or remove the information.</p><p><strong>2. We do not store or share your precise location:\u00a0</strong>We do not use or collect your precise geographic location.</p><p><strong>3. You can request to see or delete your personal data:</strong></p><p>You can sign into your account to see or delete any personally identifiable information we have stored, such as your name, address, email or phone number. You can also contact us by email to request to see or delete this information.</p><p><strong>4.\u00a0We keep personal data until you delete it.</strong></p><p>We remove personally identifiable information (such as your name, address, email or phone number) and other preferences associated with your account promptly after you delete your account. We may retain other data indefinitely.</p><p><strong>5.\u00a0We may share personal data with companies we trust.</strong></p><p>We may share personally identifiable information (such as name, address, email or phone) with trusted partners in order to provide you with relevant advertising, offers or services.<br/><br/>We may share personally identifiable information (such as name, address, email or phone) with trusted partners in order to provide you with relevant advertising, offers or services.</p><p><strong>6.\u00a0No ad companies collect data through our service.\u00a0</strong></p><p>We do not allow advertising companies to collect data through our service for ad targeting.</p><p><strong>7.\u00a0You can ask privacy questions or opt-out of marketing.</strong></p><p>If you have any questions or concerns about our privacy policies, please contact us:<br/>hello@infantium.com, or Avda. Gran Via de l'hospitalet 16-20, 2\u00aaplanta. 08902 Hospitalet (Barcelona, Spain)<br/><br/>If you have given us contact information but do not want us to contact you with promotional or marketing information, you can opt-out here:\u00a0hello@infantium.com<br/>Please allow sufficient time for us to process your request.\u00a0</p><p><strong>8.\u00a0Analytics providers access data on our behalf.</strong></p><p>Analytics companies may access anonymous data (such as your IP address or device ID) to help us understand how our services are used. They use this data solely on our behalf. They do not share it except in aggregate form; no data is shared as to any individual user. Click to see company privacy policies that govern their use of data.\u00a0</p><p><strong>9.\u00a0We take detailed steps to protect personal information.</strong></p><p>We take reasonable administrative, physical and electronic measures designed to safeguard and protect your information from unauthorized access or disclosure. This includes utilizing Secure Sockets Layer (SSL) software, which encrypts the personal information you input, and storing your information in encrypted form behind a firewall designed to block access from outside our network. However, no security or encryption method can be guaranteed to protect information from hackers or human error.<br style=\"font-family: Verdana, Arial, Helvetica, sans-serif; font-size: 10px;\"/><br style=\"font-family: Verdana, Arial, Helvetica, sans-serif; font-size: 10px;\"/>Information we collect may be stored or processed on computers located in any country where we do business.\u00a0</p><p><strong>10.\u00a0Special situations may require disclosure of your data.</strong></p><p>To operate the service, we also may make identifiable and anonymous information available to third parties in these limited circumstances: (1) with your express consent, (2) when we have a good faith belief it is required by law, (3) when we have a good faith belief it is necessary to protect our rights or property, or (4) to any successor or purchaser in a merger, acquisition, liquidation, dissolution or sale of assets. Your consent will not be required for disclosure in these cases, but we will attempt to notify you, to the extent permitted by law to do so.\u00a0</p><p><strong>11. You can review more privacy-related information.\u00a0</strong></p><p>This privacy policy was last updated on september, 14th 2012. Our privacy policy may change from time to time. If we make any material changes to our policies, we will place a prominent notice on our website or application. If the change materially affects registered users, we will send a notice to you by email, push notification or text.\u00a0<br style=\"margin: 0px; padding: 0px; border: 0px;\"/></p>\n\t\t\t"}}, {"pk": 21, "model": "text.text", "fields": {"body": "<h2><a href=\"metodo-infantium.php\">Infantium Method\u00a0</a></h2>\n\t\t\t<article>\n\t\t\t\t<h3>Adaptive Learning\u00a0</h3>\n\t\t\t\t<p>Adaptive learning gaming technology that ensures cognitive development. It responds to each child's individual performance and pace, delivering personalized learning thorugh multiple paths. <a href=\"metodo-infantium.php#logica\">Read more</a></p>\n\t\t\t</article>\n\t\t\t<article>\n\t\t\t\t<h3>Multiple Intelligences</h3>\n\t\t\t\t<p>Learning occurs by stimulating the children's different intelligences, giving the motivation to learn in the ways that they learn best: spatial, linguistic, mathematic, musical, bodily. <a href=\"metodo-infantium.php#representacion-mental\">Read More</a></p>\n\t\t\t</article>\n\t\t\t<article>\n\t\t\t\t<h3>Gamified Game-based learning</h3>\n\t\t\t\t<p>Transformation for Early learners will come from positive encouragement, right motivation, rewards and parent engagement. We engage children providing the best educational opportunities.\u00a0<a href=\"metodo-infantium.php#lenguaje\">Read More</a></p>\n\t\t\t</article>"}}, {"pk": 22, "model": "text.text", "fields": {"body": "<h1>Contacto</h1>\n\t\t\n\t\t\t<form action=\"form_action.php\" method=\"post\" class=\"large-form\">\n\t\t\t\t<fieldset>\n\t\t\t\t\t<ul>\n\t\t\t\t\t\t<li class=\"input-container\">\n\t\t\t\t\t\t\t<label class=\"ir\" for=\"email\">Email</label>\n\t\t\t\t\t\t\t<input id=\"email\" class=\"text\"/>\n\t\t\t\t\t\t\t<span class=\"form-error\">Email incorrecto</span>\n\t\t\t\t\t\t</li>\n\t\t\t\t\t\t<li class=\"input-container\">\n\t\t\t\t\t\t\t<label class=\"ir\" for=\"message\">Mensaje</label>\n\t\t\t\t\t\t\t<textarea id=\"message\" rows=\"8\" cols=\"20\" class=\"textarea\"/>\n\t\t\t\t\t\t\t<span class=\"form-error\">Introducir un mensaje</span>\n\t\t\t\t\t\t</li>\n\t\t\t\t\t\t<li class=\"btn-container\">\n\t\t\t\t\t\t\t<input type=\"submit\" class=\"btn btn-blue\" value=\"Envia\"/>\n\t\t\t\t\t\t</li>\n\t\t\t\t\t</ul>\n\t\t\t\t</fieldset>\n\t\t\t</form>\n\t\t\n\t\t\t\t\t<ul class=\"social-buttons\">\n\t\t\t<li>\n\t\t\t\t<a href=\"https://twitter.com/share\" class=\"twitter-share-button\">Tweet</a>\n\t\t\t    \n\t\t\t</li>\n\t\t\t<li>\n\t\t\t\t<a href=\"http://pinterest.com/pin/create/button/?url=http%3A%2F%2FmyUrl&amp;media=http%3A%2F%2FmyImage&amp;description=sef\" class=\"pin-it-button\"><img src=\"//assets.pinterest.com/images/PinExt.png\" title=\"Pin It\"/></a>\n\t\t\t</li>\n\t\t\t<li>\n\t\t\t\t<div class=\"fb-like\"/>\n\t\t\t</li>\n\t\t</ul>"}}, {"pk": 23, "model": "text.text", "fields": {"body": "<p class=\"Standard\"><strong>WWW.INFANTIUM.COM Y LAS AVENTURAS DE RUFI\u00a0</strong></p>\n\n\n\n<h1><strong>Condiciones de Uso y Contrataci\u00f3n y pol\u00edtica de privacidad\u00a0</strong></h1>\n\t\t\t<p>\u00a0<strong>Fecha\nde publicaci\u00f3n:\u00a0 14 de septiembre\u00a0 de 2012.</strong></p>\n\n<p class=\"Prrafodelista1\"><strong>1. TITULARIDAD APLICACI\u00d3N /\nTITULARIDAD DEL SITIO WEB.</strong></p>\n\n<p class=\"Prrafodelista1\">La aplicaci\u00f3n Las aventuras de Rufi,\nen adelante la APLICACI\u00d3N, es titularidad de la COMPA\u00d1\u00cdA INFANTIUM\u00a0 (en adelante INFANTIUM S.L.\u00a0\u00a0 con domicilio en Vilanova i la Geltr\u00fa,\nprovincia de Barcelona, en la calle Gaspar Aviny\u00f3, n\u00famero 23. C.P. 08.800</p>\n\n<p>INFANTIUM\nS.L. provista de CIF n\u00ba B 65826349 e inscrita en el Registro Mercantil de\nBarcelona Datos registrales. T 43245 , F 114, S 8, H B 428870, I/A <a>1</a>\u00a0 \u00a0</p>\n\n<p class=\"Prrafodelista1\">DATOS DE CONTACTO</p>\n\n<p class=\"Prrafodelista1\">hello@infantium.com</p><p class=\"Prrafodelista1\">Tel\u00e9fono de\ncontacto: 902999343</p>\n\n<p class=\"Prrafodelista1\">\u00a0<strong>2.\nACEPTACI\u00d3N CONDICIONES CONTRATACION.</strong></p>\n\n<p class=\"Standard\">2.1 La aceptaci\u00f3n de\nlas presentes condiciones atribuye al aceptante la condici\u00f3n de USUARIO de la\nAPLICACI\u00d3N; la descarga, instalaci\u00f3n, ejecuci\u00f3n y/o el uso de la APLICACI\u00d3N,\npor tanto, implica la aceptaci\u00f3n plena y sin reservas de todas y cada una de\nlas condiciones vigentes en el momento de la descarga de la APLICACI\u00d3N.</p>\n\n<p class=\"Standard\">2.2\nINFANTIUM S.L. se reserva el derecho de modificar estas condiciones de uso y\ncontrataci\u00f3n en cualquier momento, siendo obligaci\u00f3n del USUARIO revisar\nperi\u00f3dicamente las presentes condiciones y cumplir con las obligaciones\nestablecidas en la versi\u00f3n vigente en cada momento.</p>\n\n<p class=\"Standard\"><strong>3. OBJETO.</strong></p>\n\n<p class=\"Standard\">3.1. INFANTIUM S.L.\npone a disposici\u00f3n de los USUARIOS\u00a0 la\ndescarga, instalaci\u00f3n, ejecuci\u00f3n y uso de la APLICACI\u00d3N en su sitio web <a href=\"http://www.infantium.com/\">www.infantium.com</a>, as\u00ed como en el marketplace de Windows 8\n(Metro AppStore), Android Market\u00a0 y\nAppStore de Apple\u00a0 as\u00ed como\u00a0 todos aquellos marketplace que en el futuro\nINFANTIUM S.L. decida para su comercializaci\u00f3n.</p>\n\n<p>3.2. La APLICACI\u00d3N forma\nparte de una plataforma de juegos <strong>para dispositivos\nt\u00e1ctiles\u00a0 para ni\u00f1os de 0-6 a\u00f1os, que\npermite estimular las habilidades cognitivas en las \u00e1reas de pensamiento matem\u00e1tico,\npensamiento simb\u00f3lico y lenguajes.</strong>\u00a0Se trata de\nun plan adaptativo de juegos que permite individualizar el aprendizaje mediante\nla explotaci\u00f3n inteligente de datos. </p>\n\n<p class=\"Standard\">\u00a03.3 El USUARIO para hacer uso de la\nAPLICACI\u00d3N deber\u00e1, si fuere necesario, cumplimentar el formulario de registro al\nefecto y aceptar las condiciones de uso y contrataci\u00f3n y la pol\u00edtica de\nprivacidad previstas por INFANTIUM S.L..</p>\n\n<p class=\"Standard\">\u00a0<strong>4. EDAD</strong></p>\n\n<p class=\"Standard\">4.1. La descarga de la\nAPLICACI\u00d3N est\u00e1 dirigida a mayores de DIECIOCHO (18) a\u00f1os o menores de edad\nbajo supervisi\u00f3n de un adulto. </p>\n\n<p class=\"Standard\">\u00a04.2 El uso de la APLICACI\u00d3N, dada la naturaleza de la misma\u00a0 esta dirigido a menores de edad, si bien este\nuso debe estar autorizado y tutorizado por los padres o representantes legales\nde los menores. INFANTIUM S.L. se exonera de cualquier responsabilidad por el\nuso no autorizado que realicen los menores.</p>\n\n<p class=\"Standard\">\u00a04.2.\nSi es menor de DIECIOCHO A\u00d1OS (18) la descarga y uso de la APLICACI\u00d3N deber\u00e1\nrealizarse con la autorizaci\u00f3n y supervisi\u00f3n de los padres o representantes\nlegales del menor.</p>\n\n<p class=\"Standard\">\u00a0<strong>5.\nCONDICIONES DE USO DE LA APLICACI\u00d3N.</strong></p>\n\n<p class=\"Standard\">5.1.\nSe entiende por USUARIO, aquel padre o representante legal del menor que\ndescarga la APLICACI\u00d3N y cede el uso de la APLICAICON, bajo su supervisi\u00f3n, al\nmenor de edad, aceptando las condiciones de uso y contrataci\u00f3n as\u00ed como la\npol\u00edtica de privacidad descrita en el presente documento.</p>\n\n<p class=\"Standard\">5.2. INFANTIUM S.L. concede al USUARIO,\nuna licencia de instalaci\u00f3n y ejecuci\u00f3n de la APLICACI\u00d3N,cuyas principales caracter\u00edsticas se detallan a continuaci\u00f3n.</p>\n\n<p>5.3. La instalaci\u00f3n y ejecuci\u00f3n de la APLICACI\u00d3N tiene\nel precio que se indica de forma previa a la aceptaci\u00f3n de las presentes\ncondiciones.</p>\n\n<p>5.4. INFANTIUM indicar\u00e1 la modalidad de adquisici\u00f3n de\nlas APLICACIONES que podr\u00e1 realizarse \u00a0por pago \u00fanico/suscripci\u00f3n,\nindicando el precio en euros e incluyendo todos los impuestos aplicables en el\nmomento de compra de las APLICACIONES. INFANTIUM indicar\u00e1 \u00a0la modalidad de\npago y el precio de forma previa a la aceptaci\u00f3n de las presentes condiciones\npor parte del USUARIO.</p>\n\n<p class=\"Standard\">5.5.\nQueda prohibido cualquier uso comercial, reventa, distribuci\u00f3n o\ncomercializaci\u00f3n bajo cualquier forma por el USUARIO o por cualquier tercero\nsin autorizaci\u00f3n previa y expresa de INFANTIUM S.L..</p>\n\n<p class=\"Standard\">5.6.\nAsimismo, el USUARIO ha de aceptar las condiciones legales descritas en el\npresente documento para llevar a cabo la instalaci\u00f3n y ejecuci\u00f3n de la\nAPLICACI\u00d3N.</p>\n\n<p class=\"Standard\">5.5 La APLICACI\u00d3N permitir\u00e1 al USUARIO\ndiferentes acciones, entre ellas<a class=\"msocomanchor\" id=\"_anchor_3\" name=\"_msoanchor_3\">[\u00c1ngeles M3]</a>\u00a0\nla evaluaci\u00f3n de la evoluci\u00f3n del ni\u00f1o seg\u00fan est\u00e1ndares psicopedag\u00f3gicos\npreviamente definidos por profesionales, la realizaci\u00f3n de actividades\ncomplementarias, as\u00ed como la recomendaci\u00f3n de rutas de aprendizaje de refuerzo\na trav\u00e9s de otras aplicaciones relacionadas con la misma. </p>\n\n<p class=\"Standard\">5.6 No es de aplicaci\u00f3n el derecho de\ndesistimiento tal como establece el art\u00edculo 102 letra c) de la\u00a0 Ley Defensa de Consumidores y Usuarios 1/2007\nde 17 de noviembre,\u00a0 al tratarse de una\nAPLICACI\u00d3N suministrado por v\u00eda electr\u00f3nica y susceptible de ser descargado o\nreproducido de manera autom\u00e1tica para su uso permanente.</p>\n\n<p class=\"Standard\"><strong>6. NORMAS DE USO DE LA APLICACI\u00d3N.</strong></p>\n\n<p class=\"Standard\">6.1. El USUARIO se compromete a\nrealizar un uso de la APLICACI\u00d3N de acuerdo a la buena fe y a las normas\nnacionales y/o internacionales donde este ubicado.</p>\n\n<p class=\"Standard\">6.2. El USUARIO se compromete a\nNO incluir en la APLICACI\u00d3N contenidos que re\u00fanan\u00a0 algunas de las siguientes caracter\u00edsticas:</p>\n\n<p class=\"Standard\">6.2.1. Contenidos que sean\ncontrarios al orden p\u00fablico.</p>\n\n<p class=\"Standard\">6.2.2. Contenidos cuyos derechos\nde propiedad intelectual pertenecen a un tercero, sin contar con autorizaci\u00f3n\npara su publicaci\u00f3n.</p>\n\n<p class=\"Standard\">6.2.3. Contenidos ofensivos o\naquellos que supongan amenazas o insultos graves.</p>\n\n<p class=\"Standard\">6.2.4. Contenidos que atenten\ncontra la infancia o contra bienes especialmente protegidos por el ordenamiento\njur\u00eddico espa\u00f1ol.</p>\n\n<p class=\"Standard\">6.2.5. Contenidos relacionados\ncon productos cuya publicidad o promoci\u00f3n est\u00e1 regulada por las leyes o\nrestringida a determinados grupos.</p>\n\n<p class=\"Standard\">6.2.6. Cualquier otro tipo de\ncontenido lesivo que incite a la violencia o la discriminaci\u00f3n, bajo cualquier\nforma, a juicio de INFANTIUM S.L..</p>\n\n<p class=\"Standard\">6.3. La\naplicaci\u00f3n se ofrece para su descarga, instalaci\u00f3n y ejecuci\u00f3n en la forma en\nque se encuentra disponible en cada momento. El USUARIO se compromete a no\nmodificar la APLICACI\u00d3N bajo cualquier forma, as\u00ed como a no eludir, desactivar\no interferir en las funciones relacionadas con la seguridad de la APLICACI\u00d3N.</p>\n\n<p class=\"Standard\">6.4. INFANTIUM S.L.\u00a0 tiene derecho a borrar y/o editar, cualquier\ncontenido que incumpla cualquiera de las normas y obligaciones descritas en\nestos t\u00e9rminos legales o pueda ser considerado inapropiado por INFANTIUM S.L..</p>\n\n<p class=\"Standard\">6.5. En\ncaso de que el USUARIO o cualquier tercero tenga conocimiento de alguna\nvulneraci\u00f3n de las aqu\u00ed descritas u otras que pudieran lesionar bienes,\nderechos o intereses protegibles, deber\u00e1 ponerse inmediatamente en contacto con\nINFANTIUM S.L.\u00a0 a trav\u00e9s de la direcci\u00f3n\nde correo electr\u00f3nico hello@infantium.com indicando la supuesta vulneraci\u00f3n.\nINFANTIUM S.L., una vez que reciba la comunicaci\u00f3n, emplear\u00e1 la m\u00e1xima\ndiligencia en la atenci\u00f3n y resoluci\u00f3n de la misma.</p>\n\n<p class=\"Standard\"><strong>7. PROTECCION DE DATOS DE CAR\u00c1CTER PERSONAL.</strong></p>\n\n<p class=\"Standard\">7.1.\nLos datos de car\u00e1cter personal que proporcione el USUARIO formar\u00e1n parte de un\nfichero titularidad de la INFANTIUM S.Lcon la finalidad de gestionar la\nrelaci\u00f3n con el USUARIO y mantenerle informado sobre las novedades, promociones\ny nuevos servicios de INFANTIUM S.L.\u00a0 que\npuedan ser de su inter\u00e9s, por cualquier canal, incluido el electr\u00f3nico.</p>\n\n<p class=\"Standard\">7.2.\nINFANTIUM S.L.\u00a0 manifiesta que toda la\ninformaci\u00f3n ser\u00e1 tratada de forma confidencial, implementando todas las medidas\nde seguridad que considere adecuadas y proporcionales para garantizar la\nseguridad de sus datos de car\u00e1cter personal.</p>\n\n<p class=\"Standard\">7.3.\nEl USUARIO podr\u00e1, en cualquier momento, ejercer los derechos de acceso,\nrectificaci\u00f3n, oposici\u00f3n o cancelaci\u00f3n; para ello, ha de remitir una carta o\ncorreo electr\u00f3nico manifestando el derecho que desea ejercer, adjuntando una\ncopia de un documento nacional de identidad\u00a0\na la direcci\u00f3n postal y/o electr\u00f3nica de la INFANTIUM S.L., arriba\nindicadas.</p>\n\n<p class=\"Standard\">7.4.\nEn el uso de la APLICACI\u00d3N el USUARIO se compromete a conocer, aceptar y\ncumplir con las pol\u00edticas de uso y privacidad propias de las redes sociales en\nlas que la APLICACI\u00d3N este integrada. El incumplimiento de estas pol\u00edticas\nsupondr\u00e1, asimismo, un incumplimiento a efecto de las presentes condiciones.</p>\n\n<p class=\"Standard\">7.6\nINFANTIUM S.L podr\u00e1 instalar dispositivos de almacenamiento y recuperaci\u00f3n de\ndatos, tambi\u00e9n llamadas cookies, en su ordenador con el fin de conocer\ninformaci\u00f3n de los visitantes a su web. En ning\u00fan caso dichos datos se tratan de\ndatos personales. Su navegador, en ocasiones, generar\u00e1 un mensaje instant\u00e1neo\nel cual brindar\u00e1 la posibilidad a los visitantes de la web de oponerse a la\ninstalaci\u00f3n de los citados dispositivos.</p>\n\n<p class=\"Standard\">7.7\nEn el caso de oponerse a la instalaci\u00f3n de cookies, la navegaci\u00f3n la web no se\nver\u00e1 afectada de forma alguna. </p>\n\n<p class=\"Standard\">7.8.\nPor otro lado, en el supuesto de que su navegador no le facilite esta\nposibilidad de forma autom\u00e1tica, Vd. Podr\u00e1 inhibir la instalaci\u00f3n de las mismas\nsiguiendo las instrucciones de su navegador. </p>\n\n<p class=\"Standard\">\u00a0<strong>8. PROPIEDAD INTELECTUAL E INDUSTRIAL</strong></p>\n\n<p class=\"Standard\">8.1.\nINFANTIUM S.L.\u00a0 es titular de los\nderechos de propiedad intelectual e industrial, o ha obtenido las\nautorizaciones o licencias correspondientes para su explotaci\u00f3n, sobre la\nAPLICACI\u00d3N y el resto de obras e invenciones relacionadas en la APLICACI\u00d3N y la\ntecnolog\u00eda asociada al mismo, as\u00ed como sobre sus contenidos.</p>\n\n<p class=\"Standard\">8.2.\nLos contenidos de este sitio web, incluyendo dise\u00f1os, aplicaciones, texto,\nim\u00e1genes y c\u00f3digo fuente (\u201cContenido\u201d), est\u00e1n protegidos por derechos de\npropiedad intelectual e industrial.</p>\n\n<p class=\"Standard\">8.3. De\nninguna forma la APLICACI\u00d3N se podr\u00e1 utilizar, reproducir, copiar o transmitir\nsin el permiso previo, escrito y expl\u00edcito de INFANTIUM S.L.</p>\n\n<p class=\"Standard\">8.4. INFANTIUM S.L. concede a los USUARIOS\nuna licencia de instalaci\u00f3n y uso no comercial de la APLICACI\u00d3N<strong>,</strong> de car\u00e1cter limitado y por un per\u00edodo\nde tiempo ilimitado, no suponiendo en ning\u00fan caso, para el USUARIO, derecho de modificaci\u00f3n\no redistribuci\u00f3n de la APLICACI\u00d3N.Los\nl\u00edmites de uso, tiempo y t\u00e9rminos econ\u00f3micos de la APLICACI\u00d3N podr\u00e1n variar en\nfunci\u00f3n de las versiones de la APLICACI\u00d3N y ser actualizados peri\u00f3dicamente por\nel USUARIO<strong>.</strong></p>\n\n<p class=\"Standard\">8.5. El\nUSUARIO es el \u00fanico responsable de los contenidos incorporados a la APLICACI\u00d3N,afirmando que cuenta con todos los consentimientos y\nautorizaciones para la publicaci\u00f3n del contenido, exonerando\nde cualquier responsabilidad a INFANTIUM S.L.</p>\n\n<p class=\"Standard\">8.6. El\nUSUARIO otorga a INFANTIUM S.L.\u00a0 una\nlicencia gratuita, no exclusiva, universal, sin limitaci\u00f3n geogr\u00e1fica ni\ntemporal sobre los contenidos incorporados en el SITIO WEB relativo a la <a>APLICACI\u00d3N</a>\u00a0(tales\ncomo propuestas de actividades, comentarios, preguntas, dudas. Etc.), de uso y\nexplotaci\u00f3n, para su publicaci\u00f3n, modificaci\u00f3n, transformaci\u00f3n, recopilaci\u00f3n,\ncomunicaci\u00f3n p\u00fablica y explotaci\u00f3n, bajo cualquier forma.</p>\n\n<p class=\"Standard\"><strong>9.\nEXONERACION DE RESPONSABILIDAD</strong></p>\n\n<p class=\"Standard\">9.1.INFANTIUM S.L. no se hace responsable\nde la transmisi\u00f3n de los resultados negativos o potencialmente lesivos del uso,\ninstalaci\u00f3n o ejecuci\u00f3n de la APLICACI\u00d3N causados en el dispositivo del USUARIO\nque est\u00e9n provocadas por la acci\u00f3n u omisi\u00f3n de terceros o por un uso\ninadecuado de la APLICACI\u00d3N por parte del USUARIO.</p>\n\n<p class=\"Standard\">9.2. INFANTIUM S.L.\u00a0 no se hace responsable de la informaci\u00f3n o\nlos contenidos generados por los USUARIOS, utilizando la APLICACI\u00d3N o en\nrelaci\u00f3n con la misma, ni del uso normal o anormal de los mismos por parte del\nUSUARIO o de terceros.</p>\n\n<p class=\"Standard\">9.3. INFANTIUM S.L.\u00a0 no garantiza la disponibilidad, integridad y\nejecutabilidad de la APLICACI\u00d3N en el dispositivo del USUARIO, ni su correcta\nintegraci\u00f3n con todos los sitios web o dispositivos que admitan la introducci\u00f3n\nde texto a trav\u00e9s de una funcionalidad propia.</p>\n\n<p class=\"Standard\">9.4. INFANTIUM S.L.\u00a0 no asume ninguna responsabilidad sobre el uso\nque los menores de edad realicen de la APLICACI\u00d3N, asumiendo la responsabilidad\ndel uso los padres\u00a0 representantes\nlegales de los menores, exonerando a INFANTIUM S.L.\u00a0 de cualquier responsabilidad al respecto.</p>\n\n<p class=\"Standard\"/>\n\n<p class=\"Standard\"><strong>10. LEGISLACION APLICABLE Y FUERO.</strong></p>\n\n<p class=\"Standard\">10.1. En lo previsto en el presente contrato, as\u00ed como\nen la interpretaci\u00f3n y resoluci\u00f3n de conflictos que pudieran surgir entre las\npartes, ser\u00e1 de aplicaci\u00f3n la legislaci\u00f3n espa\u00f1ola.</p>\n\n<p class=\"Standard\">10.2. Las\npartes, con renuncia expresa a cualquier fuero, que, conforme a derecho pudiera\ncorresponderles, se someten a la jurisdicci\u00f3n de los Juzgados y Tribunales de\nBarcelona.</p>\n\n\n\n<hr class=\"msocomoff\"/>\n\n\n\n\n\n<a name=\"_msocom_1\"/>\n\n<p class=\"MsoCommentText\"/>\n\n\n\n\n\n\n\t\t\t"}}, {"pk": 24, "model": "text.text", "fields": {"body": "<h2><a href=\"http://inf-djangoprd01.cloudapp.net/static/cms/wymeditor/iframe/default/metodo-infantium.php\">M\u00e9todo\u00a0</a><a href=\"metodo-infantium.php\">I</a><a href=\"metodo-infantium.php\">nfantium</a>\u00a0</h2>\n\t\t\t<article>\n\t\t\t\t<h3>Aprendizaje adaptativo</h3>\n\t\t\t\t<p>la tecnolog\u00eda de aprendizaje adaptativo permite individualizar el proceso de aprendizaje seg\u00fan las necesidades, ritmo y nivel de cada ni\u00f1o, creando m\u00faltiples itinerarios de aprendizaje. <a href=\"metodo-infantium.php#logica\">M\u00e1s informaci\u00f3n</a></p>\n\t\t\t</article>\n\t\t\t<article>\n\t\t\t\t<h3>Inteligencias M\u00fatiples</h3>\n\t\t\t\t<p>El aprendizaje se produce estimulando las m\u00faltiples inteligencias de los ni\u00f1os agrupadas en diferentes \u00e1reas cognitivas: espacial, matem\u00e1tica, ling\u00fc\u00edstica, musical, etc. la plataforma de infantium se adapta a la forma en que cada ni\u00f1o aprende\u00a0y entiende el mundo. \u00a0\u00a0<a href=\"metodo-infantium.php#representacion-mental\">M\u00e1s informaci\u00f3n</a></p>\n\t\t\t</article>\n\t\t\t<article>\n\t\t\t\t<h3>Aprendizaje basado en juegos y gamificaci\u00f3n</h3><p>La plataforma no s\u00f3lo crea rutas especiales para cada ni\u00f1o, sino que gracias a la gamificaci\u00f3n de cada actividad, con la ayuda de padres y educadores, crea un entorno virtual educativo donde los ni\u00f1os desarrollan habilidades necesarias para crecer en un mundo complejo\u00a0<a href=\"http://inf-djangoprd01.cloudapp.net/static/cms/wymeditor/iframe/default/metodo-infantium.php#representacion-mental\">M\u00e1s informaci\u00f3n</a>\u00a0</p>\n\t\t\t</article>"}}, {"pk": 26, "model": "text.text", "fields": {"body": "<h2><a href=\"http://inf-djangoprd01.cloudapp.net/static/cms/wymeditor/iframe/default/metodo-infantium.php\">M\u00e9todo\u00a0</a><a href=\"metodo-infantium.php\">I</a><a href=\"metodo-infantium.php\">nfantium</a>\u00a0</h2>\n\t\t\t<article>\n\t\t\t\t<h3>Aprendizaje adaptativo</h3>\n\t\t\t\t<p>la tecnolog\u00eda de aprendizaje adaptativo permite individualizar el proceso de aprendizaje seg\u00fan las necesidades, ritmo y nivel de cada ni\u00f1o, creando m\u00faltiples itinerarios de aprendizaje. <a href=\"metodo-infantium.php#logica\">M\u00e1s informaci\u00f3n</a></p>\n\t\t\t</article>\n\t\t\t<article>\n\t\t\t\t<h3>Inteligencias M\u00fatiples</h3>\n\t\t\t\t<p>El aprendizaje se produce estimulando las m\u00faltiples inteligencias de los ni\u00f1os agrupadas en diferentes \u00e1reas cognitivas: espacial, matem\u00e1tica, ling\u00fc\u00edstica, musical, etc. la plataforma de infantium se adapta a la forma en que cada ni\u00f1o aprende\u00a0y entiende el mundo. \u00a0\u00a0<a href=\"metodo-infantium.php#representacion-mental\">M\u00e1s informaci\u00f3n</a></p>\n\t\t\t</article>\n\t\t\t<article>\n\t\t\t\t<h3>Aprendizaje basado en juegos y gamificaci\u00f3n</h3><p>La plataforma no s\u00f3lo crea rutas especiales para cada ni\u00f1o, sino que gracias a la gamificaci\u00f3n de cada actividad, con la ayuda de padres y educadores, crea un entorno virtual educativo donde los ni\u00f1os desarrollan habilidades necesarias para crecer en un mundo complejo\u00a0<a href=\"http://inf-djangoprd01.cloudapp.net/static/cms/wymeditor/iframe/default/metodo-infantium.php#representacion-mental\">M\u00e1s informaci\u00f3n</a>\u00a0</p>\n\t\t\t</article>"}}, {"pk": 30, "model": "text.text", "fields": {"body": "<h1>Contacto</h1>\n\t<form action=\"form_action.php\" method=\"post\" class=\"large-form\">\n\t\t\t<fieldset>\n\t\t\t<ul>\n\t\t\t\t<li class=\"input-container\">\n\t\t\t\t\t<label class=\"ir\" for=\"email\">Email</label>\n\t\t\t\t\t<input id=\"email\" class=\"text\"/>\n\t\t\t\t\t<span class=\"form-error\">Email incorrecto</span>\n\t\t\t\t</li>\n\t\t\t\t<li class=\"input-container\">\n\t\t\t\t\t<label class=\"ir\" for=\"message\">Mensaje</label>\n\t\t<textarea id=\"message\" rows=\"8\" cols=\"20\" class=\"textarea\"/>\n\t\t\t\t\t<span class=\"form-error\">Introducir un mensaje</span>\n\t\t\t\t</li>\n\t\t\t\t<li class=\"btn-container\">\n\t\t\t\t\t<input type=\"submit\" class=\"btn btn-blue\" value=\"Envia\"/>\n\t\t\t\t</li>\n\t\t\t</ul>\n\t\t</fieldset>\n\t</form>\n\n"}}, {"pk": 69, "model": "auth.permission", "fields": {"codename": "add_logentry", "name": "Can add log entry", "content_type": ["admin", "logentry"]}}, {"pk": 70, "model": "auth.permission", "fields": {"codename": "change_logentry", "name": "Can change log entry", "content_type": ["admin", "logentry"]}}, {"pk": 71, "model": "auth.permission", "fields": {"codename": "delete_logentry", "name": "Can delete log entry", "content_type": ["admin", "logentry"]}}, {"pk": 47, "model": "auth.permission", "fields": {"codename": "add_group", "name": "Can add group", "content_type": ["auth", "group"]}}, {"pk": 48, "model": "auth.permission", "fields": {"codename": "change_group", "name": "Can change group", "content_type": ["auth", "group"]}}, {"pk": 49, "model": "auth.permission", "fields": {"codename": "delete_group", "name": "Can delete group", "content_type": ["auth", "group"]}}, {"pk": 44, "model": "auth.permission", "fields": {"codename": "add_permission", "name": "Can add permission", "content_type": ["auth", "permission"]}}, {"pk": 45, "model": "auth.permission", "fields": {"codename": "change_permission", "name": "Can change permission", "content_type": ["auth", "permission"]}}, {"pk": 46, "model": "auth.permission", "fields": {"codename": "delete_permission", "name": "Can delete permission", "content_type": ["auth", "permission"]}}, {"pk": 93, "model": "auth.permission", "fields": {"codename": "add_author", "name": "Can add author", "content_type": ["auth", "user"]}}, {"pk": 50, "model": "auth.permission", "fields": {"codename": "add_user", "name": "Can add user", "content_type": ["auth", "user"]}}, {"pk": 94, "model": "auth.permission", "fields": {"codename": "change_author", "name": "Can change author", "content_type": ["auth", "user"]}}, {"pk": 51, "model": "auth.permission", "fields": {"codename": "change_user", "name": "Can change user", "content_type": ["auth", "user"]}}, {"pk": 95, "model": "auth.permission", "fields": {"codename": "delete_author", "name": "Can delete author", "content_type": ["auth", "user"]}}, {"pk": 52, "model": "auth.permission", "fields": {"codename": "delete_user", "name": "Can delete user", "content_type": ["auth", "user"]}}, {"pk": 108, "model": "auth.permission", "fields": {"codename": "add_cmsplugin", "name": "Can add cms plugin", "content_type": ["cms", "cmsplugin"]}}, {"pk": 109, "model": "auth.permission", "fields": {"codename": "change_cmsplugin", "name": "Can change cms plugin", "content_type": ["cms", "cmsplugin"]}}, {"pk": 110, "model": "auth.permission", "fields": {"codename": "delete_cmsplugin", "name": "Can delete cms plugin", "content_type": ["cms", "cmsplugin"]}}, {"pk": 121, "model": "auth.permission", "fields": {"codename": "add_globalpagepermission", "name": "Can add Page global permission", "content_type": ["cms", "globalpagepermission"]}}, {"pk": 122, "model": "auth.permission", "fields": {"codename": "change_globalpagepermission", "name": "Can change Page global permission", "content_type": ["cms", "globalpagepermission"]}}, {"pk": 123, "model": "auth.permission", "fields": {"codename": "delete_globalpagepermission", "name": "Can delete Page global permission", "content_type": ["cms", "globalpagepermission"]}}, {"pk": 111, "model": "auth.permission", "fields": {"codename": "add_page", "name": "Can add page", "content_type": ["cms", "page"]}}, {"pk": 112, "model": "auth.permission", "fields": {"codename": "change_page", "name": "Can change page", "content_type": ["cms", "page"]}}, {"pk": 113, "model": "auth.permission", "fields": {"codename": "delete_page", "name": "Can delete page", "content_type": ["cms", "page"]}}, {"pk": 114, "model": "auth.permission", "fields": {"codename": "view_page", "name": "Can view page", "content_type": ["cms", "page"]}}, {"pk": 115, "model": "auth.permission", "fields": {"codename": "add_pagemoderator", "name": "Can add PageModerator", "content_type": ["cms", "pagemoderator"]}}, {"pk": 116, "model": "auth.permission", "fields": {"codename": "change_pagemoderator", "name": "Can change PageModerator", "content_type": ["cms", "pagemoderator"]}}, {"pk": 117, "model": "auth.permission", "fields": {"codename": "delete_pagemoderator", "name": "Can delete PageModerator", "content_type": ["cms", "pagemoderator"]}}, {"pk": 118, "model": "auth.permission", "fields": {"codename": "add_pagemoderatorstate", "name": "Can add Page moderator state", "content_type": ["cms", "pagemoderatorstate"]}}, {"pk": 119, "model": "auth.permission", "fields": {"codename": "change_pagemoderatorstate", "name": "Can change Page moderator state", "content_type": ["cms", "pagemoderatorstate"]}}, {"pk": 120, "model": "auth.permission", "fields": {"codename": "delete_pagemoderatorstate", "name": "Can delete Page moderator state", "content_type": ["cms", "pagemoderatorstate"]}}, {"pk": 124, "model": "auth.permission", "fields": {"codename": "add_pagepermission", "name": "Can add Page permission", "content_type": ["cms", "pagepermission"]}}, {"pk": 125, "model": "auth.permission", "fields": {"codename": "change_pagepermission", "name": "Can change Page permission", "content_type": ["cms", "pagepermission"]}}, {"pk": 126, "model": "auth.permission", "fields": {"codename": "delete_pagepermission", "name": "Can delete Page permission", "content_type": ["cms", "pagepermission"]}}, {"pk": 127, "model": "auth.permission", "fields": {"codename": "add_pageuser", "name": "Can add User (page)", "content_type": ["cms", "pageuser"]}}, {"pk": 128, "model": "auth.permission", "fields": {"codename": "change_pageuser", "name": "Can change User (page)", "content_type": ["cms", "pageuser"]}}, {"pk": 129, "model": "auth.permission", "fields": {"codename": "delete_pageuser", "name": "Can delete User (page)", "content_type": ["cms", "pageuser"]}}, {"pk": 130, "model": "auth.permission", "fields": {"codename": "add_pageusergroup", "name": "Can add User group (page)", "content_type": ["cms", "pageusergroup"]}}, {"pk": 131, "model": "auth.permission", "fields": {"codename": "change_pageusergroup", "name": "Can change User group (page)", "content_type": ["cms", "pageusergroup"]}}, {"pk": 132, "model": "auth.permission", "fields": {"codename": "delete_pageusergroup", "name": "Can delete User group (page)", "content_type": ["cms", "pageusergroup"]}}, {"pk": 105, "model": "auth.permission", "fields": {"codename": "add_placeholder", "name": "Can add placeholder", "content_type": ["cms", "placeholder"]}}, {"pk": 106, "model": "auth.permission", "fields": {"codename": "change_placeholder", "name": "Can change placeholder", "content_type": ["cms", "placeholder"]}}, {"pk": 107, "model": "auth.permission", "fields": {"codename": "delete_placeholder", "name": "Can delete placeholder", "content_type": ["cms", "placeholder"]}}, {"pk": 133, "model": "auth.permission", "fields": {"codename": "add_title", "name": "Can add title", "content_type": ["cms", "title"]}}, {"pk": 134, "model": "auth.permission", "fields": {"codename": "change_title", "name": "Can change title", "content_type": ["cms", "title"]}}, {"pk": 135, "model": "auth.permission", "fields": {"codename": "delete_title", "name": "Can delete title", "content_type": ["cms", "title"]}}, {"pk": 62, "model": "auth.permission", "fields": {"codename": "add_comment", "name": "Can add comment", "content_type": ["comments", "comment"]}}, {"pk": 65, "model": "auth.permission", "fields": {"codename": "can_moderate", "name": "Can moderate comments", "content_type": ["comments", "comment"]}}, {"pk": 63, "model": "auth.permission", "fields": {"codename": "change_comment", "name": "Can change comment", "content_type": ["comments", "comment"]}}, {"pk": 64, "model": "auth.permission", "fields": {"codename": "delete_comment", "name": "Can delete comment", "content_type": ["comments", "comment"]}}, {"pk": 66, "model": "auth.permission", "fields": {"codename": "add_commentflag", "name": "Can add comment flag", "content_type": ["comments", "commentflag"]}}, {"pk": 67, "model": "auth.permission", "fields": {"codename": "change_commentflag", "name": "Can change comment flag", "content_type": ["comments", "commentflag"]}}, {"pk": 68, "model": "auth.permission", "fields": {"codename": "delete_commentflag", "name": "Can delete comment flag", "content_type": ["comments", "commentflag"]}}, {"pk": 53, "model": "auth.permission", "fields": {"codename": "add_contenttype", "name": "Can add content type", "content_type": ["contenttypes", "contenttype"]}}, {"pk": 54, "model": "auth.permission", "fields": {"codename": "change_contenttype", "name": "Can change content type", "content_type": ["contenttypes", "contenttype"]}}, {"pk": 55, "model": "auth.permission", "fields": {"codename": "delete_contenttype", "name": "Can delete content type", "content_type": ["contenttypes", "contenttype"]}}, {"pk": 205, "model": "auth.permission", "fields": {"codename": "add_chart", "name": "Can add chart", "content_type": ["db", "chart"]}}, {"pk": 206, "model": "auth.permission", "fields": {"codename": "change_chart", "name": "Can change chart", "content_type": ["db", "chart"]}}, {"pk": 207, "model": "auth.permission", "fields": {"codename": "delete_chart", "name": "Can delete chart", "content_type": ["db", "chart"]}}, {"pk": 202, "model": "auth.permission", "fields": {"codename": "add_cognitivearea", "name": "Can add cognitive area", "content_type": ["db", "cognitivearea"]}}, {"pk": 203, "model": "auth.permission", "fields": {"codename": "change_cognitivearea", "name": "Can change cognitive area", "content_type": ["db", "cognitivearea"]}}, {"pk": 204, "model": "auth.permission", "fields": {"codename": "delete_cognitivearea", "name": "Can delete cognitive area", "content_type": ["db", "cognitivearea"]}}, {"pk": 184, "model": "auth.permission", "fields": {"codename": "add_game", "name": "Can add game", "content_type": ["db", "game"]}}, {"pk": 185, "model": "auth.permission", "fields": {"codename": "change_game", "name": "Can change game", "content_type": ["db", "game"]}}, {"pk": 186, "model": "auth.permission", "fields": {"codename": "delete_game", "name": "Can delete game", "content_type": ["db", "game"]}}, {"pk": 187, "model": "auth.permission", "fields": {"codename": "add_gameplay", "name": "Can add game play", "content_type": ["db", "gameplay"]}}, {"pk": 188, "model": "auth.permission", "fields": {"codename": "change_gameplay", "name": "Can change game play", "content_type": ["db", "gameplay"]}}, {"pk": 189, "model": "auth.permission", "fields": {"codename": "delete_gameplay", "name": "Can delete game play", "content_type": ["db", "gameplay"]}}, {"pk": 196, "model": "auth.permission", "fields": {"codename": "add_gameroute", "name": "Can add game route", "content_type": ["db", "gameroute"]}}, {"pk": 197, "model": "auth.permission", "fields": {"codename": "change_gameroute", "name": "Can change game route", "content_type": ["db", "gameroute"]}}, {"pk": 198, "model": "auth.permission", "fields": {"codename": "delete_gameroute", "name": "Can delete game route", "content_type": ["db", "gameroute"]}}, {"pk": 208, "model": "auth.permission", "fields": {"codename": "add_indicator", "name": "Can add indicator", "content_type": ["db", "indicator"]}}, {"pk": 209, "model": "auth.permission", "fields": {"codename": "change_indicator", "name": "Can change indicator", "content_type": ["db", "indicator"]}}, {"pk": 210, "model": "auth.permission", "fields": {"codename": "delete_indicator", "name": "Can delete indicator", "content_type": ["db", "indicator"]}}, {"pk": 190, "model": "auth.permission", "fields": {"codename": "add_level", "name": "Can add level", "content_type": ["db", "level"]}}, {"pk": 191, "model": "auth.permission", "fields": {"codename": "change_level", "name": "Can change level", "content_type": ["db", "level"]}}, {"pk": 192, "model": "auth.permission", "fields": {"codename": "delete_level", "name": "Can delete level", "content_type": ["db", "level"]}}, {"pk": 211, "model": "auth.permission", "fields": {"codename": "add_multipleintelligence", "name": "Can add multiple intelligence", "content_type": ["db", "multipleintelligence"]}}, {"pk": 212, "model": "auth.permission", "fields": {"codename": "change_multipleintelligence", "name": "Can change multiple intelligence", "content_type": ["db", "multipleintelligence"]}}, {"pk": 213, "model": "auth.permission", "fields": {"codename": "delete_multipleintelligence", "name": "Can delete multiple intelligence", "content_type": ["db", "multipleintelligence"]}}, {"pk": 181, "model": "auth.permission", "fields": {"codename": "add_player", "name": "Can add player", "content_type": ["db", "player"]}}, {"pk": 182, "model": "auth.permission", "fields": {"codename": "change_player", "name": "Can change player", "content_type": ["db", "player"]}}, {"pk": 183, "model": "auth.permission", "fields": {"codename": "delete_player", "name": "Can delete player", "content_type": ["db", "player"]}}, {"pk": 199, "model": "auth.permission", "fields": {"codename": "add_route_node", "name": "Can add route_ node", "content_type": ["db", "route_node"]}}, {"pk": 200, "model": "auth.permission", "fields": {"codename": "change_route_node", "name": "Can change route_ node", "content_type": ["db", "route_node"]}}, {"pk": 201, "model": "auth.permission", "fields": {"codename": "delete_route_node", "name": "Can delete route_ node", "content_type": ["db", "route_node"]}}, {"pk": 193, "model": "auth.permission", "fields": {"codename": "add_scene", "name": "Can add scene", "content_type": ["db", "scene"]}}, {"pk": 194, "model": "auth.permission", "fields": {"codename": "change_scene", "name": "Can change scene", "content_type": ["db", "scene"]}}, {"pk": 195, "model": "auth.permission", "fields": {"codename": "delete_scene", "name": "Can delete scene", "content_type": ["db", "scene"]}}, {"pk": 214, "model": "auth.permission", "fields": {"codename": "add_score", "name": "Can add score", "content_type": ["db", "score"]}}, {"pk": 215, "model": "auth.permission", "fields": {"codename": "change_score", "name": "Can change score", "content_type": ["db", "score"]}}, {"pk": 216, "model": "auth.permission", "fields": {"codename": "delete_score", "name": "Can delete score", "content_type": ["db", "score"]}}, {"pk": 178, "model": "auth.permission", "fields": {"codename": "add_userprofile", "name": "Can add user profile", "content_type": ["db", "userprofile"]}}, {"pk": 179, "model": "auth.permission", "fields": {"codename": "change_userprofile", "name": "Can change user profile", "content_type": ["db", "userprofile"]}}, {"pk": 180, "model": "auth.permission", "fields": {"codename": "delete_userprofile", "name": "Can delete user profile", "content_type": ["db", "userprofile"]}}, {"pk": 148, "model": "auth.permission", "fields": {"codename": "add_file", "name": "Can add file", "content_type": ["file", "file"]}}, {"pk": 149, "model": "auth.permission", "fields": {"codename": "change_file", "name": "Can change file", "content_type": ["file", "file"]}}, {"pk": 150, "model": "auth.permission", "fields": {"codename": "delete_file", "name": "Can delete file", "content_type": ["file", "file"]}}, {"pk": 142, "model": "auth.permission", "fields": {"codename": "add_link", "name": "Can add link", "content_type": ["link", "link"]}}, {"pk": 143, "model": "auth.permission", "fields": {"codename": "change_link", "name": "Can change link", "content_type": ["link", "link"]}}, {"pk": 144, "model": "auth.permission", "fields": {"codename": "delete_link", "name": "Can delete link", "content_type": ["link", "link"]}}, {"pk": 136, "model": "auth.permission", "fields": {"codename": "add_cachekey", "name": "Can add cache key", "content_type": ["menus", "cachekey"]}}, {"pk": 137, "model": "auth.permission", "fields": {"codename": "change_cachekey", "name": "Can change cache key", "content_type": ["menus", "cachekey"]}}, {"pk": 138, "model": "auth.permission", "fields": {"codename": "delete_cachekey", "name": "Can delete cache key", "content_type": ["menus", "cachekey"]}}, {"pk": 169, "model": "auth.permission", "fields": {"codename": "add_article", "name": "Can add article", "content_type": ["newsletter", "article"]}}, {"pk": 170, "model": "auth.permission", "fields": {"codename": "change_article", "name": "Can change article", "content_type": ["newsletter", "article"]}}, {"pk": 171, "model": "auth.permission", "fields": {"codename": "delete_article", "name": "Can delete article", "content_type": ["newsletter", "article"]}}, {"pk": 160, "model": "auth.permission", "fields": {"codename": "add_emailtemplate", "name": "Can add e-mail template", "content_type": ["newsletter", "emailtemplate"]}}, {"pk": 161, "model": "auth.permission", "fields": {"codename": "change_emailtemplate", "name": "Can change e-mail template", "content_type": ["newsletter", "emailtemplate"]}}, {"pk": 162, "model": "auth.permission", "fields": {"codename": "delete_emailtemplate", "name": "Can delete e-mail template", "content_type": ["newsletter", "emailtemplate"]}}, {"pk": 172, "model": "auth.permission", "fields": {"codename": "add_message", "name": "Can add message", "content_type": ["newsletter", "message"]}}, {"pk": 173, "model": "auth.permission", "fields": {"codename": "change_message", "name": "Can change message", "content_type": ["newsletter", "message"]}}, {"pk": 174, "model": "auth.permission", "fields": {"codename": "delete_message", "name": "Can delete message", "content_type": ["newsletter", "message"]}}, {"pk": 163, "model": "auth.permission", "fields": {"codename": "add_newsletter", "name": "Can add newsletter", "content_type": ["newsletter", "newsletter"]}}, {"pk": 164, "model": "auth.permission", "fields": {"codename": "change_newsletter", "name": "Can change newsletter", "content_type": ["newsletter", "newsletter"]}}, {"pk": 165, "model": "auth.permission", "fields": {"codename": "delete_newsletter", "name": "Can delete newsletter", "content_type": ["newsletter", "newsletter"]}}, {"pk": 175, "model": "auth.permission", "fields": {"codename": "add_submission", "name": "Can add submission", "content_type": ["newsletter", "submission"]}}, {"pk": 176, "model": "auth.permission", "fields": {"codename": "change_submission", "name": "Can change submission", "content_type": ["newsletter", "submission"]}}, {"pk": 177, "model": "auth.permission", "fields": {"codename": "delete_submission", "name": "Can delete submission", "content_type": ["newsletter", "submission"]}}, {"pk": 166, "model": "auth.permission", "fields": {"codename": "add_subscription", "name": "Can add subscription", "content_type": ["newsletter", "subscription"]}}, {"pk": 167, "model": "auth.permission", "fields": {"codename": "change_subscription", "name": "Can change subscription", "content_type": ["newsletter", "subscription"]}}, {"pk": 168, "model": "auth.permission", "fields": {"codename": "delete_subscription", "name": "Can delete subscription", "content_type": ["newsletter", "subscription"]}}, {"pk": 145, "model": "auth.permission", "fields": {"codename": "add_picture", "name": "Can add picture", "content_type": ["picture", "picture"]}}, {"pk": 146, "model": "auth.permission", "fields": {"codename": "change_picture", "name": "Can change picture", "content_type": ["picture", "picture"]}}, {"pk": 147, "model": "auth.permission", "fields": {"codename": "delete_picture", "name": "Can delete picture", "content_type": ["picture", "picture"]}}, {"pk": 56, "model": "auth.permission", "fields": {"codename": "add_session", "name": "Can add session", "content_type": ["sessions", "session"]}}, {"pk": 57, "model": "auth.permission", "fields": {"codename": "change_session", "name": "Can change session", "content_type": ["sessions", "session"]}}, {"pk": 58, "model": "auth.permission", "fields": {"codename": "delete_session", "name": "Can delete session", "content_type": ["sessions", "session"]}}, {"pk": 59, "model": "auth.permission", "fields": {"codename": "add_site", "name": "Can add site", "content_type": ["sites", "site"]}}, {"pk": 60, "model": "auth.permission", "fields": {"codename": "change_site", "name": "Can change site", "content_type": ["sites", "site"]}}, {"pk": 61, "model": "auth.permission", "fields": {"codename": "delete_site", "name": "Can delete site", "content_type": ["sites", "site"]}}, {"pk": 84, "model": "auth.permission", "fields": {"codename": "add_migrationhistory", "name": "Can add migration history", "content_type": ["south", "migrationhistory"]}}, {"pk": 85, "model": "auth.permission", "fields": {"codename": "change_migrationhistory", "name": "Can change migration history", "content_type": ["south", "migrationhistory"]}}, {"pk": 86, "model": "auth.permission", "fields": {"codename": "delete_migrationhistory", "name": "Can delete migration history", "content_type": ["south", "migrationhistory"]}}, {"pk": 78, "model": "auth.permission", "fields": {"codename": "add_tag", "name": "Can add tag", "content_type": ["tagging", "tag"]}}, {"pk": 79, "model": "auth.permission", "fields": {"codename": "change_tag", "name": "Can change tag", "content_type": ["tagging", "tag"]}}, {"pk": 80, "model": "auth.permission", "fields": {"codename": "delete_tag", "name": "Can delete tag", "content_type": ["tagging", "tag"]}}, {"pk": 81, "model": "auth.permission", "fields": {"codename": "add_taggeditem", "name": "Can add tagged item", "content_type": ["tagging", "taggeditem"]}}, {"pk": 82, "model": "auth.permission", "fields": {"codename": "change_taggeditem", "name": "Can change tagged item", "content_type": ["tagging", "taggeditem"]}}, {"pk": 83, "model": "auth.permission", "fields": {"codename": "delete_taggeditem", "name": "Can delete tagged item", "content_type": ["tagging", "taggeditem"]}}, {"pk": 87, "model": "auth.permission", "fields": {"codename": "add_apiaccess", "name": "Can add api access", "content_type": ["tastypie", "apiaccess"]}}, {"pk": 88, "model": "auth.permission", "fields": {"codename": "change_apiaccess", "name": "Can change api access", "content_type": ["tastypie", "apiaccess"]}}, {"pk": 89, "model": "auth.permission", "fields": {"codename": "delete_apiaccess", "name": "Can delete api access", "content_type": ["tastypie", "apiaccess"]}}, {"pk": 90, "model": "auth.permission", "fields": {"codename": "add_apikey", "name": "Can add api key", "content_type": ["tastypie", "apikey"]}}, {"pk": 91, "model": "auth.permission", "fields": {"codename": "change_apikey", "name": "Can change api key", "content_type": ["tastypie", "apikey"]}}, {"pk": 92, "model": "auth.permission", "fields": {"codename": "delete_apikey", "name": "Can delete api key", "content_type": ["tastypie", "apikey"]}}, {"pk": 139, "model": "auth.permission", "fields": {"codename": "add_text", "name": "Can add text", "content_type": ["text", "text"]}}, {"pk": 140, "model": "auth.permission", "fields": {"codename": "change_text", "name": "Can change text", "content_type": ["text", "text"]}}, {"pk": 141, "model": "auth.permission", "fields": {"codename": "delete_text", "name": "Can delete text", "content_type": ["text", "text"]}}, {"pk": 154, "model": "auth.permission", "fields": {"codename": "add_twitterrecententries", "name": "Can add twitter recent entries", "content_type": ["twitter", "twitterrecententries"]}}, {"pk": 155, "model": "auth.permission", "fields": {"codename": "change_twitterrecententries", "name": "Can change twitter recent entries", "content_type": ["twitter", "twitterrecententries"]}}, {"pk": 156, "model": "auth.permission", "fields": {"codename": "delete_twitterrecententries", "name": "Can delete twitter recent entries", "content_type": ["twitter", "twitterrecententries"]}}, {"pk": 157, "model": "auth.permission", "fields": {"codename": "add_twittersearch", "name": "Can add twitter search", "content_type": ["twitter", "twittersearch"]}}, {"pk": 158, "model": "auth.permission", "fields": {"codename": "change_twittersearch", "name": "Can change twitter search", "content_type": ["twitter", "twittersearch"]}}, {"pk": 159, "model": "auth.permission", "fields": {"codename": "delete_twittersearch", "name": "Can delete twitter search", "content_type": ["twitter", "twittersearch"]}}, {"pk": 151, "model": "auth.permission", "fields": {"codename": "add_video", "name": "Can add video", "content_type": ["video", "video"]}}, {"pk": 152, "model": "auth.permission", "fields": {"codename": "change_video", "name": "Can change video", "content_type": ["video", "video"]}}, {"pk": 153, "model": "auth.permission", "fields": {"codename": "delete_video", "name": "Can delete video", "content_type": ["video", "video"]}}, {"pk": 75, "model": "auth.permission", "fields": {"codename": "add_game", "name": "Can add game", "content_type": ["web", "game"]}}, {"pk": 76, "model": "auth.permission", "fields": {"codename": "change_game", "name": "Can change game", "content_type": ["web", "game"]}}, {"pk": 77, "model": "auth.permission", "fields": {"codename": "delete_game", "name": "Can delete game", "content_type": ["web", "game"]}}, {"pk": 72, "model": "auth.permission", "fields": {"codename": "add_userprofile", "name": "Can add user profile", "content_type": ["web", "userprofile"]}}, {"pk": 73, "model": "auth.permission", "fields": {"codename": "change_userprofile", "name": "Can change user profile", "content_type": ["web", "userprofile"]}}, {"pk": 74, "model": "auth.permission", "fields": {"codename": "delete_userprofile", "name": "Can delete user profile", "content_type": ["web", "userprofile"]}}, {"pk": 96, "model": "auth.permission", "fields": {"codename": "add_category", "name": "Can add category", "content_type": ["zinnia", "category"]}}, {"pk": 97, "model": "auth.permission", "fields": {"codename": "change_category", "name": "Can change category", "content_type": ["zinnia", "category"]}}, {"pk": 98, "model": "auth.permission", "fields": {"codename": "delete_category", "name": "Can delete category", "content_type": ["zinnia", "category"]}}, {"pk": 99, "model": "auth.permission", "fields": {"codename": "add_entry", "name": "Can add entry", "content_type": ["zinnia", "entry"]}}, {"pk": 104, "model": "auth.permission", "fields": {"codename": "can_change_author", "name": "Can change author(s)", "content_type": ["zinnia", "entry"]}}, {"pk": 103, "model": "auth.permission", "fields": {"codename": "can_change_status", "name": "Can change status", "content_type": ["zinnia", "entry"]}}, {"pk": 102, "model": "auth.permission", "fields": {"codename": "can_view_all", "name": "Can view all entries", "content_type": ["zinnia", "entry"]}}, {"pk": 100, "model": "auth.permission", "fields": {"codename": "change_entry", "name": "Can change entry", "content_type": ["zinnia", "entry"]}}, {"pk": 101, "model": "auth.permission", "fields": {"codename": "delete_entry", "name": "Can delete entry", "content_type": ["zinnia", "entry"]}}, {"pk": 2, "model": "auth.user", "fields": {"username": "dani.gonzalez@infantium.com", "first_name": "Daniel", "last_name": "Gonzalez", "is_active": true, "is_superuser": false, "is_staff": false, "last_login": "2012-08-30T16:26:52.551Z", "groups": [], "user_permissions": [], "password": "pbkdf2_sha256$10000$c9GYlA6JxcH7$fhsvlycmS5ErR0m31aeI5EqGAF+krOJv2/QEsSF31/I=", "email": "dani.gonzalez@infantium.com", "date_joined": "2012-08-24T15:48:28Z"}}, {"pk": 3, "model": "auth.user", "fields": {"username": "testplayer@infantium.com", "first_name": "Test", "last_name": "Player", "is_active": true, "is_superuser": false, "is_staff": false, "last_login": "2012-09-13T14:25:24.832Z", "groups": [], "user_permissions": [], "password": "pbkdf2_sha256$10000$Bd1jCl1YtfZ6$+b8PaDn0fD4V1uCUZiZPJWytVt0iHrHGbrkCB6Uh4DU=", "email": "testplayer@infantium.com", "date_joined": "2012-08-30T18:44:01Z"}}, {"pk": 1, "model": "auth.user", "fields": {"username": "admin", "first_name": "", "last_name": "", "is_active": true, "is_superuser": true, "is_staff": true, "last_login": "2012-09-16T05:14:17.902Z", "groups": [], "user_permissions": [], "password": "pbkdf2_sha256$10000$hGymkpReukMw$m15kyUvDR1zA37HBGXekEyeS8rlIFYPgnCuP6II6Yts=", "email": "dani.gonzalez@infantium.com", "date_joined": "2012-08-24T14:52:49.172Z"}}, {"pk": 47, "model": "admin.logentry", "fields": {"action_flag": 2, "action_time": "2012-09-14T19:45:04.915Z", "object_repr": "T\u00e9rminos de Uso", "object_id": "7", "change_message": "Modificado/a moderator_state.", "user": ["admin"], "content_type": ["cms", "page"]}}, {"pk": 46, "model": "admin.logentry", "fields": {"action_flag": 2, "action_time": "2012-09-14T19:04:20.232Z", "object_repr": "Contacto", "object_id": "6", "change_message": "Modificado/a moderator_state.", "user": ["admin"], "content_type": ["cms", "page"]}}, {"pk": 45, "model": "admin.logentry", "fields": {"action_flag": 2, "action_time": "2012-09-14T18:59:24.586Z", "object_repr": "Contacto", "object_id": "6", "change_message": "Modificado/a moderator_state.", "user": ["admin"], "content_type": ["cms", "page"]}}, {"pk": 44, "model": "admin.logentry", "fields": {"action_flag": 2, "action_time": "2012-09-14T18:58:26.586Z", "object_repr": "T\u00e9rminos de Uso", "object_id": "7", "change_message": "Modificado/a language y moderator_state.", "user": ["admin"], "content_type": ["cms", "page"]}}, {"pk": 43, "model": "admin.logentry", "fields": {"action_flag": 2, "action_time": "2012-09-14T18:48:45.929Z", "object_repr": "T\u00e9rminos de Uso", "object_id": "7", "change_message": "Modificado/a page_title, meta_description, meta_keywords y moderator_state.", "user": ["admin"], "content_type": ["cms", "page"]}}, {"pk": 42, "model": "admin.logentry", "fields": {"action_flag": 2, "action_time": "2012-09-14T18:47:22.901Z", "object_repr": "T\u00e9rminos de Uso", "object_id": "7", "change_message": "Modificado/a page_title, meta_description, meta_keywords, language y moderator_state.", "user": ["admin"], "content_type": ["cms", "page"]}}, {"pk": 41, "model": "admin.logentry", "fields": {"action_flag": 2, "action_time": "2012-09-14T12:01:31.377Z", "object_repr": "Infantium Apps", "object_id": "4", "change_message": "Changed meta_description, meta_keywords and moderator_state.", "user": ["admin"], "content_type": ["cms", "page"]}}, {"pk": 40, "model": "admin.logentry", "fields": {"action_flag": 2, "action_time": "2012-09-14T11:48:43.179Z", "object_repr": "Infantium Apps", "object_id": "4", "change_message": "Changed meta_description, meta_keywords and moderator_state.", "user": ["admin"], "content_type": ["cms", "page"]}}, {"pk": 39, "model": "admin.logentry", "fields": {"action_flag": 2, "action_time": "2012-09-14T11:47:55.215Z", "object_repr": "Infantium Apps", "object_id": "4", "change_message": "Changed page_title and moderator_state.", "user": ["admin"], "content_type": ["cms", "page"]}}, {"pk": 38, "model": "admin.logentry", "fields": {"action_flag": 2, "action_time": "2012-09-14T11:47:10.019Z", "object_repr": "Infantium Apps", "object_id": "4", "change_message": "Changed moderator_state.", "user": ["admin"], "content_type": ["cms", "page"]}}, {"pk": 37, "model": "admin.logentry", "fields": {"action_flag": 2, "action_time": "2012-09-14T11:46:23.445Z", "object_repr": "Infantium Apps", "object_id": "4", "change_message": "Changed application_urls and moderator_state.", "user": ["admin"], "content_type": ["cms", "page"]}}, {"pk": 36, "model": "admin.logentry", "fields": {"action_flag": 2, "action_time": "2012-09-14T11:45:57.189Z", "object_repr": "Infantium Method", "object_id": "2", "change_message": "Changed page_title and moderator_state.", "user": ["admin"], "content_type": ["cms", "page"]}}, {"pk": 35, "model": "admin.logentry", "fields": {"action_flag": 2, "action_time": "2012-09-14T11:44:38.749Z", "object_repr": "Infantium Apps", "object_id": "4", "change_message": "Changed application_urls and moderator_state.", "user": ["admin"], "content_type": ["cms", "page"]}}, {"pk": 34, "model": "admin.logentry", "fields": {"action_flag": 2, "action_time": "2012-09-14T11:44:06.309Z", "object_repr": "Infantium Apps", "object_id": "4", "change_message": "Changed language and moderator_state.", "user": ["admin"], "content_type": ["cms", "page"]}}, {"pk": 33, "model": "admin.logentry", "fields": {"action_flag": 1, "action_time": "2012-08-30T19:17:53.342Z", "object_repr": "Game object", "object_id": "1", "change_message": "", "user": ["admin"], "content_type": ["db", "game"]}}, {"pk": 32, "model": "admin.logentry", "fields": {"action_flag": 2, "action_time": "2012-08-30T19:16:18.971Z", "object_repr": "Player object", "object_id": "1", "change_message": "No fields changed.", "user": ["admin"], "content_type": ["db", "player"]}}, {"pk": 31, "model": "admin.logentry", "fields": {"action_flag": 1, "action_time": "2012-08-30T19:16:14.866Z", "object_repr": "Player object", "object_id": "1", "change_message": "", "user": ["admin"], "content_type": ["db", "player"]}}, {"pk": 30, "model": "admin.logentry", "fields": {"action_flag": 2, "action_time": "2012-08-30T18:54:03.175Z", "object_repr": "UserProfile object", "object_id": "1", "change_message": "Changed sex, country_code and image.", "user": ["admin"], "content_type": ["db", "userprofile"]}}, {"pk": 29, "model": "admin.logentry", "fields": {"action_flag": 2, "action_time": "2012-08-30T18:44:35.643Z", "object_repr": "testplayer@infantium.com", "object_id": "3", "change_message": "Changed password.", "user": ["admin"], "content_type": ["auth", "user"]}}, {"pk": 28, "model": "admin.logentry", "fields": {"action_flag": 2, "action_time": "2012-08-30T18:44:32.931Z", "object_repr": "testplayer@infantium.com", "object_id": "3", "change_message": "Changed password, first_name, last_name and email.", "user": ["admin"], "content_type": ["auth", "user"]}}, {"pk": 27, "model": "admin.logentry", "fields": {"action_flag": 1, "action_time": "2012-08-30T18:44:02.096Z", "object_repr": "testplayer@infantium.com", "object_id": "3", "change_message": "", "user": ["admin"], "content_type": ["auth", "user"]}}, {"pk": 26, "model": "admin.logentry", "fields": {"action_flag": 2, "action_time": "2012-08-30T15:34:21.133Z", "object_repr": "T\u00e9rminos de Uso", "object_id": "7", "change_message": "Changed login_required and moderator_state.", "user": ["admin"], "content_type": ["cms", "page"]}}, {"pk": 25, "model": "admin.logentry", "fields": {"action_flag": 2, "action_time": "2012-08-30T15:34:04.047Z", "object_repr": "Qui\u00e9nes Somos", "object_id": "5", "change_message": "Changed login_required and moderator_state.", "user": ["admin"], "content_type": ["cms", "page"]}}, {"pk": 24, "model": "admin.logentry", "fields": {"action_flag": 2, "action_time": "2012-08-30T15:33:40.805Z", "object_repr": "Infantium Apps", "object_id": "4", "change_message": "Changed login_required and moderator_state.", "user": ["admin"], "content_type": ["cms", "page"]}}, {"pk": 23, "model": "admin.logentry", "fields": {"action_flag": 2, "action_time": "2012-08-30T15:33:24.831Z", "object_repr": "Infantium Method", "object_id": "2", "change_message": "Changed template, login_required and moderator_state.", "user": ["admin"], "content_type": ["cms", "page"]}}, {"pk": 22, "model": "admin.logentry", "fields": {"action_flag": 2, "action_time": "2012-08-30T15:33:03.966Z", "object_repr": "Contacto", "object_id": "6", "change_message": "Changed login_required and moderator_state.", "user": ["admin"], "content_type": ["cms", "page"]}}, {"pk": 21, "model": "admin.logentry", "fields": {"action_flag": 2, "action_time": "2012-08-30T15:21:47.635Z", "object_repr": "T\u00e9rminos de Uso", "object_id": "7", "change_message": "Changed title, slug, published, reverse_id and moderator_state.", "user": ["admin"], "content_type": ["cms", "page"]}}, {"pk": 20, "model": "admin.logentry", "fields": {"action_flag": 1, "action_time": "2012-08-30T15:16:12.382Z", "object_repr": "T\u00e9rminos de Uso", "object_id": "7", "change_message": "", "user": ["admin"], "content_type": ["cms", "page"]}}, {"pk": 19, "model": "admin.logentry", "fields": {"action_flag": 2, "action_time": "2012-08-30T15:15:25.726Z", "object_repr": "Contacto", "object_id": "6", "change_message": "Changed title, slug, published, reverse_id and moderator_state.", "user": ["admin"], "content_type": ["cms", "page"]}}, {"pk": 18, "model": "admin.logentry", "fields": {"action_flag": 1, "action_time": "2012-08-30T15:13:49.987Z", "object_repr": "Contacto", "object_id": "6", "change_message": "", "user": ["admin"], "content_type": ["cms", "page"]}}, {"pk": 17, "model": "admin.logentry", "fields": {"action_flag": 2, "action_time": "2012-08-30T15:13:26.164Z", "object_repr": "Qui\u00e9nes Somos", "object_id": "5", "change_message": "Changed reverse_id, language and moderator_state.", "user": ["admin"], "content_type": ["cms", "page"]}}, {"pk": 16, "model": "admin.logentry", "fields": {"action_flag": 2, "action_time": "2012-08-30T15:12:43.275Z", "object_repr": "Qui\u00e9nes Somos", "object_id": "5", "change_message": "Changed title, slug, published and moderator_state.", "user": ["admin"], "content_type": ["cms", "page"]}}, {"pk": 15, "model": "admin.logentry", "fields": {"action_flag": 1, "action_time": "2012-08-30T15:10:19.694Z", "object_repr": "Qui\u00e9nes Somos", "object_id": "5", "change_message": "", "user": ["admin"], "content_type": ["cms", "page"]}}, {"pk": 14, "model": "admin.logentry", "fields": {"action_flag": 2, "action_time": "2012-08-30T15:09:41.698Z", "object_repr": "Infantium Apps", "object_id": "4", "change_message": "Changed language and moderator_state.", "user": ["admin"], "content_type": ["cms", "page"]}}, {"pk": 13, "model": "admin.logentry", "fields": {"action_flag": 2, "action_time": "2012-08-30T15:09:00.441Z", "object_repr": "Infantium Apps", "object_id": "4", "change_message": "Changed moderator_state.", "user": ["admin"], "content_type": ["cms", "page"]}}, {"pk": 12, "model": "admin.logentry", "fields": {"action_flag": 2, "action_time": "2012-08-30T15:07:16.755Z", "object_repr": "Infantium Apps", "object_id": "4", "change_message": "Changed title, slug, published, reverse_id and moderator_state.", "user": ["admin"], "content_type": ["cms", "page"]}}, {"pk": 11, "model": "admin.logentry", "fields": {"action_flag": 1, "action_time": "2012-08-30T15:05:35.386Z", "object_repr": "Infantium Apps", "object_id": "4", "change_message": "", "user": ["admin"], "content_type": ["cms", "page"]}}, {"pk": 10, "model": "admin.logentry", "fields": {"action_flag": 2, "action_time": "2012-08-24T16:23:54.462Z", "object_repr": "Infantium Method", "object_id": "2", "change_message": "Modificado/a slug, language y moderator_state.", "user": ["admin"], "content_type": ["cms", "page"]}}, {"pk": 9, "model": "admin.logentry", "fields": {"action_flag": 2, "action_time": "2012-08-24T16:23:37.279Z", "object_repr": "M\u00e9todo Infantium", "object_id": "2", "change_message": "Modificado/a moderator_state.", "user": ["admin"], "content_type": ["cms", "page"]}}, {"pk": 8, "model": "admin.logentry", "fields": {"action_flag": 2, "action_time": "2012-08-24T15:48:48.775Z", "object_repr": "dani.gonzalez@infantium.com", "object_id": "2", "change_message": "Modificado/a password, first_name, last_name y email.", "user": ["admin"], "content_type": ["auth", "user"]}}, {"pk": 7, "model": "admin.logentry", "fields": {"action_flag": 1, "action_time": "2012-08-24T15:48:28.946Z", "object_repr": "dani.gonzalez@infantium.com", "object_id": "2", "change_message": "", "user": ["admin"], "content_type": ["auth", "user"]}}, {"pk": 6, "model": "admin.logentry", "fields": {"action_flag": 1, "action_time": "2012-08-24T15:11:01.027Z", "object_repr": "Infantium Newsletter", "object_id": "1", "change_message": "", "user": ["admin"], "content_type": ["newsletter", "newsletter"]}}, {"pk": 5, "model": "admin.logentry", "fields": {"action_flag": 1, "action_time": "2012-08-24T15:10:58.995Z", "object_repr": "Mensaje 'Default'", "object_id": "4", "change_message": "", "user": ["admin"], "content_type": ["newsletter", "emailtemplate"]}}, {"pk": 4, "model": "admin.logentry", "fields": {"action_flag": 1, "action_time": "2012-08-24T15:10:40.396Z", "object_repr": "Update 'Default'", "object_id": "3", "change_message": "", "user": ["admin"], "content_type": ["newsletter", "emailtemplate"]}}, {"pk": 3, "model": "admin.logentry", "fields": {"action_flag": 1, "action_time": "2012-08-24T15:10:22.511Z", "object_repr": "Unsubscribe 'Default'", "object_id": "2", "change_message": "", "user": ["admin"], "content_type": ["newsletter", "emailtemplate"]}}, {"pk": 2, "model": "admin.logentry", "fields": {"action_flag": 1, "action_time": "2012-08-24T15:09:51.824Z", "object_repr": "infantium.com", "object_id": "2", "change_message": "", "user": ["admin"], "content_type": ["sites", "site"]}}, {"pk": 1, "model": "admin.logentry", "fields": {"action_flag": 1, "action_time": "2012-08-24T15:09:29.079Z", "object_repr": "Subscribe 'Default'", "object_id": "1", "change_message": "", "user": ["admin"], "content_type": ["newsletter", "emailtemplate"]}}, {"pk": 1, "model": "tastypie.apikey", "fields": {"user": ["testplayer@infantium.com"], "key": "7f0c9fd725ccee491cc77f7d4fca00c01d852dd9", "created": "2012-08-30T18:44:02.063Z"}}, {"pk": 1, "model": "db.userprofile", "fields": {"deleted": false, "image": "users/avatars/painting.png", "creation_time": "2012-08-30T18:44:02.050Z", "sex": "m", "modification_time": "2012-08-30T18:54:03.157Z", "meta": "{}", "user": ["testplayer@infantium.com"], "country_code": "es"}}]